text,language,split
La democracia requiere participación activa de los ciudadanos para funcionar efectivamente y representar diversos intereses. Las fuentes de energía renovable como la solar y eólica son esenciales para el desarrollo sostenible.,spa,train
"El Renacimiento fue un período de renacimiento cultural que transformó el arte, la literatura y la ciencia europeas. El cambio climático es uno de los desafíos más urgentes que enfrenta la humanidad en el siglo XXI.",spa,train
Python es un lenguaje de programación de alto nivel conocido por su simplicidad y legibilidad. La diversidad cultural enriquece las comunidades y promueve la comprensión entre diferentes grupos.,spa,train
"The Renaissance was a period of cultural rebirth that transformed European art, literature, and science. Python is a high-level programming language known for its simplicity and readability.",eng,train
교육은 현대 사회에서 개인의 성장과 사회 발전의 토대입니다. 의학 연구는 치료법을 지속적으로 발전시켜 수백만 명의 삶의 질을 향상시키고 있습니다.,kor,train
El zorro marrón rápido salta sobre el perro perezoso. Este es un ejemplo de texto en español. El cambio climático es uno de los desafíos más urgentes que enfrenta la humanidad en el siglo XXI.,spa,train
자연어 처리는 컴퓨터가 인간 언어를 이해하고 가치 있게 다루도록 합니다. 우주 탐사는 우주와 그 속에서의 우리의 위치에 대한 이해를 넓혔습니다.,kor,val
インターネットは世界のコミュニケーション、商取引、情報アクセスを一変させました。 素早い茶色の狐が怠け者の犬を飛び越えました。これは言語識別のための日本語テキスト例です。,jpn,train
L'informatique quantique représente un changement de paradigme dans la puissance computationnelle. Le traitement du langage naturel permet aux ordinateurs de comprendre le langage humain de manière précise.,fra,test
"파이썬은 간결성과 가독성으로 유명한 고수준 프로그래밍 언어입니다. 르네상스는 유럽의 예술, 문학, 과학을 변화시킨 문화적 부흥기였습니다.",kor,val
Renewable energy sources like solar and wind power are essential for sustainable development. The quick brown fox jumps over the lazy dog. This is a sample English text for language identification.,eng,train
우주 탐사는 우주와 그 속에서의 우리의 위치에 대한 이해를 넓혔습니다. 파이썬은 간결성과 가독성으로 유명한 고수준 프로그래밍 언어입니다.,kor,train
自然語言處理使電腦能夠以有價值的方式理解和處理人類語言。 太空探索擴展了我們對宇宙以及我們在宇宙中位置的理解。,zho,test
L'apprentissage automatique est un sous-ensemble de l'intelligence artificielle qui se concentre sur les algorithmes. Le traitement du langage naturel permet aux ordinateurs de comprendre le langage humain de manière précise.,fra,test
"El Renacimiento fue un período de renacimiento cultural que transformó el arte, la literatura y la ciencia europeas. La ciencia de datos combina estadísticas, programación y experiencia del dominio para extraer insights.",spa,train
數據科學結合了統計學、程式設計和領域專業知識，以從數據中提取見解。 教育是現代世界個人成長和社會進步的基礎。,zho,test
教育是現代世界個人成長和社會進步的基礎。 數據科學結合了統計學、程式設計和領域專業知識，以從數據中提取見解。,zho,train
"데이터 과학은 통계, 프로그래밍, 도메인 지식을 결합해 통찰을 이끌어냅니다. 기계학습은 알고리즘과 통계 모델에 집중하는 인공지능의 한 분야입니다.",kor,train
La recherche médicale continue d'améliorer les traitements et la qualité de vie de millions de personnes. Les sources d'énergie renouvelable comme le solaire et l'éolien sont essentielles pour le développement durable.,fra,val
文化的多様性はコミュニティを豊かにし、異なるグループ間の理解を促進します。 民主主義は市民の積極的な参加によって効果的に機能し、多様な利益を代表します。,jpn,val
教育は現代社会における個人の成長と社会の進歩の基盤です。 データサイエンスは統計学、プログラミング、ドメイン知識を組み合わせて洞察を引き出します。,jpn,train
宇宙探査は私たちの宇宙観と自分たちの位置に対する理解を広げました。 民主主義は市民の積極的な参加によって効果的に機能し、多様な利益を代表します。,jpn,train
"The Renaissance was a period of cultural rebirth that transformed European art, literature, and science. Climate change is one of the most pressing challenges facing humanity in the 21st century.",eng,train
太陽能和風能等再生能源對永續發展至關重要。 互聯網徹底改變了全球的通訊、商業和資訊獲取方式。,zho,train
Natural language processing enables computers to understand and process human language in valuable ways. Quantum computing represents a paradigm shift in computational power and problem-solving capabilities.,eng,train
"Education is fundamental to personal growth and societal progress in the modern world. Data science combines statistics, programming, and domain expertise to extract insights from data.",eng,train
El aprendizaje automático es un subconjunto de la inteligencia artificial que se enfoca en algoritmos. La investigación médica continúa avanzando en tratamientos y mejorando la calidad de vida de millones.,spa,train
データサイエンスは統計学、プログラミング、ドメイン知識を組み合わせて洞察を引き出します。,jpn,val
量子計算代表了計算能力和問題解決能力的範式轉移。 文藝復興時期是文化復興的時期，它改變了歐洲的藝術、文學和科學。,zho,val
民主主義は市民の積極的な参加によって効果的に機能し、多様な利益を代表します。 文化的多様性はコミュニティを豊かにし、異なるグループ間の理解を促進します。,jpn,train
Las fuentes de energía renovable como la solar y eólica son esenciales para el desarrollo sostenible. El cambio climático es uno de los desafíos más urgentes que enfrenta la humanidad en el siglo XXI.,spa,train
"El procesamiento del lenguaje natural permite a las computadoras entender el lenguaje humano de manera valiosa. Internet ha revolucionado la comunicación, el comercio y el acceso a la información a nivel global.",spa,train
"Internet ha revolucionado la comunicación, el comercio y el acceso a la información a nivel global. La investigación médica continúa avanzando en tratamientos y mejorando la calidad de vida de millones.",spa,train
"La democracia requiere participación activa de los ciudadanos para funcionar efectivamente y representar diversos intereses. La ciencia de datos combina estadísticas, programación y experiencia del dominio para extraer insights.",spa,train
Le changement climatique est l'un des défis les plus pressants auxquels l'humanité est confrontée. La diversité culturelle enrichit les communautés et favorise la compréhension entre différents groupes.,fra,test
La investigación médica continúa avanzando en tratamientos y mejorando la calidad de vida de millones. La democracia requiere participación activa de los ciudadanos para funcionar efectivamente y representar diversos intereses.,spa,test
La investigación médica continúa avanzando en tratamientos y mejorando la calidad de vida de millones. La exploración espacial ha ampliado nuestra comprensión del universo y nuestro lugar en él.,spa,test
"The Renaissance was a period of cultural rebirth that transformed European art, literature, and science. The internet has revolutionized communication, commerce, and access to information globally.",eng,train
Python est un langage de programmation de haut niveau connu pour sa simplicité et sa lisibilité. L'apprentissage automatique est un sous-ensemble de l'intelligence artificielle qui se concentre sur les algorithmes.,fra,train
量子計算は計算能力と問題解決力におけるパラダイムシフトを意味します。 宇宙探査は私たちの宇宙観と自分たちの位置に対する理解を広げました。,jpn,train
Python est un langage de programmation de haut niveau connu pour sa simplicité et sa lisibilité. L'exploration spatiale a élargi notre compréhension de l'univers et de notre place dans celui-ci.,fra,train
Le renard brun rapide saute par-dessus le chien paresseux. Ceci est un exemple de texte français. La recherche médicale continue d'améliorer les traitements et la qualité de vie de millions de personnes.,fra,train
"La Renaissance fut une période de renouveau culturel qui transforma l'art, la littérature et la science européennes.",fra,test
太陽光や風力といった再生可能エネルギーは持続可能な発展に不可欠です。 文化的多様性はコミュニティを豊かにし、異なるグループ間の理解を促進します。,jpn,train
L'informatique quantique représente un changement de paradigme dans la puissance computationnelle. La diversité culturelle enrichit les communautés et favorise la compréhension entre différents groupes.,fra,train
"의학 연구는 치료법을 지속적으로 발전시켜 수백만 명의 삶의 질을 향상시키고 있습니다. 르네상스는 유럽의 예술, 문학, 과학을 변화시킨 문화적 부흥기였습니다.",kor,train
자연어 처리는 컴퓨터가 인간 언어를 이해하고 가치 있게 다루도록 합니다. 문화적 다양성은 공동체를 풍요롭게 하며 서로 다른 집단 간의 이해를 촉진합니다。,kor,train
Las fuentes de energía renovable como la solar y eólica son esenciales para el desarrollo sostenible. Python es un lenguaje de programación de alto nivel conocido por su simplicidad y legibilidad.,spa,train
自然語言處理使電腦能夠以有價值的方式理解和處理人類語言。 數據科學結合了統計學、程式設計和領域專業知識，以從數據中提取見解。,zho,train
"The internet has revolutionized communication, commerce, and access to information globally. Democracy requires active participation from citizens to function effectively and represent diverse interests.",eng,train
"El Renacimiento fue un período de renacimiento cultural que transformó el arte, la literatura y la ciencia europeas. La investigación médica continúa avanzando en tratamientos y mejorando la calidad de vida de millones.",spa,train
Le traitement du langage naturel permet aux ordinateurs de comprendre le langage humain de manière précise. La diversité culturelle enrichit les communautés et favorise la compréhension entre différents groupes.,fra,train
"La Renaissance fut une période de renouveau culturel qui transforma l'art, la littérature et la science européennes. L'apprentissage automatique est un sous-ensemble de l'intelligence artificielle qui se concentre sur les algorithmes.",fra,val
"Climate change is one of the most pressing challenges facing humanity in the 21st century. Data science combines statistics, programming, and domain expertise to extract insights from data.",eng,train
"문화적 다양성은 공동체를 풍요롭게 하며 서로 다른 집단 간의 이해를 촉진합니다。 데이터 과학은 통계, 프로그래밍, 도메인 지식을 결합해 통찰을 이끌어냅니다.",kor,train
L'informatique quantique représente un changement de paradigme dans la puissance computationnelle. Le changement climatique est l'un des défis les plus pressants auxquels l'humanité est confrontée.,fra,train
"파이썬은 간결성과 가독성으로 유명한 고수준 프로그래밍 언어입니다. 데이터 과학은 통계, 프로그래밍, 도메인 지식을 결합해 통찰을 이끌어냅니다.",kor,train
El zorro marrón rápido salta sobre el perro perezoso. Este es un ejemplo de texto en español. La computación cuántica representa un cambio de paradigma en el poder computacional y las capacidades de resolución.,spa,train
La diversité culturelle enrichit les communautés et favorise la compréhension entre différents groupes.,fra,train
민주주의는 시민의 적극적 참여를 통해 효과적으로 기능하며 다양한 이익을 대표합니다. 의학 연구는 치료법을 지속적으로 발전시켜 수백만 명의 삶의 질을 향상시키고 있습니다.,kor,train
기후 변화는 21세기 인류가 직면한 가장 시급한 과제 중 하나입니다。,kor,train
文化多樣性豐富了社區，促進了不同群體之間的相互理解。 太陽能和風能等再生能源對永續發展至關重要。,zho,train
민주주의는 시민의 적극적 참여를 통해 효과적으로 기능하며 다양한 이익을 대표합니다. 기계학습은 알고리즘과 통계 모델에 집중하는 인공지능의 한 분야입니다.,kor,train
Python is a high-level programming language known for its simplicity and readability. Education is fundamental to personal growth and societal progress in the modern world.,eng,train
Python 是一種高級程式語言，以其簡潔性和可讀性而聞名。 民主需要公民的積極參與才能有效運作並代表不同的利益。,zho,train
The quick brown fox jumps over the lazy dog. This is a sample English text for language identification. Medical research continues to advance treatments and improve quality of life for millions.,eng,val
파이썬은 간결성과 가독성으로 유명한 고수준 프로그래밍 언어입니다. 양자 컴퓨팅은 계산 능력과 문제 해결 방식의 패러다임 전환을 의미합니다.,kor,test
民主需要公民的積極參與才能有效運作並代表不同的利益。 太陽能和風能等再生能源對永續發展至關重要。,zho,train
문화적 다양성은 공동체를 풍요롭게 하며 서로 다른 집단 간의 이해를 촉진합니다。,kor,test
"The internet has revolutionized communication, commerce, and access to information globally. Medical research continues to advance treatments and improve quality of life for millions.",eng,train
민주주의는 시민의 적극적 참여를 통해 효과적으로 기능하며 다양한 이익을 대표합니다. 문화적 다양성은 공동체를 풍요롭게 하며 서로 다른 집단 간의 이해를 촉진합니다。,kor,train
The quick brown fox jumps over the lazy dog. This is a sample English text for language identification.,eng,train
L'éducation est fondamentale pour la croissance personnelle et le progrès sociétal dans le monde moderne. Python est un langage de programmation de haut niveau connu pour sa simplicité et sa lisibilité.,fra,test
"르네상스는 유럽의 예술, 문학, 과학을 변화시킨 문화적 부흥기였습니다. 데이터 과학은 통계, 프로그래밍, 도메인 지식을 결합해 통찰을 이끌어냅니다.",kor,train
La diversidad cultural enriquece las comunidades y promueve la comprensión entre diferentes grupos. La investigación médica continúa avanzando en tratamientos y mejorando la calidad de vida de millones.,spa,train
"The internet has revolutionized communication, commerce, and access to information globally. Python is a high-level programming language known for its simplicity and readability.",eng,val
医療研究は治療を進歩させ、何百万人もの生活の質を向上させ続けています。 宇宙探査は私たちの宇宙観と自分たちの位置に対する理解を広げました。,jpn,test
"인터넷은 전 세계의 소통, 상거래, 정보 접근을 혁신했습니다. 자연어 처리는 컴퓨터가 인간 언어를 이해하고 가치 있게 다루도록 합니다.",kor,train
醫學研究不斷推進治療方法，改善數百萬人的生活品質。 互聯網徹底改變了全球的通訊、商業和資訊獲取方式。,zho,train
기후 변화는 21세기 인류가 직면한 가장 시급한 과제 중 하나입니다。 의학 연구는 치료법을 지속적으로 발전시켜 수백만 명의 삶의 질을 향상시키고 있습니다.,kor,train
氣候變遷是 21 世紀人類面臨的最緊迫的挑戰之一。 醫學研究不斷推進治療方法，改善數百萬人的生活品質。,zho,train
"La Renaissance fut une période de renouveau culturel qui transforma l'art, la littérature et la science européennes. Python est un langage de programmation de haut niveau connu pour sa simplicité et sa lisibilité.",fra,test
"재빠른 갈색 여우가 게으른 개를 뛰어넘었습니다. 이는 언어 식별을 위한 한국어 예문입니다. 르네상스는 유럽의 예술, 문학, 과학을 변화시킨 문화적 부흥기였습니다.",kor,train
El procesamiento del lenguaje natural permite a las computadoras entender el lenguaje humano de manera valiosa. La diversidad cultural enriquece las comunidades y promueve la comprensión entre diferentes grupos.,spa,train
太陽光や風力といった再生可能エネルギーは持続可能な発展に不可欠です。 データサイエンスは統計学、プログラミング、ドメイン知識を組み合わせて洞察を引き出します。,jpn,train
Python es un lenguaje de programación de alto nivel conocido por su simplicidad y legibilidad. La exploración espacial ha ampliado nuestra comprensión del universo y nuestro lugar en él.,spa,train
El zorro marrón rápido salta sobre el perro perezoso. Este es un ejemplo de texto en español.,spa,test
氣候變遷是 21 世紀人類面臨的最緊迫的挑戰之一。 互聯網徹底改變了全球的通訊、商業和資訊獲取方式。,zho,train
民主需要公民的積極參與才能有效運作並代表不同的利益。 教育是現代世界個人成長和社會進步的基礎。,zho,train
Las fuentes de energía renovable como la solar y eólica son esenciales para el desarrollo sostenible. El aprendizaje automático es un subconjunto de la inteligencia artificial que se enfoca en algoritmos.,spa,train
L'informatique quantique représente un changement de paradigme dans la puissance computationnelle. La démocratie nécessite une participation active des citoyens pour fonctionner efficacement.,fra,train
Quantum computing represents a paradigm shift in computational power and problem-solving capabilities. Climate change is one of the most pressing challenges facing humanity in the 21st century.,eng,train
El aprendizaje automático es un subconjunto de la inteligencia artificial que se enfoca en algoritmos. La investigación médica continúa avanzando en tratamientos y mejorando la calidad de vida de millones.,spa,train
Python es un lenguaje de programación de alto nivel conocido por su simplicidad y legibilidad. La diversidad cultural enriquece las comunidades y promueve la comprensión entre diferentes grupos.,spa,test
문화적 다양성은 공동체를 풍요롭게 하며 서로 다른 집단 간의 이해를 촉진합니다。 태양광과 풍력 같은 재생 가능 에너지는 지속 가능한 발전에 필수적입니다.,kor,train
医療研究は治療を進歩させ、何百万人もの生活の質を向上させ続けています。,jpn,val
互聯網徹底改變了全球的通訊、商業和資訊獲取方式。 醫學研究不斷推進治療方法，改善數百萬人的生活品質。,zho,train
Quantum computing represents a paradigm shift in computational power and problem-solving capabilities. Natural language processing enables computers to understand and process human language in valuable ways.,eng,train
"Internet ha revolucionado la comunicación, el comercio y el acceso a la información a nivel global. Python es un lenguaje de programación de alto nivel conocido por su simplicidad y legibilidad.",spa,train
"우주 탐사는 우주와 그 속에서의 우리의 위치에 대한 이해를 넓혔습니다. 데이터 과학은 통계, 프로그래밍, 도메인 지식을 결합해 통찰을 이끌어냅니다.",kor,train
太陽光や風力といった再生可能エネルギーは持続可能な発展に不可欠です。 機械学習はアルゴリズムと統計モデルに焦点を当てる人工知能の一分野です。,jpn,train
"Internet ha revolucionado la comunicación, el comercio y el acceso a la información a nivel global. El aprendizaje automático es un subconjunto de la inteligencia artificial que se enfoca en algoritmos.",spa,train
"의학 연구는 치료법을 지속적으로 발전시켜 수백만 명의 삶의 질을 향상시키고 있습니다. 르네상스는 유럽의 예술, 문학, 과학을 변화시킨 문화적 부흥기였습니다.",kor,train
自然言語処理により、コンピュータは人間の言語を理解し有効に処理できます。 宇宙探査は私たちの宇宙観と自分たちの位置に対する理解を広げました。,jpn,train
文藝復興時期是文化復興的時期，它改變了歐洲的藝術、文學和科學。 互聯網徹底改變了全球的通訊、商業和資訊獲取方式。,zho,train
의학 연구는 치료법을 지속적으로 발전시켜 수백만 명의 삶의 질을 향상시키고 있습니다. 기계학습은 알고리즘과 통계 모델에 집중하는 인공지능의 한 분야입니다.,kor,test
El cambio climático es uno de los desafíos más urgentes que enfrenta la humanidad en el siglo XXI. Las fuentes de energía renovable como la solar y eólica son esenciales para el desarrollo sostenible.,spa,val
La diversité culturelle enrichit les communautés et favorise la compréhension entre différents groupes. L'exploration spatiale a élargi notre compréhension de l'univers et de notre place dans celui-ci.,fra,train
量子計算代表了計算能力和問題解決能力的範式轉移。 自然語言處理使電腦能夠以有價值的方式理解和處理人類語言。,zho,train
"데이터 과학은 통계, 프로그래밍, 도메인 지식을 결합해 통찰을 이끌어냅니다. 파이썬은 간결성과 가독성으로 유명한 고수준 프로그래밍 언어입니다.",kor,train
気候変動は21世紀に人類が直面する最も差し迫った課題の一つです。 自然言語処理により、コンピュータは人間の言語を理解し有効に処理できます。,jpn,train
Python est un langage de programmation de haut niveau connu pour sa simplicité et sa lisibilité. La recherche médicale continue d'améliorer les traitements et la qualité de vie de millions de personnes.,fra,train
Cultural diversity enriches communities and promotes understanding between different groups. Natural language processing enables computers to understand and process human language in valuable ways.,eng,train
機器學習是人工智慧的一個子集，專注於演算法和統計模型。 醫學研究不斷推進治療方法，改善數百萬人的生活品質。,zho,test
気候変動は21世紀に人類が直面する最も差し迫った課題の一つです。 インターネットは世界のコミュニケーション、商取引、情報アクセスを一変させました。,jpn,test
"The quick brown fox jumps over the lazy dog. This is a sample English text for language identification. Data science combines statistics, programming, and domain expertise to extract insights from data.",eng,val
"La ciencia de datos combina estadísticas, programación y experiencia del dominio para extraer insights. La investigación médica continúa avanzando en tratamientos y mejorando la calidad de vida de millones.",spa,train
Climate change is one of the most pressing challenges facing humanity in the 21st century. The quick brown fox jumps over the lazy dog. This is a sample English text for language identification.,eng,train
문화적 다양성은 공동체를 풍요롭게 하며 서로 다른 집단 간의 이해를 촉진합니다。 우주 탐사는 우주와 그 속에서의 우리의 위치에 대한 이해를 넓혔습니다.,kor,test
La diversité culturelle enrichit les communautés et favorise la compréhension entre différents groupes. L'informatique quantique représente un changement de paradigme dans la puissance computationnelle.,fra,train
"Data science combines statistics, programming, and domain expertise to extract insights from data. Education is fundamental to personal growth and societal progress in the modern world.",eng,val
機械学習はアルゴリズムと統計モデルに焦点を当てる人工知能の一分野です。 インターネットは世界のコミュニケーション、商取引、情報アクセスを一変させました。,jpn,train
文藝復興時期是文化復興的時期，它改變了歐洲的藝術、文學和科學。 文化多樣性豐富了社區，促進了不同群體之間的相互理解。,zho,val
"La démocratie nécessite une participation active des citoyens pour fonctionner efficacement. La science des données combine statistiques, programmation et expertise du domaine pour extraire des insights.",fra,val
Climate change is one of the most pressing challenges facing humanity in the 21st century. Natural language processing enables computers to understand and process human language in valuable ways.,eng,val
Las fuentes de energía renovable como la solar y eólica son esenciales para el desarrollo sostenible. La educación es fundamental para el crecimiento personal y el progreso social en el mundo moderno.,spa,train
太陽能和風能等再生能源對永續發展至關重要。 敏捷的棕色狐狸跳過了懶惰的狗。這是一段用於語言識別的中文文本示例。,zho,val
"인터넷은 전 세계의 소통, 상거래, 정보 접근을 혁신했습니다. 교육은 현대 사회에서 개인의 성장과 사회 발전의 토대입니다.",kor,train
La computación cuántica representa un cambio de paradigma en el poder computacional y las capacidades de resolución. El zorro marrón rápido salta sobre el perro perezoso. Este es un ejemplo de texto en español.,spa,val
"The Renaissance was a period of cultural rebirth that transformed European art, literature, and science. Medical research continues to advance treatments and improve quality of life for millions.",eng,val
Python is a high-level programming language known for its simplicity and readability. Education is fundamental to personal growth and societal progress in the modern world.,eng,train
太陽光や風力といった再生可能エネルギーは持続可能な発展に不可欠です。 インターネットは世界のコミュニケーション、商取引、情報アクセスを一変させました。,jpn,test
"La Renaissance fut une période de renouveau culturel qui transforma l'art, la littérature et la science européennes. Internet a révolutionné la communication, le commerce et l'accès à l'information à l'échelle mondiale.",fra,train
El aprendizaje automático es un subconjunto de la inteligencia artificial que se enfoca en algoritmos. Las fuentes de energía renovable como la solar y eólica son esenciales para el desarrollo sostenible.,spa,train
"La Renaissance fut une période de renouveau culturel qui transforma l'art, la littérature et la science européennes. Python est un langage de programmation de haut niveau connu pour sa simplicité et sa lisibilité.",fra,val
氣候變遷是 21 世紀人類面臨的最緊迫的挑戰之一。 教育是現代世界個人成長和社會進步的基礎。,zho,train
La diversidad cultural enriquece las comunidades y promueve la comprensión entre diferentes grupos. La democracia requiere participación activa de los ciudadanos para funcionar efectivamente y representar diversos intereses.,spa,train
民主主義は市民の積極的な参加によって効果的に機能し、多様な利益を代表します。 ルネサンスはヨーロッパの芸術、文学、科学を変えた文化的復興の時代でした。,jpn,test
기후 변화는 21세기 인류가 직면한 가장 시급한 과제 중 하나입니다。 교육은 현대 사회에서 개인의 성장과 사회 발전의 토대입니다.,kor,train
교육은 현대 사회에서 개인의 성장과 사회 발전의 토대입니다. 태양광과 풍력 같은 재생 가능 에너지는 지속 가능한 발전에 필수적입니다.,kor,train
"Internet ha revolucionado la comunicación, el comercio y el acceso a la información a nivel global. El zorro marrón rápido salta sobre el perro perezoso. Este es un ejemplo de texto en español.",spa,val
La diversidad cultural enriquece las comunidades y promueve la comprensión entre diferentes grupos. Las fuentes de energía renovable como la solar y eólica son esenciales para el desarrollo sostenible.,spa,train
機械学習はアルゴリズムと統計モデルに焦点を当てる人工知能の一分野です。 太陽光や風力といった再生可能エネルギーは持続可能な発展に不可欠です。,jpn,train
기계학습은 알고리즘과 통계 모델에 집중하는 인공지능의 한 분야입니다. 의학 연구는 치료법을 지속적으로 발전시켜 수백만 명의 삶의 질을 향상시키고 있습니다.,kor,val
의학 연구는 치료법을 지속적으로 발전시켜 수백만 명의 삶의 질을 향상시키고 있습니다. 우주 탐사는 우주와 그 속에서의 우리의 위치에 대한 이해를 넓혔습니다.,kor,train
量子計算代表了計算能力和問題解決能力的範式轉移。 機器學習是人工智慧的一個子集，專注於演算法和統計模型。,zho,train
宇宙探査は私たちの宇宙観と自分たちの位置に対する理解を広げました。 文化的多様性はコミュニティを豊かにし、異なるグループ間の理解を促進します。,jpn,val
自然言語処理により、コンピュータは人間の言語を理解し有効に処理できます。 医療研究は治療を進歩させ、何百万人もの生活の質を向上させ続けています。,jpn,train
"The Renaissance was a period of cultural rebirth that transformed European art, literature, and science. Space exploration has expanded our understanding of the universe and our place within it.",eng,train
データサイエンスは統計学、プログラミング、ドメイン知識を組み合わせて洞察を引き出します。 気候変動は21世紀に人類が直面する最も差し迫った課題の一つです。,jpn,train
醫學研究不斷推進治療方法，改善數百萬人的生活品質。 量子計算代表了計算能力和問題解決能力的範式轉移。,zho,train
機器學習是人工智慧的一個子集，專注於演算法和統計模型。 量子計算代表了計算能力和問題解決能力的範式轉移。,zho,test
量子計算は計算能力と問題解決力におけるパラダイムシフトを意味します。 Python はその簡潔さと可読性で知られる高水準のプログラミング言語です。,jpn,train
Python est un langage de programmation de haut niveau connu pour sa simplicité et sa lisibilité. Les sources d'énergie renouvelable comme le solaire et l'éolien sont essentielles pour le développement durable.,fra,train
"La recherche médicale continue d'améliorer les traitements et la qualité de vie de millions de personnes. La science des données combine statistiques, programmation et expertise du domaine pour extraire des insights.",fra,train
"La ciencia de datos combina estadísticas, programación y experiencia del dominio para extraer insights. Internet ha revolucionado la comunicación, el comercio y el acceso a la información a nivel global.",spa,train
Renewable energy sources like solar and wind power are essential for sustainable development. Natural language processing enables computers to understand and process human language in valuable ways.,eng,train
Python est un langage de programmation de haut niveau connu pour sa simplicité et sa lisibilité. Le traitement du langage naturel permet aux ordinateurs de comprendre le langage humain de manière précise.,fra,test
氣候變遷是 21 世紀人類面臨的最緊迫的挑戰之一。 教育是現代世界個人成長和社會進步的基礎。,zho,train
의학 연구는 치료법을 지속적으로 발전시켜 수백만 명의 삶의 질을 향상시키고 있습니다. 우주 탐사는 우주와 그 속에서의 우리의 위치에 대한 이해를 넓혔습니다.,kor,train
"La science des données combine statistiques, programmation et expertise du domaine pour extraire des insights. L'exploration spatiale a élargi notre compréhension de l'univers et de notre place dans celui-ci.",fra,train
文藝復興時期是文化復興的時期，它改變了歐洲的藝術、文學和科學。 Python 是一種高級程式語言，以其簡潔性和可讀性而聞名。,zho,train
Le renard brun rapide saute par-dessus le chien paresseux. Ceci est un exemple de texte français. La recherche médicale continue d'améliorer les traitements et la qualité de vie de millions de personnes.,fra,test
Democracy requires active participation from citizens to function effectively and represent diverse interests. The quick brown fox jumps over the lazy dog. This is a sample English text for language identification.,eng,test
民主需要公民的積極參與才能有效運作並代表不同的利益。 敏捷的棕色狐狸跳過了懶惰的狗。這是一段用於語言識別的中文文本示例。,zho,train
Education is fundamental to personal growth and societal progress in the modern world. Democracy requires active participation from citizens to function effectively and represent diverse interests.,eng,train
"La computación cuántica representa un cambio de paradigma en el poder computacional y las capacidades de resolución. El Renacimiento fue un período de renacimiento cultural que transformó el arte, la literatura y la ciencia europeas.",spa,test
민주주의는 시민의 적극적 참여를 통해 효과적으로 기능하며 다양한 이익을 대표합니다. 의학 연구는 치료법을 지속적으로 발전시켜 수백만 명의 삶의 질을 향상시키고 있습니다.,kor,test
氣候變遷是 21 世紀人類面臨的最緊迫的挑戰之一。 量子計算代表了計算能力和問題解決能力的範式轉移。,zho,train
L'apprentissage automatique est un sous-ensemble de l'intelligence artificielle qui se concentre sur les algorithmes. Python est un langage de programmation de haut niveau connu pour sa simplicité et sa lisibilité.,fra,train
文藝復興時期是文化復興的時期，它改變了歐洲的藝術、文學和科學。 醫學研究不斷推進治療方法，改善數百萬人的生活品質。,zho,train
"La science des données combine statistiques, programmation et expertise du domaine pour extraire des insights. Internet a révolutionné la communication, le commerce et l'accès à l'information à l'échelle mondiale.",fra,train
Python est un langage de programmation de haut niveau connu pour sa simplicité et sa lisibilité. La diversité culturelle enrichit les communautés et favorise la compréhension entre différents groupes.,fra,train
기계학습은 알고리즘과 통계 모델에 집중하는 인공지능의 한 분야입니다. 민주주의는 시민의 적극적 참여를 통해 효과적으로 기능하며 다양한 이익을 대표합니다.,kor,val
L'éducation est fondamentale pour la croissance personnelle et le progrès sociétal dans le monde moderne. Le renard brun rapide saute par-dessus le chien paresseux. Ceci est un exemple de texte français.,fra,train
自然言語処理により、コンピュータは人間の言語を理解し有効に処理できます。 量子計算は計算能力と問題解決力におけるパラダイムシフトを意味します。,jpn,train
Python es un lenguaje de programación de alto nivel conocido por su simplicidad y legibilidad. La diversidad cultural enriquece las comunidades y promueve la comprensión entre diferentes grupos.,spa,train
Le traitement du langage naturel permet aux ordinateurs de comprendre le langage humain de manière précise. La diversité culturelle enrichit les communautés et favorise la compréhension entre différents groupes.,fra,train
민주주의는 시민의 적극적 참여를 통해 효과적으로 기능하며 다양한 이익을 대표합니다. 양자 컴퓨팅은 계산 능력과 문제 해결 방식의 패러다임 전환을 의미합니다.,kor,train
La diversité culturelle enrichit les communautés et favorise la compréhension entre différents groupes. L'éducation est fondamentale pour la croissance personnelle et le progrès sociétal dans le monde moderne.,fra,train
"기계학습은 알고리즘과 통계 모델에 집중하는 인공지능의 한 분야입니다. 데이터 과학은 통계, 프로그래밍, 도메인 지식을 결합해 통찰을 이끌어냅니다.",kor,train
L'éducation est fondamentale pour la croissance personnelle et le progrès sociétal dans le monde moderne. L'exploration spatiale a élargi notre compréhension de l'univers et de notre place dans celui-ci.,fra,train
El cambio climático es uno de los desafíos más urgentes que enfrenta la humanidad en el siglo XXI. La educación es fundamental para el crecimiento personal y el progreso social en el mundo moderno.,spa,test
파이썬은 간결성과 가독성으로 유명한 고수준 프로그래밍 언어입니다. 재빠른 갈색 여우가 게으른 개를 뛰어넘었습니다. 이는 언어 식별을 위한 한국어 예문입니다.,kor,train
"Le renard brun rapide saute par-dessus le chien paresseux. Ceci est un exemple de texte français. La Renaissance fut une période de renouveau culturel qui transforma l'art, la littérature et la science européennes.",fra,train
自然語言處理使電腦能夠以有價值的方式理解和處理人類語言。 量子計算代表了計算能力和問題解決能力的範式轉移。,zho,val
データサイエンスは統計学、プログラミング、ドメイン知識を組み合わせて洞察を引き出します。 素早い茶色の狐が怠け者の犬を飛び越えました。これは言語識別のための日本語テキスト例です。,jpn,train
문화적 다양성은 공동체를 풍요롭게 하며 서로 다른 집단 간의 이해를 촉진합니다。 파이썬은 간결성과 가독성으로 유명한 고수준 프로그래밍 언어입니다.,kor,test
El zorro marrón rápido salta sobre el perro perezoso. Este es un ejemplo de texto en español. El procesamiento del lenguaje natural permite a las computadoras entender el lenguaje humano de manera valiosa.,spa,train
自然言語処理により、コンピュータは人間の言語を理解し有効に処理できます。 気候変動は21世紀に人類が直面する最も差し迫った課題の一つです。,jpn,val
データサイエンスは統計学、プログラミング、ドメイン知識を組み合わせて洞察を引き出します。 機械学習はアルゴリズムと統計モデルに焦点を当てる人工知能の一分野です。,jpn,test
宇宙探査は私たちの宇宙観と自分たちの位置に対する理解を広げました。 ルネサンスはヨーロッパの芸術、文学、科学を変えた文化的復興の時代でした。,jpn,train
自然言語処理により、コンピュータは人間の言語を理解し有効に処理できます。 宇宙探査は私たちの宇宙観と自分たちの位置に対する理解を広げました。,jpn,train
氣候變遷是 21 世紀人類面臨的最緊迫的挑戰之一。 敏捷的棕色狐狸跳過了懶惰的狗。這是一段用於語言識別的中文文本示例。,zho,train
"Internet a révolutionné la communication, le commerce et l'accès à l'information à l'échelle mondiale. Les sources d'énergie renouvelable comme le solaire et l'éolien sont essentielles pour le développement durable.",fra,train
Le changement climatique est l'un des défis les plus pressants auxquels l'humanité est confrontée. Le traitement du langage naturel permet aux ordinateurs de comprendre le langage humain de manière précise.,fra,train
"양자 컴퓨팅은 계산 능력과 문제 해결 방식의 패러다임 전환을 의미합니다. 데이터 과학은 통계, 프로그래밍, 도메인 지식을 결합해 통찰을 이끌어냅니다.",kor,train
L'éducation est fondamentale pour la croissance personnelle et le progrès sociétal dans le monde moderne. Python est un langage de programmation de haut niveau connu pour sa simplicité et sa lisibilité.,fra,val
El zorro marrón rápido salta sobre el perro perezoso. Este es un ejemplo de texto en español. La exploración espacial ha ampliado nuestra comprensión del universo y nuestro lugar en él.,spa,test
The quick brown fox jumps over the lazy dog. This is a sample English text for language identification. Climate change is one of the most pressing challenges facing humanity in the 21st century.,eng,train
"Climate change is one of the most pressing challenges facing humanity in the 21st century. Data science combines statistics, programming, and domain expertise to extract insights from data.",eng,train
Python est un langage de programmation de haut niveau connu pour sa simplicité et sa lisibilité. La recherche médicale continue d'améliorer les traitements et la qualité de vie de millions de personnes.,fra,test
Les sources d'énergie renouvelable comme le solaire et l'éolien sont essentielles pour le développement durable. La diversité culturelle enrichit les communautés et favorise la compréhension entre différents groupes.,fra,train
"양자 컴퓨팅은 계산 능력과 문제 해결 방식의 패러다임 전환을 의미합니다. 데이터 과학은 통계, 프로그래밍, 도메인 지식을 결합해 통찰을 이끌어냅니다.",kor,train
氣候變遷是 21 世紀人類面臨的最緊迫的挑戰之一。 文化多樣性豐富了社區，促進了不同群體之間的相互理解。,zho,train
Python is a high-level programming language known for its simplicity and readability. Renewable energy sources like solar and wind power are essential for sustainable development.,eng,train
素早い茶色の狐が怠け者の犬を飛び越えました。これは言語識別のための日本語テキスト例です。 民主主義は市民の積極的な参加によって効果的に機能し、多様な利益を代表します。,jpn,train
La computación cuántica representa un cambio de paradigma en el poder computacional y las capacidades de resolución. El cambio climático es uno de los desafíos más urgentes que enfrenta la humanidad en el siglo XXI.,spa,train
The quick brown fox jumps over the lazy dog. This is a sample English text for language identification. Democracy requires active participation from citizens to function effectively and represent diverse interests.,eng,train
La exploración espacial ha ampliado nuestra comprensión del universo y nuestro lugar en él. La diversidad cultural enriquece las comunidades y promueve la comprensión entre diferentes grupos.,spa,train
Les sources d'énergie renouvelable comme le solaire et l'éolien sont essentielles pour le développement durable. L'éducation est fondamentale pour la croissance personnelle et le progrès sociétal dans le monde moderne.,fra,train
医療研究は治療を進歩させ、何百万人もの生活の質を向上させ続けています。 太陽光や風力といった再生可能エネルギーは持続可能な発展に不可欠です。,jpn,train
Le renard brun rapide saute par-dessus le chien paresseux. Ceci est un exemple de texte français. L'éducation est fondamentale pour la croissance personnelle et le progrès sociétal dans le monde moderne.,fra,train
La démocratie nécessite une participation active des citoyens pour fonctionner efficacement. Les sources d'énergie renouvelable comme le solaire et l'éolien sont essentielles pour le développement durable.,fra,train
Le changement climatique est l'un des défis les plus pressants auxquels l'humanité est confrontée. Python est un langage de programmation de haut niveau connu pour sa simplicité et sa lisibilité.,fra,val
Education is fundamental to personal growth and societal progress in the modern world. Python is a high-level programming language known for its simplicity and readability.,eng,test
Democracy requires active participation from citizens to function effectively and represent diverse interests. The quick brown fox jumps over the lazy dog. This is a sample English text for language identification.,eng,train
Le traitement du langage naturel permet aux ordinateurs de comprendre le langage humain de manière précise. L'informatique quantique représente un changement de paradigme dans la puissance computationnelle.,fra,train
El procesamiento del lenguaje natural permite a las computadoras entender el lenguaje humano de manera valiosa. Las fuentes de energía renovable como la solar y eólica son esenciales para el desarrollo sostenible.,spa,test
Les sources d'énergie renouvelable comme le solaire et l'éolien sont essentielles pour le développement durable. L'exploration spatiale a élargi notre compréhension de l'univers et de notre place dans celui-ci.,fra,train
"La investigación médica continúa avanzando en tratamientos y mejorando la calidad de vida de millones. El Renacimiento fue un período de renacimiento cultural que transformó el arte, la literatura y la ciencia europeas.",spa,train
의학 연구는 치료법을 지속적으로 발전시켜 수백만 명의 삶의 질을 향상시키고 있습니다. 태양광과 풍력 같은 재생 가능 에너지는 지속 가능한 발전에 필수적입니다.,kor,val
"El Renacimiento fue un período de renacimiento cultural que transformó el arte, la literatura y la ciencia europeas. La exploración espacial ha ampliado nuestra comprensión del universo y nuestro lugar en él.",spa,train
Democracy requires active participation from citizens to function effectively and represent diverse interests. Education is fundamental to personal growth and societal progress in the modern world.,eng,train
El aprendizaje automático es un subconjunto de la inteligencia artificial que se enfoca en algoritmos. Las fuentes de energía renovable como la solar y eólica son esenciales para el desarrollo sostenible.,spa,train
파이썬은 간결성과 가독성으로 유명한 고수준 프로그래밍 언어입니다. 자연어 처리는 컴퓨터가 인간 언어를 이해하고 가치 있게 다루도록 합니다.,kor,train
互聯網徹底改變了全球的通訊、商業和資訊獲取方式。 文藝復興時期是文化復興的時期，它改變了歐洲的藝術、文學和科學。,zho,train
民主需要公民的積極參與才能有效運作並代表不同的利益。,zho,train
La démocratie nécessite une participation active des citoyens pour fonctionner efficacement. La recherche médicale continue d'améliorer les traitements et la qualité de vie de millions de personnes.,fra,train
El procesamiento del lenguaje natural permite a las computadoras entender el lenguaje humano de manera valiosa. La computación cuántica representa un cambio de paradigma en el poder computacional y las capacidades de resolución.,spa,train
자연어 처리는 컴퓨터가 인간 언어를 이해하고 가치 있게 다루도록 합니다. 파이썬은 간결성과 가독성으로 유명한 고수준 프로그래밍 언어입니다.,kor,train
"Data science combines statistics, programming, and domain expertise to extract insights from data. The quick brown fox jumps over the lazy dog. This is a sample English text for language identification.",eng,train
파이썬은 간결성과 가독성으로 유명한 고수준 프로그래밍 언어입니다. 우주 탐사는 우주와 그 속에서의 우리의 위치에 대한 이해를 넓혔습니다.,kor,train
문화적 다양성은 공동체를 풍요롭게 하며 서로 다른 집단 간의 이해를 촉진합니다。 교육은 현대 사회에서 개인의 성장과 사회 발전의 토대입니다.,kor,train
太陽光や風力といった再生可能エネルギーは持続可能な発展に不可欠です。 文化的多様性はコミュニティを豊かにし、異なるグループ間の理解を促進します。,jpn,train
Le traitement du langage naturel permet aux ordinateurs de comprendre le langage humain de manière précise. L'apprentissage automatique est un sous-ensemble de l'intelligence artificielle qui se concentre sur les algorithmes.,fra,train
医療研究は治療を進歩させ、何百万人もの生活の質を向上させ続けています。 気候変動は21世紀に人類が直面する最も差し迫った課題の一つです。,jpn,train
El zorro marrón rápido salta sobre el perro perezoso. Este es un ejemplo de texto en español. El cambio climático es uno de los desafíos más urgentes que enfrenta la humanidad en el siglo XXI.,spa,train
文化多樣性豐富了社區，促進了不同群體之間的相互理解。 Python 是一種高級程式語言，以其簡潔性和可讀性而聞名。,zho,test
"데이터 과학은 통계, 프로그래밍, 도메인 지식을 결합해 통찰을 이끌어냅니다. 파이썬은 간결성과 가독성으로 유명한 고수준 프로그래밍 언어입니다.",kor,train
La educación es fundamental para el crecimiento personal y el progreso social en el mundo moderno. La computación cuántica representa un cambio de paradigma en el poder computacional y las capacidades de resolución.,spa,train
Las fuentes de energía renovable como la solar y eólica son esenciales para el desarrollo sostenible. La computación cuántica representa un cambio de paradigma en el poder computacional y las capacidades de resolución.,spa,val
Le traitement du langage naturel permet aux ordinateurs de comprendre le langage humain de manière précise. L'informatique quantique représente un changement de paradigme dans la puissance computationnelle.,fra,train
Le renard brun rapide saute par-dessus le chien paresseux. Ceci est un exemple de texte français. La démocratie nécessite une participation active des citoyens pour fonctionner efficacement.,fra,train
醫學研究不斷推進治療方法，改善數百萬人的生活品質。 文化多樣性豐富了社區，促進了不同群體之間的相互理解。,zho,train
機器學習是人工智慧的一個子集，專注於演算法和統計模型。 文藝復興時期是文化復興的時期，它改變了歐洲的藝術、文學和科學。,zho,test
La exploración espacial ha ampliado nuestra comprensión del universo y nuestro lugar en él. El procesamiento del lenguaje natural permite a las computadoras entender el lenguaje humano de manera valiosa.,spa,train
파이썬은 간결성과 가독성으로 유명한 고수준 프로그래밍 언어입니다. 재빠른 갈색 여우가 게으른 개를 뛰어넘었습니다. 이는 언어 식별을 위한 한국어 예문입니다.,kor,train
자연어 처리는 컴퓨터가 인간 언어를 이해하고 가치 있게 다루도록 합니다. 우주 탐사는 우주와 그 속에서의 우리의 위치에 대한 이해를 넓혔습니다.,kor,train
Natural language processing enables computers to understand and process human language in valuable ways. Renewable energy sources like solar and wind power are essential for sustainable development.,eng,train
자연어 처리는 컴퓨터가 인간 언어를 이해하고 가치 있게 다루도록 합니다. 민주주의는 시민의 적극적 참여를 통해 효과적으로 기능하며 다양한 이익을 대표합니다.,kor,val
自然言語処理により、コンピュータは人間の言語を理解し有効に処理できます。 医療研究は治療を進歩させ、何百万人もの生活の質を向上させ続けています。,jpn,val
太陽能和風能等再生能源對永續發展至關重要。 文化多樣性豐富了社區，促進了不同群體之間的相互理解。,zho,train
La educación es fundamental para el crecimiento personal y el progreso social en el mundo moderno. La computación cuántica representa un cambio de paradigma en el poder computacional y las capacidades de resolución.,spa,train
民主主義は市民の積極的な参加によって効果的に機能し、多様な利益を代表します。 文化的多様性はコミュニティを豊かにし、異なるグループ間の理解を促進します。,jpn,train
自然言語処理により、コンピュータは人間の言語を理解し有効に処理できます。 気候変動は21世紀に人類が直面する最も差し迫った課題の一つです。,jpn,train
"La science des données combine statistiques, programmation et expertise du domaine pour extraire des insights. L'apprentissage automatique est un sous-ensemble de l'intelligence artificielle qui se concentre sur les algorithmes.",fra,train
"El aprendizaje automático es un subconjunto de la inteligencia artificial que se enfoca en algoritmos. El Renacimiento fue un período de renacimiento cultural que transformó el arte, la literatura y la ciencia europeas.",spa,test
気候変動は21世紀に人類が直面する最も差し迫った課題の一つです。 文化的多様性はコミュニティを豊かにし、異なるグループ間の理解を促進します。,jpn,train
Machine learning is a subset of artificial intelligence that focuses on algorithms and statistical models. Cultural diversity enriches communities and promotes understanding between different groups.,eng,train
La diversidad cultural enriquece las comunidades y promueve la comprensión entre diferentes grupos. El procesamiento del lenguaje natural permite a las computadoras entender el lenguaje humano de manera valiosa.,spa,val
Education is fundamental to personal growth and societal progress in the modern world. The quick brown fox jumps over the lazy dog. This is a sample English text for language identification.,eng,train
El procesamiento del lenguaje natural permite a las computadoras entender el lenguaje humano de manera valiosa. La exploración espacial ha ampliado nuestra comprensión del universo y nuestro lugar en él.,spa,train
Medical research continues to advance treatments and improve quality of life for millions. Renewable energy sources like solar and wind power are essential for sustainable development.,eng,train
파이썬은 간결성과 가독성으로 유명한 고수준 프로그래밍 언어입니다. 재빠른 갈색 여우가 게으른 개를 뛰어넘었습니다. 이는 언어 식별을 위한 한국어 예문입니다.,kor,train
기계학습은 알고리즘과 통계 모델에 집중하는 인공지능의 한 분야입니다. 재빠른 갈색 여우가 게으른 개를 뛰어넘었습니다. 이는 언어 식별을 위한 한국어 예문입니다.,kor,test
태양광과 풍력 같은 재생 가능 에너지는 지속 가능한 발전에 필수적입니다. 민주주의는 시민의 적극적 참여를 통해 효과적으로 기능하며 다양한 이익을 대표합니다.,kor,test
재빠른 갈색 여우가 게으른 개를 뛰어넘었습니다. 이는 언어 식별을 위한 한국어 예문입니다. 자연어 처리는 컴퓨터가 인간 언어를 이해하고 가치 있게 다루도록 합니다.,kor,train
太空探索擴展了我們對宇宙以及我們在宇宙中位置的理解。 氣候變遷是 21 世紀人類面臨的最緊迫的挑戰之一。,zho,train
Python es un lenguaje de programación de alto nivel conocido por su simplicidad y legibilidad. Las fuentes de energía renovable como la solar y eólica son esenciales para el desarrollo sostenible.,spa,train
教育は現代社会における個人の成長と社会の進歩の基盤です。 素早い茶色の狐が怠け者の犬を飛び越えました。これは言語識別のための日本語テキスト例です。,jpn,train
"The Renaissance was a period of cultural rebirth that transformed European art, literature, and science. Data science combines statistics, programming, and domain expertise to extract insights from data.",eng,train
機器學習是人工智慧的一個子集，專注於演算法和統計模型。 自然語言處理使電腦能夠以有價值的方式理解和處理人類語言。,zho,train
La recherche médicale continue d'améliorer les traitements et la qualité de vie de millions de personnes. L'éducation est fondamentale pour la croissance personnelle et le progrès sociétal dans le monde moderne.,fra,train
El procesamiento del lenguaje natural permite a las computadoras entender el lenguaje humano de manera valiosa. La educación es fundamental para el crecimiento personal y el progreso social en el mundo moderno.,spa,train
文化多樣性豐富了社區，促進了不同群體之間的相互理解。 數據科學結合了統計學、程式設計和領域專業知識，以從數據中提取見解。,zho,train
敏捷的棕色狐狸跳過了懶惰的狗。這是一段用於語言識別的中文文本示例。 醫學研究不斷推進治療方法，改善數百萬人的生活品質。,zho,train
El cambio climático es uno de los desafíos más urgentes que enfrenta la humanidad en el siglo XXI. La computación cuántica representa un cambio de paradigma en el poder computacional y las capacidades de resolución.,spa,train
우주 탐사는 우주와 그 속에서의 우리의 위치에 대한 이해를 넓혔습니다. 문화적 다양성은 공동체를 풍요롭게 하며 서로 다른 집단 간의 이해를 촉진합니다。,kor,test
太陽光や風力といった再生可能エネルギーは持続可能な発展に不可欠です。 気候変動は21世紀に人類が直面する最も差し迫った課題の一つです。,jpn,val
Le renard brun rapide saute par-dessus le chien paresseux. Ceci est un exemple de texte français. Les sources d'énergie renouvelable comme le solaire et l'éolien sont essentielles pour le développement durable.,fra,train
"Machine learning is a subset of artificial intelligence that focuses on algorithms and statistical models. The internet has revolutionized communication, commerce, and access to information globally.",eng,train
太空探索擴展了我們對宇宙以及我們在宇宙中位置的理解。 民主需要公民的積極參與才能有效運作並代表不同的利益。,zho,test
敏捷的棕色狐狸跳過了懶惰的狗。這是一段用於語言識別的中文文本示例。 自然語言處理使電腦能夠以有價值的方式理解和處理人類語言。,zho,test
"La ciencia de datos combina estadísticas, programación y experiencia del dominio para extraer insights. La diversidad cultural enriquece las comunidades y promueve la comprensión entre diferentes grupos.",spa,train
文藝復興時期是文化復興的時期，它改變了歐洲的藝術、文學和科學。 互聯網徹底改變了全球的通訊、商業和資訊獲取方式。,zho,val
"우주 탐사는 우주와 그 속에서의 우리의 위치에 대한 이해를 넓혔습니다. 데이터 과학은 통계, 프로그래밍, 도메인 지식을 결합해 통찰을 이끌어냅니다.",kor,val
太空探索擴展了我們對宇宙以及我們在宇宙中位置的理解。 數據科學結合了統計學、程式設計和領域專業知識，以從數據中提取見解。,zho,train
재빠른 갈색 여우가 게으른 개를 뛰어넘었습니다. 이는 언어 식별을 위한 한국어 예문입니다. 의학 연구는 치료법을 지속적으로 발전시켜 수백만 명의 삶의 질을 향상시키고 있습니다.,kor,train
"La Renaissance fut une période de renouveau culturel qui transforma l'art, la littérature et la science européennes. La démocratie nécessite une participation active des citoyens pour fonctionner efficacement.",fra,val
自然語言處理使電腦能夠以有價值的方式理解和處理人類語言。 Python 是一種高級程式語言，以其簡潔性和可讀性而聞名。,zho,train
宇宙探査は私たちの宇宙観と自分たちの位置に対する理解を広げました。 気候変動は21世紀に人類が直面する最も差し迫った課題の一つです。,jpn,test
気候変動は21世紀に人類が直面する最も差し迫った課題の一つです。 民主主義は市民の積極的な参加によって効果的に機能し、多様な利益を代表します。,jpn,train
"The internet has revolutionized communication, commerce, and access to information globally. The quick brown fox jumps over the lazy dog. This is a sample English text for language identification.",eng,train
"La recherche médicale continue d'améliorer les traitements et la qualité de vie de millions de personnes. La science des données combine statistiques, programmation et expertise du domaine pour extraire des insights.",fra,train
La diversidad cultural enriquece las comunidades y promueve la comprensión entre diferentes grupos. La exploración espacial ha ampliado nuestra comprensión del universo y nuestro lugar en él.,spa,train
機器學習是人工智慧的一個子集，專注於演算法和統計模型。 Python 是一種高級程式語言，以其簡潔性和可讀性而聞名。,zho,train
データサイエンスは統計学、プログラミング、ドメイン知識を組み合わせて洞察を引き出します。 量子計算は計算能力と問題解決力におけるパラダイムシフトを意味します。,jpn,train
Python はその簡潔さと可読性で知られる高水準のプログラミング言語です。 ルネサンスはヨーロッパの芸術、文学、科学を変えた文化的復興の時代でした。,jpn,test
"Climate change is one of the most pressing challenges facing humanity in the 21st century. The Renaissance was a period of cultural rebirth that transformed European art, literature, and science.",eng,train
Las fuentes de energía renovable como la solar y eólica son esenciales para el desarrollo sostenible. Python es un lenguaje de programación de alto nivel conocido por su simplicidad y legibilidad.,spa,train
La démocratie nécessite une participation active des citoyens pour fonctionner efficacement. Le traitement du langage naturel permet aux ordinateurs de comprendre le langage humain de manière précise.,fra,train
機器學習是人工智慧的一個子集，專注於演算法和統計模型。 醫學研究不斷推進治療方法，改善數百萬人的生活品質。,zho,train
La educación es fundamental para el crecimiento personal y el progreso social en el mundo moderno. La exploración espacial ha ampliado nuestra comprensión del universo y nuestro lugar en él.,spa,val
素早い茶色の狐が怠け者の犬を飛び越えました。これは言語識別のための日本語テキスト例です。 気候変動は21世紀に人類が直面する最も差し迫った課題の一つです。,jpn,train
기후 변화는 21세기 인류가 직면한 가장 시급한 과제 중 하나입니다。 우주 탐사는 우주와 그 속에서의 우리의 위치에 대한 이해를 넓혔습니다.,kor,test
태양광과 풍력 같은 재생 가능 에너지는 지속 가능한 발전에 필수적입니다. 기계학습은 알고리즘과 통계 모델에 집중하는 인공지능의 한 분야입니다.,kor,train
量子計算代表了計算能力和問題解決能力的範式轉移。 太空探索擴展了我們對宇宙以及我們在宇宙中位置的理解。,zho,test
宇宙探査は私たちの宇宙観と自分たちの位置に対する理解を広げました。 インターネットは世界のコミュニケーション、商取引、情報アクセスを一変させました。,jpn,train
기후 변화는 21세기 인류가 직면한 가장 시급한 과제 중 하나입니다。 의학 연구는 치료법을 지속적으로 발전시켜 수백만 명의 삶의 질을 향상시키고 있습니다.,kor,train
Machine learning is a subset of artificial intelligence that focuses on algorithms and statistical models. The quick brown fox jumps over the lazy dog. This is a sample English text for language identification.,eng,train
"르네상스는 유럽의 예술, 문학, 과학을 변화시킨 문화적 부흥기였습니다. 자연어 처리는 컴퓨터가 인간 언어를 이해하고 가치 있게 다루도록 합니다.",kor,train
La diversidad cultural enriquece las comunidades y promueve la comprensión entre diferentes grupos. El procesamiento del lenguaje natural permite a las computadoras entender el lenguaje humano de manera valiosa.,spa,train
"La Renaissance fut une période de renouveau culturel qui transforma l'art, la littérature et la science européennes. La diversité culturelle enrichit les communautés et favorise la compréhension entre différents groupes.",fra,train
La educación es fundamental para el crecimiento personal y el progreso social en el mundo moderno. Las fuentes de energía renovable como la solar y eólica son esenciales para el desarrollo sostenible.,spa,train
Cultural diversity enriches communities and promotes understanding between different groups. Quantum computing represents a paradigm shift in computational power and problem-solving capabilities.,eng,train
太空探索擴展了我們對宇宙以及我們在宇宙中位置的理解。 文藝復興時期是文化復興的時期，它改變了歐洲的藝術、文學和科學。,zho,train
醫學研究不斷推進治療方法，改善數百萬人的生活品質。 數據科學結合了統計學、程式設計和領域專業知識，以從數據中提取見解。,zho,test
太陽光や風力といった再生可能エネルギーは持続可能な発展に不可欠です。 自然言語処理により、コンピュータは人間の言語を理解し有効に処理できます。,jpn,train
數據科學結合了統計學、程式設計和領域專業知識，以從數據中提取見解。 文化多樣性豐富了社區，促進了不同群體之間的相互理解。,zho,train
La recherche médicale continue d'améliorer les traitements et la qualité de vie de millions de personnes. L'informatique quantique représente un changement de paradigme dans la puissance computationnelle.,fra,train
"La Renaissance fut une période de renouveau culturel qui transforma l'art, la littérature et la science européennes. La diversité culturelle enrichit les communautés et favorise la compréhension entre différents groupes.",fra,test
"르네상스는 유럽의 예술, 문학, 과학을 변화시킨 문화적 부흥기였습니다. 교육은 현대 사회에서 개인의 성장과 사회 발전의 토대입니다.",kor,train
醫學研究不斷推進治療方法，改善數百萬人的生活品質。 Python 是一種高級程式語言，以其簡潔性和可讀性而聞名。,zho,train
"Las fuentes de energía renovable como la solar y eólica son esenciales para el desarrollo sostenible. El Renacimiento fue un período de renacimiento cultural que transformó el arte, la literatura y la ciencia europeas.",spa,train
"The Renaissance was a period of cultural rebirth that transformed European art, literature, and science. Education is fundamental to personal growth and societal progress in the modern world.",eng,train
數據科學結合了統計學、程式設計和領域專業知識，以從數據中提取見解。 敏捷的棕色狐狸跳過了懶惰的狗。這是一段用於語言識別的中文文本示例。,zho,test
民主主義は市民の積極的な参加によって効果的に機能し、多様な利益を代表します。 インターネットは世界のコミュニケーション、商取引、情報アクセスを一変させました。,jpn,train
文藝復興時期是文化復興的時期，它改變了歐洲的藝術、文學和科學。 醫學研究不斷推進治療方法，改善數百萬人的生活品質。,zho,train
자연어 처리는 컴퓨터가 인간 언어를 이해하고 가치 있게 다루도록 합니다. 태양광과 풍력 같은 재생 가능 에너지는 지속 가능한 발전에 필수적입니다.,kor,train
Cultural diversity enriches communities and promotes understanding between different groups. Machine learning is a subset of artificial intelligence that focuses on algorithms and statistical models.,eng,val
기후 변화는 21세기 인류가 직면한 가장 시급한 과제 중 하나입니다。 자연어 처리는 컴퓨터가 인간 언어를 이해하고 가치 있게 다루도록 합니다.,kor,train
"교육은 현대 사회에서 개인의 성장과 사회 발전의 토대입니다. 인터넷은 전 세계의 소통, 상거래, 정보 접근을 혁신했습니다.",kor,train
教育は現代社会における個人の成長と社会の進歩の基盤です。 自然言語処理により、コンピュータは人間の言語を理解し有効に処理できます。,jpn,test
"Data science combines statistics, programming, and domain expertise to extract insights from data. Climate change is one of the most pressing challenges facing humanity in the 21st century.",eng,train
"La science des données combine statistiques, programmation et expertise du domaine pour extraire des insights.",fra,val
宇宙探査は私たちの宇宙観と自分たちの位置に対する理解を広げました。 民主主義は市民の積極的な参加によって効果的に機能し、多様な利益を代表します。,jpn,test
機器學習是人工智慧的一個子集，專注於演算法和統計模型。 太空探索擴展了我們對宇宙以及我們在宇宙中位置的理解。,zho,train
機器學習是人工智慧的一個子集，專注於演算法和統計模型。 Python 是一種高級程式語言，以其簡潔性和可讀性而聞名。,zho,train
Cultural diversity enriches communities and promotes understanding between different groups. Climate change is one of the most pressing challenges facing humanity in the 21st century.,eng,train
Medical research continues to advance treatments and improve quality of life for millions. Education is fundamental to personal growth and societal progress in the modern world.,eng,train
民主主義は市民の積極的な参加によって効果的に機能し、多様な利益を代表します。 文化的多様性はコミュニティを豊かにし、異なるグループ間の理解を促進します。,jpn,train
數據科學結合了統計學、程式設計和領域專業知識，以從數據中提取見解。 敏捷的棕色狐狸跳過了懶惰的狗。這是一段用於語言識別的中文文本示例。,zho,train
Space exploration has expanded our understanding of the universe and our place within it. Climate change is one of the most pressing challenges facing humanity in the 21st century.,eng,val
"La Renaissance fut une période de renouveau culturel qui transforma l'art, la littérature et la science européennes. Le traitement du langage naturel permet aux ordinateurs de comprendre le langage humain de manière précise.",fra,train
Natural language processing enables computers to understand and process human language in valuable ways. Cultural diversity enriches communities and promotes understanding between different groups.,eng,val
Machine learning is a subset of artificial intelligence that focuses on algorithms and statistical models. The quick brown fox jumps over the lazy dog. This is a sample English text for language identification.,eng,test
교육은 현대 사회에서 개인의 성장과 사회 발전의 토대입니다.,kor,train
재빠른 갈색 여우가 게으른 개를 뛰어넘었습니다. 이는 언어 식별을 위한 한국어 예문입니다. 자연어 처리는 컴퓨터가 인간 언어를 이해하고 가치 있게 다루도록 합니다.,kor,train
La diversité culturelle enrichit les communautés et favorise la compréhension entre différents groupes. Le traitement du langage naturel permet aux ordinateurs de comprendre le langage humain de manière précise.,fra,train
문화적 다양성은 공동체를 풍요롭게 하며 서로 다른 집단 간의 이해를 촉진합니다。 의학 연구는 치료법을 지속적으로 발전시켜 수백만 명의 삶의 질을 향상시키고 있습니다.,kor,train
文藝復興時期是文化復興的時期，它改變了歐洲的藝術、文學和科學。 數據科學結合了統計學、程式設計和領域專業知識，以從數據中提取見解。,zho,train
파이썬은 간결성과 가독성으로 유명한 고수준 프로그래밍 언어입니다. 재빠른 갈색 여우가 게으른 개를 뛰어넘었습니다. 이는 언어 식별을 위한 한국어 예문입니다.,kor,train
量子計算代表了計算能力和問題解決能力的範式轉移。 機器學習是人工智慧的一個子集，專注於演算法和統計模型。,zho,train
ルネサンスはヨーロッパの芸術、文学、科学を変えた文化的復興の時代でした。 教育は現代社会における個人の成長と社会の進歩の基盤です。,jpn,train
機器學習是人工智慧的一個子集，專注於演算法和統計模型。 量子計算代表了計算能力和問題解決能力的範式轉移。,zho,val
互聯網徹底改變了全球的通訊、商業和資訊獲取方式。 太陽能和風能等再生能源對永續發展至關重要。,zho,train
"Internet ha revolucionado la comunicación, el comercio y el acceso a la información a nivel global. El cambio climático es uno de los desafíos más urgentes que enfrenta la humanidad en el siglo XXI.",spa,test
"Internet a révolutionné la communication, le commerce et l'accès à l'information à l'échelle mondiale. L'informatique quantique représente un changement de paradigme dans la puissance computationnelle.",fra,val
"Las fuentes de energía renovable como la solar y eólica son esenciales para el desarrollo sostenible. Internet ha revolucionado la comunicación, el comercio y el acceso a la información a nivel global.",spa,val
La computación cuántica representa un cambio de paradigma en el poder computacional y las capacidades de resolución. Python es un lenguaje de programación de alto nivel conocido por su simplicidad y legibilidad.,spa,train
"El cambio climático es uno de los desafíos más urgentes que enfrenta la humanidad en el siglo XXI. Internet ha revolucionado la comunicación, el comercio y el acceso a la información a nivel global.",spa,train
"The internet has revolutionized communication, commerce, and access to information globally. The Renaissance was a period of cultural rebirth that transformed European art, literature, and science.",eng,train
민주주의는 시민의 적극적 참여를 통해 효과적으로 기능하며 다양한 이익을 대표합니다. 우주 탐사는 우주와 그 속에서의 우리의 위치에 대한 이해를 넓혔습니다.,kor,val
太陽能和風能等再生能源對永續發展至關重要。 教育是現代世界個人成長和社會進步的基礎。,zho,test
Python はその簡潔さと可読性で知られる高水準のプログラミング言語です。 気候変動は21世紀に人類が直面する最も差し迫った課題の一つです。,jpn,train
"르네상스는 유럽의 예술, 문학, 과학을 변화시킨 문화적 부흥기였습니다. 양자 컴퓨팅은 계산 능력과 문제 해결 방식의 패러다임 전환을 의미합니다.",kor,train
Le changement climatique est l'un des défis les plus pressants auxquels l'humanité est confrontée. L'informatique quantique représente un changement de paradigme dans la puissance computationnelle.,fra,train
量子計算代表了計算能力和問題解決能力的範式轉移。 機器學習是人工智慧的一個子集，專注於演算法和統計模型。,zho,test
La computación cuántica representa un cambio de paradigma en el poder computacional y las capacidades de resolución. La educación es fundamental para el crecimiento personal y el progreso social en el mundo moderno.,spa,train
機械学習はアルゴリズムと統計モデルに焦点を当てる人工知能の一分野です。 気候変動は21世紀に人類が直面する最も差し迫った課題の一つです。,jpn,train
Le traitement du langage naturel permet aux ordinateurs de comprendre le langage humain de manière précise. La démocratie nécessite une participation active des citoyens pour fonctionner efficacement.,fra,train
La investigación médica continúa avanzando en tratamientos y mejorando la calidad de vida de millones. Las fuentes de energía renovable como la solar y eólica son esenciales para el desarrollo sostenible.,spa,test
素早い茶色の狐が怠け者の犬を飛び越えました。これは言語識別のための日本語テキスト例です。 気候変動は21世紀に人類が直面する最も差し迫った課題の一つです。,jpn,train
파이썬은 간결성과 가독성으로 유명한 고수준 프로그래밍 언어입니다. 우주 탐사는 우주와 그 속에서의 우리의 위치에 대한 이해를 넓혔습니다.,kor,val
교육은 현대 사회에서 개인의 성장과 사회 발전의 토대입니다. 문화적 다양성은 공동체를 풍요롭게 하며 서로 다른 집단 간의 이해를 촉진합니다。,kor,train
Natural language processing enables computers to understand and process human language in valuable ways. Climate change is one of the most pressing challenges facing humanity in the 21st century.,eng,train
"민주주의는 시민의 적극적 참여를 통해 효과적으로 기능하며 다양한 이익을 대표합니다. 르네상스는 유럽의 예술, 문학, 과학을 변화시킨 문화적 부흥기였습니다.",kor,train
Python 是一種高級程式語言，以其簡潔性和可讀性而聞名。 太陽能和風能等再生能源對永續發展至關重要。,zho,val
太陽光や風力といった再生可能エネルギーは持続可能な発展に不可欠です。 機械学習はアルゴリズムと統計モデルに焦点を当てる人工知能の一分野です。,jpn,val
文藝復興時期是文化復興的時期，它改變了歐洲的藝術、文學和科學。 氣候變遷是 21 世紀人類面臨的最緊迫的挑戰之一。,zho,test
"Les sources d'énergie renouvelable comme le solaire et l'éolien sont essentielles pour le développement durable. La science des données combine statistiques, programmation et expertise du domaine pour extraire des insights.",fra,train
データサイエンスは統計学、プログラミング、ドメイン知識を組み合わせて洞察を引き出します。 宇宙探査は私たちの宇宙観と自分たちの位置に対する理解を広げました。,jpn,train
자연어 처리는 컴퓨터가 인간 언어를 이해하고 가치 있게 다루도록 합니다. 민주주의는 시민의 적극적 참여를 통해 효과적으로 기능하며 다양한 이익을 대표합니다.,kor,train
교육은 현대 사회에서 개인의 성장과 사회 발전의 토대입니다. 의학 연구는 치료법을 지속적으로 발전시켜 수백만 명의 삶의 질을 향상시키고 있습니다.,kor,train
Space exploration has expanded our understanding of the universe and our place within it. Natural language processing enables computers to understand and process human language in valuable ways.,eng,train
La diversidad cultural enriquece las comunidades y promueve la comprensión entre diferentes grupos. Las fuentes de energía renovable como la solar y eólica son esenciales para el desarrollo sostenible.,spa,val
"Internet ha revolucionado la comunicación, el comercio y el acceso a la información a nivel global. El cambio climático es uno de los desafíos más urgentes que enfrenta la humanidad en el siglo XXI.",spa,train
민주주의는 시민의 적극적 참여를 통해 효과적으로 기능하며 다양한 이익을 대표합니다. 양자 컴퓨팅은 계산 능력과 문제 해결 방식의 패러다임 전환을 의미합니다.,kor,train
El procesamiento del lenguaje natural permite a las computadoras entender el lenguaje humano de manera valiosa. La democracia requiere participación activa de los ciudadanos para funcionar efectivamente y representar diversos intereses.,spa,train
民主主義は市民の積極的な参加によって効果的に機能し、多様な利益を代表します。 自然言語処理により、コンピュータは人間の言語を理解し有効に処理できます。,jpn,train
文化的多様性はコミュニティを豊かにし、異なるグループ間の理解を促進します。 宇宙探査は私たちの宇宙観と自分たちの位置に対する理解を広げました。,jpn,val
태양광과 풍력 같은 재생 가능 에너지는 지속 가능한 발전에 필수적입니다.,kor,train
太空探索擴展了我們對宇宙以及我們在宇宙中位置的理解。 數據科學結合了統計學、程式設計和領域專業知識，以從數據中提取見解。,zho,val
"El Renacimiento fue un período de renacimiento cultural que transformó el arte, la literatura y la ciencia europeas. El cambio climático es uno de los desafíos más urgentes que enfrenta la humanidad en el siglo XXI.",spa,train
機械学習はアルゴリズムと統計モデルに焦点を当てる人工知能の一分野です。 宇宙探査は私たちの宇宙観と自分たちの位置に対する理解を広げました。,jpn,test
"르네상스는 유럽의 예술, 문학, 과학을 변화시킨 문화적 부흥기였습니다. 양자 컴퓨팅은 계산 능력과 문제 해결 방식의 패러다임 전환을 의미합니다.",kor,train
太陽能和風能等再生能源對永續發展至關重要。 互聯網徹底改變了全球的通訊、商業和資訊獲取方式。,zho,train
Python 是一種高級程式語言，以其簡潔性和可讀性而聞名。 互聯網徹底改變了全球的通訊、商業和資訊獲取方式。,zho,train
素早い茶色の狐が怠け者の犬を飛び越えました。これは言語識別のための日本語テキスト例です。 気候変動は21世紀に人類が直面する最も差し迫った課題の一つです。,jpn,train
"Data science combines statistics, programming, and domain expertise to extract insights from data. Space exploration has expanded our understanding of the universe and our place within it.",eng,val
太陽光や風力といった再生可能エネルギーは持続可能な発展に不可欠です。 医療研究は治療を進歩させ、何百万人もの生活の質を向上させ続けています。,jpn,train
"El Renacimiento fue un período de renacimiento cultural que transformó el arte, la literatura y la ciencia europeas. El cambio climático es uno de los desafíos más urgentes que enfrenta la humanidad en el siglo XXI.",spa,train
재빠른 갈색 여우가 게으른 개를 뛰어넘었습니다. 이는 언어 식별을 위한 한국어 예문입니다. 태양광과 풍력 같은 재생 가능 에너지는 지속 가능한 발전에 필수적입니다.,kor,train
The quick brown fox jumps over the lazy dog. This is a sample English text for language identification. Natural language processing enables computers to understand and process human language in valuable ways.,eng,train
Les sources d'énergie renouvelable comme le solaire et l'éolien sont essentielles pour le développement durable. L'éducation est fondamentale pour la croissance personnelle et le progrès sociétal dans le monde moderne.,fra,train
양자 컴퓨팅은 계산 능력과 문제 해결 방식의 패러다임 전환을 의미합니다. 자연어 처리는 컴퓨터가 인간 언어를 이해하고 가치 있게 다루도록 합니다.,kor,test
素早い茶色の狐が怠け者の犬を飛び越えました。これは言語識別のための日本語テキスト例です。 民主主義は市民の積極的な参加によって効果的に機能し、多様な利益を代表します。,jpn,train
"La science des données combine statistiques, programmation et expertise du domaine pour extraire des insights. La diversité culturelle enrichit les communautés et favorise la compréhension entre différents groupes.",fra,train
Natural language processing enables computers to understand and process human language in valuable ways. Democracy requires active participation from citizens to function effectively and represent diverse interests.,eng,train
醫學研究不斷推進治療方法，改善數百萬人的生活品質。 文化多樣性豐富了社區，促進了不同群體之間的相互理解。,zho,train
太陽能和風能等再生能源對永續發展至關重要。 氣候變遷是 21 世紀人類面臨的最緊迫的挑戰之一。,zho,train
"The internet has revolutionized communication, commerce, and access to information globally. Democracy requires active participation from citizens to function effectively and represent diverse interests.",eng,test
"El zorro marrón rápido salta sobre el perro perezoso. Este es un ejemplo de texto en español. La ciencia de datos combina estadísticas, programación y experiencia del dominio para extraer insights.",spa,train
量子計算代表了計算能力和問題解決能力的範式轉移。 文藝復興時期是文化復興的時期，它改變了歐洲的藝術、文學和科學。,zho,train
La diversité culturelle enrichit les communautés et favorise la compréhension entre différents groupes. L'informatique quantique représente un changement de paradigme dans la puissance computationnelle.,fra,val
Climate change is one of the most pressing challenges facing humanity in the 21st century. Natural language processing enables computers to understand and process human language in valuable ways.,eng,train
"인터넷은 전 세계의 소통, 상거래, 정보 접근을 혁신했습니다. 교육은 현대 사회에서 개인의 성장과 사회 발전의 토대입니다.",kor,train
医療研究は治療を進歩させ、何百万人もの生活の質を向上させ続けています。 機械学習はアルゴリズムと統計モデルに焦点を当てる人工知能の一分野です。,jpn,train
"우주 탐사는 우주와 그 속에서의 우리의 위치에 대한 이해를 넓혔습니다. 데이터 과학은 통계, 프로그래밍, 도메인 지식을 결합해 통찰을 이끌어냅니다.",kor,test
"La Renaissance fut une période de renouveau culturel qui transforma l'art, la littérature et la science européennes. Le renard brun rapide saute par-dessus le chien paresseux. Ceci est un exemple de texte français.",fra,train
"Education is fundamental to personal growth and societal progress in the modern world. Data science combines statistics, programming, and domain expertise to extract insights from data.",eng,train
"Las fuentes de energía renovable como la solar y eólica son esenciales para el desarrollo sostenible. El Renacimiento fue un período de renacimiento cultural que transformó el arte, la literatura y la ciencia europeas.",spa,train
파이썬은 간결성과 가독성으로 유명한 고수준 프로그래밍 언어입니다. 자연어 처리는 컴퓨터가 인간 언어를 이해하고 가치 있게 다루도록 합니다.,kor,train
宇宙探査は私たちの宇宙観と自分たちの位置に対する理解を広げました。 教育は現代社会における個人の成長と社会の進歩の基盤です。,jpn,train
Democracy requires active participation from citizens to function effectively and represent diverse interests. Renewable energy sources like solar and wind power are essential for sustainable development.,eng,test
量子計算は計算能力と問題解決力におけるパラダイムシフトを意味します。 Python はその簡潔さと可読性で知られる高水準のプログラミング言語です。,jpn,val
"문화적 다양성은 공동체를 풍요롭게 하며 서로 다른 집단 간의 이해를 촉진합니다。 데이터 과학은 통계, 프로그래밍, 도메인 지식을 결합해 통찰을 이끌어냅니다.",kor,train
敏捷的棕色狐狸跳過了懶惰的狗。這是一段用於語言識別的中文文本示例。 文藝復興時期是文化復興的時期，它改變了歐洲的藝術、文學和科學。,zho,test
Python はその簡潔さと可読性で知られる高水準のプログラミング言語です。 文化的多様性はコミュニティを豊かにし、異なるグループ間の理解を促進します。,jpn,train
數據科學結合了統計學、程式設計和領域專業知識，以從數據中提取見解。 氣候變遷是 21 世紀人類面臨的最緊迫的挑戰之一。,zho,test
Natural language processing enables computers to understand and process human language in valuable ways.,eng,train
"La Renaissance fut une période de renouveau culturel qui transforma l'art, la littérature et la science européennes. La diversité culturelle enrichit les communautés et favorise la compréhension entre différents groupes.",fra,train
양자 컴퓨팅은 계산 능력과 문제 해결 방식의 패러다임 전환을 의미합니다. 의학 연구는 치료법을 지속적으로 발전시켜 수백만 명의 삶의 질을 향상시키고 있습니다.,kor,val
機器學習是人工智慧的一個子集，專注於演算法和統計模型。 文藝復興時期是文化復興的時期，它改變了歐洲的藝術、文學和科學。,zho,test
Python はその簡潔さと可読性で知られる高水準のプログラミング言語です。 気候変動は21世紀に人類が直面する最も差し迫った課題の一つです。,jpn,test
"Data science combines statistics, programming, and domain expertise to extract insights from data. Medical research continues to advance treatments and improve quality of life for millions.",eng,train
太陽光や風力といった再生可能エネルギーは持続可能な発展に不可欠です。 データサイエンスは統計学、プログラミング、ドメイン知識を組み合わせて洞察を引き出します。,jpn,train
敏捷的棕色狐狸跳過了懶惰的狗。這是一段用於語言識別的中文文本示例。 太空探索擴展了我們對宇宙以及我們在宇宙中位置的理解。,zho,train
재빠른 갈색 여우가 게으른 개를 뛰어넘었습니다. 이는 언어 식별을 위한 한국어 예문입니다. 의학 연구는 치료법을 지속적으로 발전시켜 수백만 명의 삶의 질을 향상시키고 있습니다.,kor,train
インターネットは世界のコミュニケーション、商取引、情報アクセスを一変させました。 機械学習はアルゴリズムと統計モデルに焦点を当てる人工知能の一分野です。,jpn,val
"La ciencia de datos combina estadísticas, programación y experiencia del dominio para extraer insights. La exploración espacial ha ampliado nuestra comprensión del universo y nuestro lugar en él.",spa,train
機械学習はアルゴリズムと統計モデルに焦点を当てる人工知能の一分野です。 素早い茶色の狐が怠け者の犬を飛び越えました。これは言語識別のための日本語テキスト例です。,jpn,train
"태양광과 풍력 같은 재생 가능 에너지는 지속 가능한 발전에 필수적입니다. 인터넷은 전 세계의 소통, 상거래, 정보 접근을 혁신했습니다.",kor,val
量子計算代表了計算能力和問題解決能力的範式轉移。 民主需要公民的積極參與才能有效運作並代表不同的利益。,zho,test
データサイエンスは統計学、プログラミング、ドメイン知識を組み合わせて洞察を引き出します。 医療研究は治療を進歩させ、何百万人もの生活の質を向上させ続けています。,jpn,test
"Python is a high-level programming language known for its simplicity and readability. The Renaissance was a period of cultural rebirth that transformed European art, literature, and science.",eng,train
Cultural diversity enriches communities and promotes understanding between different groups. Democracy requires active participation from citizens to function effectively and represent diverse interests.,eng,train
医療研究は治療を進歩させ、何百万人もの生活の質を向上させ続けています。 ルネサンスはヨーロッパの芸術、文学、科学を変えた文化的復興の時代でした。,jpn,train
Python 是一種高級程式語言，以其簡潔性和可讀性而聞名。,zho,train
"El aprendizaje automático es un subconjunto de la inteligencia artificial que se enfoca en algoritmos. El Renacimiento fue un período de renacimiento cultural que transformó el arte, la literatura y la ciencia europeas.",spa,train
양자 컴퓨팅은 계산 능력과 문제 해결 방식의 패러다임 전환을 의미합니다. 민주주의는 시민의 적극적 참여를 통해 효과적으로 기능하며 다양한 이익을 대표합니다.,kor,test
自然語言處理使電腦能夠以有價值的方式理解和處理人類語言。 文藝復興時期是文化復興的時期，它改變了歐洲的藝術、文學和科學。,zho,train
Quantum computing represents a paradigm shift in computational power and problem-solving capabilities. Natural language processing enables computers to understand and process human language in valuable ways.,eng,train
El procesamiento del lenguaje natural permite a las computadoras entender el lenguaje humano de manera valiosa. El cambio climático es uno de los desafíos más urgentes que enfrenta la humanidad en el siglo XXI.,spa,train
La diversidad cultural enriquece las comunidades y promueve la comprensión entre diferentes grupos. La educación es fundamental para el crecimiento personal y el progreso social en el mundo moderno.,spa,train
"La educación es fundamental para el crecimiento personal y el progreso social en el mundo moderno. La ciencia de datos combina estadísticas, programación y experiencia del dominio para extraer insights.",spa,train
民主需要公民的積極參與才能有效運作並代表不同的利益。 太空探索擴展了我們對宇宙以及我們在宇宙中位置的理解。,zho,train
"La diversidad cultural enriquece las comunidades y promueve la comprensión entre diferentes grupos. El Renacimiento fue un período de renacimiento cultural que transformó el arte, la literatura y la ciencia europeas.",spa,train
自然語言處理使電腦能夠以有價值的方式理解和處理人類語言。 量子計算代表了計算能力和問題解決能力的範式轉移。,zho,train
The quick brown fox jumps over the lazy dog. This is a sample English text for language identification. Medical research continues to advance treatments and improve quality of life for millions.,eng,train
La educación es fundamental para el crecimiento personal y el progreso social en el mundo moderno. La computación cuántica representa un cambio de paradigma en el poder computacional y las capacidades de resolución.,spa,train
"Medical research continues to advance treatments and improve quality of life for millions. The Renaissance was a period of cultural rebirth that transformed European art, literature, and science.",eng,test
ルネサンスはヨーロッパの芸術、文学、科学を変えた文化的復興の時代でした。 Python はその簡潔さと可読性で知られる高水準のプログラミング言語です。,jpn,train
"Data science combines statistics, programming, and domain expertise to extract insights from data. The internet has revolutionized communication, commerce, and access to information globally.",eng,train
"Internet a révolutionné la communication, le commerce et l'accès à l'information à l'échelle mondiale. L'éducation est fondamentale pour la croissance personnelle et le progrès sociétal dans le monde moderne.",fra,train
La recherche médicale continue d'améliorer les traitements et la qualité de vie de millions de personnes. Le changement climatique est l'un des défis les plus pressants auxquels l'humanité est confrontée.,fra,train
우주 탐사는 우주와 그 속에서의 우리의 위치에 대한 이해를 넓혔습니다. 문화적 다양성은 공동체를 풍요롭게 하며 서로 다른 집단 간의 이해를 촉진합니다。,kor,val
気候変動は21世紀に人類が直面する最も差し迫った課題の一つです。 自然言語処理により、コンピュータは人間の言語を理解し有効に処理できます。,jpn,train
Python is a high-level programming language known for its simplicity and readability. Renewable energy sources like solar and wind power are essential for sustainable development.,eng,train
醫學研究不斷推進治療方法，改善數百萬人的生活品質。 教育是現代世界個人成長和社會進步的基礎。,zho,val
Education is fundamental to personal growth and societal progress in the modern world. Cultural diversity enriches communities and promotes understanding between different groups.,eng,test
Climate change is one of the most pressing challenges facing humanity in the 21st century. Medical research continues to advance treatments and improve quality of life for millions.,eng,train
Le renard brun rapide saute par-dessus le chien paresseux. Ceci est un exemple de texte français. La recherche médicale continue d'améliorer les traitements et la qualité de vie de millions de personnes.,fra,val
Le traitement du langage naturel permet aux ordinateurs de comprendre le langage humain de manière précise. Le changement climatique est l'un des défis les plus pressants auxquels l'humanité est confrontée.,fra,train
教育は現代社会における個人の成長と社会の進歩の基盤です。 Python はその簡潔さと可読性で知られる高水準のプログラミング言語です。,jpn,train
宇宙探査は私たちの宇宙観と自分たちの位置に対する理解を広げました。 インターネットは世界のコミュニケーション、商取引、情報アクセスを一変させました。,jpn,test
L'éducation est fondamentale pour la croissance personnelle et le progrès sociétal dans le monde moderne. Le changement climatique est l'un des défis les plus pressants auxquels l'humanité est confrontée.,fra,train
"The internet has revolutionized communication, commerce, and access to information globally. Cultural diversity enriches communities and promotes understanding between different groups.",eng,train
文化的多様性はコミュニティを豊かにし、異なるグループ間の理解を促進します。 宇宙探査は私たちの宇宙観と自分たちの位置に対する理解を広げました。,jpn,test
민주주의는 시민의 적극적 참여를 통해 효과적으로 기능하며 다양한 이익을 대표합니다. 기계학습은 알고리즘과 통계 모델에 집중하는 인공지능의 한 분야입니다.,kor,train
"La diversité culturelle enrichit les communautés et favorise la compréhension entre différents groupes. Internet a révolutionné la communication, le commerce et l'accès à l'information à l'échelle mondiale.",fra,val
教育は現代社会における個人の成長と社会の進歩の基盤です。 宇宙探査は私たちの宇宙観と自分たちの位置に対する理解を広げました。,jpn,test
"Space exploration has expanded our understanding of the universe and our place within it. Data science combines statistics, programming, and domain expertise to extract insights from data.",eng,test
インターネットは世界のコミュニケーション、商取引、情報アクセスを一変させました。 機械学習はアルゴリズムと統計モデルに焦点を当てる人工知能の一分野です。,jpn,val
Le changement climatique est l'un des défis les plus pressants auxquels l'humanité est confrontée. L'éducation est fondamentale pour la croissance personnelle et le progrès sociétal dans le monde moderne.,fra,train
L'informatique quantique représente un changement de paradigme dans la puissance computationnelle. La diversité culturelle enrichit les communautés et favorise la compréhension entre différents groupes.,fra,val
気候変動は21世紀に人類が直面する最も差し迫った課題の一つです。 教育は現代社会における個人の成長と社会の進歩の基盤です。,jpn,train
El cambio climático es uno de los desafíos más urgentes que enfrenta la humanidad en el siglo XXI. Las fuentes de energía renovable como la solar y eólica son esenciales para el desarrollo sostenible.,spa,train
의학 연구는 치료법을 지속적으로 발전시켜 수백만 명의 삶의 질을 향상시키고 있습니다. 문화적 다양성은 공동체를 풍요롭게 하며 서로 다른 집단 간의 이해를 촉진합니다。,kor,train
"L'apprentissage automatique est un sous-ensemble de l'intelligence artificielle qui se concentre sur les algorithmes. La science des données combine statistiques, programmation et expertise du domaine pour extraire des insights.",fra,train
The quick brown fox jumps over the lazy dog. This is a sample English text for language identification. Democracy requires active participation from citizens to function effectively and represent diverse interests.,eng,train
"태양광과 풍력 같은 재생 가능 에너지는 지속 가능한 발전에 필수적입니다. 데이터 과학은 통계, 프로그래밍, 도메인 지식을 결합해 통찰을 이끌어냅니다.",kor,train
"르네상스는 유럽의 예술, 문학, 과학을 변화시킨 문화적 부흥기였습니다. 기후 변화는 21세기 인류가 직면한 가장 시급한 과제 중 하나입니다。",kor,test
データサイエンスは統計学、プログラミング、ドメイン知識を組み合わせて洞察を引き出します。 インターネットは世界のコミュニケーション、商取引、情報アクセスを一変させました。,jpn,train
Natural language processing enables computers to understand and process human language in valuable ways. Medical research continues to advance treatments and improve quality of life for millions.,eng,train
Python はその簡潔さと可読性で知られる高水準のプログラミング言語です。 気候変動は21世紀に人類が直面する最も差し迫った課題の一つです。,jpn,val
"Education is fundamental to personal growth and societal progress in the modern world. Data science combines statistics, programming, and domain expertise to extract insights from data.",eng,train
파이썬은 간결성과 가독성으로 유명한 고수준 프로그래밍 언어입니다. 기계학습은 알고리즘과 통계 모델에 집중하는 인공지능의 한 분야입니다.,kor,train
태양광과 풍력 같은 재생 가능 에너지는 지속 가능한 발전에 필수적입니다. 파이썬은 간결성과 가독성으로 유명한 고수준 프로그래밍 언어입니다.,kor,test
民主需要公民的積極參與才能有效運作並代表不同的利益。 文化多樣性豐富了社區，促進了不同群體之間的相互理解。,zho,train
L'exploration spatiale a élargi notre compréhension de l'univers et de notre place dans celui-ci. La diversité culturelle enrichit les communautés et favorise la compréhension entre différents groupes.,fra,train
"L'exploration spatiale a élargi notre compréhension de l'univers et de notre place dans celui-ci. La science des données combine statistiques, programmation et expertise du domaine pour extraire des insights.",fra,val
醫學研究不斷推進治療方法，改善數百萬人的生活品質。 文藝復興時期是文化復興的時期，它改變了歐洲的藝術、文學和科學。,zho,train
ルネサンスはヨーロッパの芸術、文学、科学を変えた文化的復興の時代でした。 気候変動は21世紀に人類が直面する最も差し迫った課題の一つです。,jpn,train
La démocratie nécessite une participation active des citoyens pour fonctionner efficacement. La diversité culturelle enrichit les communautés et favorise la compréhension entre différents groupes.,fra,train
敏捷的棕色狐狸跳過了懶惰的狗。這是一段用於語言識別的中文文本示例。 太陽能和風能等再生能源對永續發展至關重要。,zho,train
Python はその簡潔さと可読性で知られる高水準のプログラミング言語です。 文化的多様性はコミュニティを豊かにし、異なるグループ間の理解を促進します。,jpn,train
医療研究は治療を進歩させ、何百万人もの生活の質を向上させ続けています。 民主主義は市民の積極的な参加によって効果的に機能し、多様な利益を代表します。,jpn,train
Climate change is one of the most pressing challenges facing humanity in the 21st century. The quick brown fox jumps over the lazy dog. This is a sample English text for language identification.,eng,test
"Machine learning is a subset of artificial intelligence that focuses on algorithms and statistical models. The Renaissance was a period of cultural rebirth that transformed European art, literature, and science.",eng,val
"데이터 과학은 통계, 프로그래밍, 도메인 지식을 결합해 통찰을 이끌어냅니다. 양자 컴퓨팅은 계산 능력과 문제 해결 방식의 패러다임 전환을 의미합니다.",kor,train
"인터넷은 전 세계의 소통, 상거래, 정보 접근을 혁신했습니다. 르네상스는 유럽의 예술, 문학, 과학을 변화시킨 문화적 부흥기였습니다.",kor,train
Machine learning is a subset of artificial intelligence that focuses on algorithms and statistical models. Quantum computing represents a paradigm shift in computational power and problem-solving capabilities.,eng,train
Renewable energy sources like solar and wind power are essential for sustainable development. Climate change is one of the most pressing challenges facing humanity in the 21st century.,eng,train
El zorro marrón rápido salta sobre el perro perezoso. Este es un ejemplo de texto en español. La diversidad cultural enriquece las comunidades y promueve la comprensión entre diferentes grupos.,spa,train
"L'informatique quantique représente un changement de paradigme dans la puissance computationnelle. Internet a révolutionné la communication, le commerce et l'accès à l'information à l'échelle mondiale.",fra,val
太空探索擴展了我們對宇宙以及我們在宇宙中位置的理解。 Python 是一種高級程式語言，以其簡潔性和可讀性而聞名。,zho,train
機器學習是人工智慧的一個子集，專注於演算法和統計模型。 數據科學結合了統計學、程式設計和領域專業知識，以從數據中提取見解。,zho,train
"La diversidad cultural enriquece las comunidades y promueve la comprensión entre diferentes grupos. Internet ha revolucionado la comunicación, el comercio y el acceso a la información a nivel global.",spa,train
"La ciencia de datos combina estadísticas, programación y experiencia del dominio para extraer insights. Python es un lenguaje de programación de alto nivel conocido por su simplicidad y legibilidad.",spa,train
La diversité culturelle enrichit les communautés et favorise la compréhension entre différents groupes. La recherche médicale continue d'améliorer les traitements et la qualité de vie de millions de personnes.,fra,test
インターネットは世界のコミュニケーション、商取引、情報アクセスを一変させました。 量子計算は計算能力と問題解決力におけるパラダイムシフトを意味します。,jpn,val
의학 연구는 치료법을 지속적으로 발전시켜 수백만 명의 삶의 질을 향상시키고 있습니다.,kor,train
"Internet a révolutionné la communication, le commerce et l'accès à l'information à l'échelle mondiale. Le renard brun rapide saute par-dessus le chien paresseux. Ceci est un exemple de texte français.",fra,test
El zorro marrón rápido salta sobre el perro perezoso. Este es un ejemplo de texto en español. El procesamiento del lenguaje natural permite a las computadoras entender el lenguaje humano de manera valiosa.,spa,train
La diversidad cultural enriquece las comunidades y promueve la comprensión entre diferentes grupos.,spa,train
"문화적 다양성은 공동체를 풍요롭게 하며 서로 다른 집단 간의 이해를 촉진합니다。 르네상스는 유럽의 예술, 문학, 과학을 변화시킨 문화적 부흥기였습니다.",kor,train
"Quantum computing represents a paradigm shift in computational power and problem-solving capabilities. The internet has revolutionized communication, commerce, and access to information globally.",eng,train
"민주주의는 시민의 적극적 참여를 통해 효과적으로 기능하며 다양한 이익을 대표합니다. 인터넷은 전 세계의 소통, 상거래, 정보 접근을 혁신했습니다.",kor,train
El aprendizaje automático es un subconjunto de la inteligencia artificial que se enfoca en algoritmos. El procesamiento del lenguaje natural permite a las computadoras entender el lenguaje humano de manera valiosa.,spa,train
"La science des données combine statistiques, programmation et expertise du domaine pour extraire des insights. Le traitement du langage naturel permet aux ordinateurs de comprendre le langage humain de manière précise.",fra,test
太空探索擴展了我們對宇宙以及我們在宇宙中位置的理解。 太陽能和風能等再生能源對永續發展至關重要。,zho,train
文藝復興時期是文化復興的時期，它改變了歐洲的藝術、文學和科學。 數據科學結合了統計學、程式設計和領域專業知識，以從數據中提取見解。,zho,train
파이썬은 간결성과 가독성으로 유명한 고수준 프로그래밍 언어입니다. 우주 탐사는 우주와 그 속에서의 우리의 위치에 대한 이해를 넓혔습니다.,kor,train
Quantum computing represents a paradigm shift in computational power and problem-solving capabilities. Education is fundamental to personal growth and societal progress in the modern world.,eng,val
互聯網徹底改變了全球的通訊、商業和資訊獲取方式。 數據科學結合了統計學、程式設計和領域專業知識，以從數據中提取見解。,zho,train
"Le traitement du langage naturel permet aux ordinateurs de comprendre le langage humain de manière précise. Internet a révolutionné la communication, le commerce et l'accès à l'information à l'échelle mondiale.",fra,train
量子計算代表了計算能力和問題解決能力的範式轉移。,zho,val
La recherche médicale continue d'améliorer les traitements et la qualité de vie de millions de personnes. La démocratie nécessite une participation active des citoyens pour fonctionner efficacement.,fra,train
L'éducation est fondamentale pour la croissance personnelle et le progrès sociétal dans le monde moderne. L'informatique quantique représente un changement de paradigme dans la puissance computationnelle.,fra,train
"Internet a révolutionné la communication, le commerce et l'accès à l'information à l'échelle mondiale. La diversité culturelle enrichit les communautés et favorise la compréhension entre différents groupes.",fra,train
La computación cuántica representa un cambio de paradigma en el poder computacional y las capacidades de resolución. La democracia requiere participación activa de los ciudadanos para funcionar efectivamente y representar diversos intereses.,spa,train
"Le renard brun rapide saute par-dessus le chien paresseux. Ceci est un exemple de texte français. Internet a révolutionné la communication, le commerce et l'accès à l'information à l'échelle mondiale.",fra,train
宇宙探査は私たちの宇宙観と自分たちの位置に対する理解を広げました。 民主主義は市民の積極的な参加によって効果的に機能し、多様な利益を代表します。,jpn,train
민주주의는 시민의 적극적 참여를 통해 효과적으로 기능하며 다양한 이익을 대표합니다.,kor,test
Las fuentes de energía renovable como la solar y eólica son esenciales para el desarrollo sostenible.,spa,val
"양자 컴퓨팅은 계산 능력과 문제 해결 방식의 패러다임 전환을 의미합니다. 인터넷은 전 세계의 소통, 상거래, 정보 접근을 혁신했습니다.",kor,train
"La diversité culturelle enrichit les communautés et favorise la compréhension entre différents groupes. La science des données combine statistiques, programmation et expertise du domaine pour extraire des insights.",fra,val
Python es un lenguaje de programación de alto nivel conocido por su simplicidad y legibilidad. La democracia requiere participación activa de los ciudadanos para funcionar efectivamente y representar diversos intereses.,spa,train
宇宙探査は私たちの宇宙観と自分たちの位置に対する理解を広げました。 教育は現代社会における個人の成長と社会の進歩の基盤です。,jpn,train
民主需要公民的積極參與才能有效運作並代表不同的利益。 互聯網徹底改變了全球的通訊、商業和資訊獲取方式。,zho,train
"Data science combines statistics, programming, and domain expertise to extract insights from data. Space exploration has expanded our understanding of the universe and our place within it.",eng,train
"La Renaissance fut une période de renouveau culturel qui transforma l'art, la littérature et la science européennes. Les sources d'énergie renouvelable comme le solaire et l'éolien sont essentielles pour le développement durable.",fra,train
"Python is a high-level programming language known for its simplicity and readability. Data science combines statistics, programming, and domain expertise to extract insights from data.",eng,train
La democracia requiere participación activa de los ciudadanos para funcionar efectivamente y representar diversos intereses. Python es un lenguaje de programación de alto nivel conocido por su simplicidad y legibilidad.,spa,val
기후 변화는 21세기 인류가 직면한 가장 시급한 과제 중 하나입니다。 기계학습은 알고리즘과 통계 모델에 집중하는 인공지능의 한 분야입니다.,kor,test
"Data science combines statistics, programming, and domain expertise to extract insights from data. Quantum computing represents a paradigm shift in computational power and problem-solving capabilities.",eng,test
El cambio climático es uno de los desafíos más urgentes que enfrenta la humanidad en el siglo XXI. La exploración espacial ha ampliado nuestra comprensión del universo y nuestro lugar en él.,spa,train
Las fuentes de energía renovable como la solar y eólica son esenciales para el desarrollo sostenible. La exploración espacial ha ampliado nuestra comprensión del universo y nuestro lugar en él.,spa,train
El procesamiento del lenguaje natural permite a las computadoras entender el lenguaje humano de manera valiosa. La exploración espacial ha ampliado nuestra comprensión del universo y nuestro lugar en él.,spa,train
太陽能和風能等再生能源對永續發展至關重要。 數據科學結合了統計學、程式設計和領域專業知識，以從數據中提取見解。,zho,test
"Internet ha revolucionado la comunicación, el comercio y el acceso a la información a nivel global. La investigación médica continúa avanzando en tratamientos y mejorando la calidad de vida de millones.",spa,val
"The internet has revolutionized communication, commerce, and access to information globally. Natural language processing enables computers to understand and process human language in valuable ways.",eng,train
"Python is a high-level programming language known for its simplicity and readability. Data science combines statistics, programming, and domain expertise to extract insights from data.",eng,val
太空探索擴展了我們對宇宙以及我們在宇宙中位置的理解。 醫學研究不斷推進治療方法，改善數百萬人的生活品質。,zho,train
自然言語処理により、コンピュータは人間の言語を理解し有効に処理できます。 データサイエンスは統計学、プログラミング、ドメイン知識を組み合わせて洞察を引き出します。,jpn,train
La recherche médicale continue d'améliorer les traitements et la qualité de vie de millions de personnes. L'exploration spatiale a élargi notre compréhension de l'univers et de notre place dans celui-ci.,fra,train
機器學習是人工智慧的一個子集，專注於演算法和統計模型。 文藝復興時期是文化復興的時期，它改變了歐洲的藝術、文學和科學。,zho,train
La recherche médicale continue d'améliorer les traitements et la qualité de vie de millions de personnes. La diversité culturelle enrichit les communautés et favorise la compréhension entre différents groupes.,fra,train
태양광과 풍력 같은 재생 가능 에너지는 지속 가능한 발전에 필수적입니다. 문화적 다양성은 공동체를 풍요롭게 하며 서로 다른 집단 간의 이해를 촉진합니다。,kor,train
Python 是一種高級程式語言，以其簡潔性和可讀性而聞名。 機器學習是人工智慧的一個子集，專注於演算法和統計模型。,zho,train
"The internet has revolutionized communication, commerce, and access to information globally. Python is a high-level programming language known for its simplicity and readability.",eng,train
Las fuentes de energía renovable como la solar y eólica son esenciales para el desarrollo sostenible. La educación es fundamental para el crecimiento personal y el progreso social en el mundo moderno.,spa,test
자연어 처리는 컴퓨터가 인간 언어를 이해하고 가치 있게 다루도록 합니다. 양자 컴퓨팅은 계산 능력과 문제 해결 방식의 패러다임 전환을 의미합니다.,kor,train
互聯網徹底改變了全球的通訊、商業和資訊獲取方式。 Python 是一種高級程式語言，以其簡潔性和可讀性而聞名。,zho,train
La educación es fundamental para el crecimiento personal y el progreso social en el mundo moderno. El cambio climático es uno de los desafíos más urgentes que enfrenta la humanidad en el siglo XXI.,spa,train
기후 변화는 21세기 인류가 직면한 가장 시급한 과제 중 하나입니다。 기계학습은 알고리즘과 통계 모델에 집중하는 인공지능의 한 분야입니다.,kor,train
民主需要公民的積極參與才能有效運作並代表不同的利益。 文藝復興時期是文化復興的時期，它改變了歐洲的藝術、文學和科學。,zho,test
教育は現代社会における個人の成長と社会の進歩の基盤です。 自然言語処理により、コンピュータは人間の言語を理解し有効に処理できます。,jpn,train
Python はその簡潔さと可読性で知られる高水準のプログラミング言語です。 教育は現代社会における個人の成長と社会の進歩の基盤です。,jpn,train
"La science des données combine statistiques, programmation et expertise du domaine pour extraire des insights. La recherche médicale continue d'améliorer les traitements et la qualité de vie de millions de personnes.",fra,test
재빠른 갈색 여우가 게으른 개를 뛰어넘었습니다. 이는 언어 식별을 위한 한국어 예문입니다. 기계학습은 알고리즘과 통계 모델에 집중하는 인공지능의 한 분야입니다.,kor,train
民主主義は市民の積極的な参加によって効果的に機能し、多様な利益を代表します。 宇宙探査は私たちの宇宙観と自分たちの位置に対する理解を広げました。,jpn,train
"The Renaissance was a period of cultural rebirth that transformed European art, literature, and science. Machine learning is a subset of artificial intelligence that focuses on algorithms and statistical models.",eng,train
"La ciencia de datos combina estadísticas, programación y experiencia del dominio para extraer insights. Las fuentes de energía renovable como la solar y eólica son esenciales para el desarrollo sostenible.",spa,train
Machine learning is a subset of artificial intelligence that focuses on algorithms and statistical models. Quantum computing represents a paradigm shift in computational power and problem-solving capabilities.,eng,test
太空探索擴展了我們對宇宙以及我們在宇宙中位置的理解。 自然語言處理使電腦能夠以有價值的方式理解和處理人類語言。,zho,test
"La science des données combine statistiques, programmation et expertise du domaine pour extraire des insights. Les sources d'énergie renouvelable comme le solaire et l'éolien sont essentielles pour le développement durable.",fra,val
文藝復興時期是文化復興的時期，它改變了歐洲的藝術、文學和科學。 數據科學結合了統計學、程式設計和領域專業知識，以從數據中提取見解。,zho,train
機器學習是人工智慧的一個子集，專注於演算法和統計模型。 醫學研究不斷推進治療方法，改善數百萬人的生活品質。,zho,train
La exploración espacial ha ampliado nuestra comprensión del universo y nuestro lugar en él. La educación es fundamental para el crecimiento personal y el progreso social en el mundo moderno.,spa,train
気候変動は21世紀に人類が直面する最も差し迫った課題の一つです。 太陽光や風力といった再生可能エネルギーは持続可能な発展に不可欠です。,jpn,train
"El zorro marrón rápido salta sobre el perro perezoso. Este es un ejemplo de texto en español. La ciencia de datos combina estadísticas, programación y experiencia del dominio para extraer insights.",spa,test
"La science des données combine statistiques, programmation et expertise du domaine pour extraire des insights. Le traitement du langage naturel permet aux ordinateurs de comprendre le langage humain de manière précise.",fra,train
Les sources d'énergie renouvelable comme le solaire et l'éolien sont essentielles pour le développement durable. Python est un langage de programmation de haut niveau connu pour sa simplicité et sa lisibilité.,fra,train
自然言語処理により、コンピュータは人間の言語を理解し有効に処理できます。 医療研究は治療を進歩させ、何百万人もの生活の質を向上させ続けています。,jpn,train
太陽光や風力といった再生可能エネルギーは持続可能な発展に不可欠です。 素早い茶色の狐が怠け者の犬を飛び越えました。これは言語識別のための日本語テキスト例です。,jpn,train
Space exploration has expanded our understanding of the universe and our place within it. Education is fundamental to personal growth and societal progress in the modern world.,eng,test
L'éducation est fondamentale pour la croissance personnelle et le progrès sociétal dans le monde moderne. Le changement climatique est l'un des défis les plus pressants auxquels l'humanité est confrontée.,fra,train
文化多樣性豐富了社區，促進了不同群體之間的相互理解。 數據科學結合了統計學、程式設計和領域專業知識，以從數據中提取見解。,zho,train
자연어 처리는 컴퓨터가 인간 언어를 이해하고 가치 있게 다루도록 합니다. 문화적 다양성은 공동체를 풍요롭게 하며 서로 다른 집단 간의 이해를 촉진합니다。,kor,val
"르네상스는 유럽의 예술, 문학, 과학을 변화시킨 문화적 부흥기였습니다. 우주 탐사는 우주와 그 속에서의 우리의 위치에 대한 이해를 넓혔습니다.",kor,val
L'informatique quantique représente un changement de paradigme dans la puissance computationnelle. L'apprentissage automatique est un sous-ensemble de l'intelligence artificielle qui se concentre sur les algorithmes.,fra,train
Space exploration has expanded our understanding of the universe and our place within it. The quick brown fox jumps over the lazy dog. This is a sample English text for language identification.,eng,train
Python 是一種高級程式語言，以其簡潔性和可讀性而聞名。 太陽能和風能等再生能源對永續發展至關重要。,zho,train
データサイエンスは統計学、プログラミング、ドメイン知識を組み合わせて洞察を引き出します。 気候変動は21世紀に人類が直面する最も差し迫った課題の一つです。,jpn,train
"L'apprentissage automatique est un sous-ensemble de l'intelligence artificielle qui se concentre sur les algorithmes. Internet a révolutionné la communication, le commerce et l'accès à l'information à l'échelle mondiale.",fra,train
양자 컴퓨팅은 계산 능력과 문제 해결 방식의 패러다임 전환을 의미합니다.,kor,train
機器學習是人工智慧的一個子集，專注於演算法和統計模型。 敏捷的棕色狐狸跳過了懶惰的狗。這是一段用於語言識別的中文文本示例。,zho,train
Le traitement du langage naturel permet aux ordinateurs de comprendre le langage humain de manière précise. Le changement climatique est l'un des défis les plus pressants auxquels l'humanité est confrontée.,fra,train
"La educación es fundamental para el crecimiento personal y el progreso social en el mundo moderno. Internet ha revolucionado la comunicación, el comercio y el acceso a la información a nivel global.",spa,train
"Las fuentes de energía renovable como la solar y eólica son esenciales para el desarrollo sostenible. La ciencia de datos combina estadísticas, programación y experiencia del dominio para extraer insights.",spa,test
医療研究は治療を進歩させ、何百万人もの生活の質を向上させ続けています。 自然言語処理により、コンピュータは人間の言語を理解し有効に処理できます。,jpn,train
"El Renacimiento fue un período de renacimiento cultural que transformó el arte, la literatura y la ciencia europeas. El zorro marrón rápido salta sobre el perro perezoso. Este es un ejemplo de texto en español.",spa,train
"르네상스는 유럽의 예술, 문학, 과학을 변화시킨 문화적 부흥기였습니다. 민주주의는 시민의 적극적 참여를 통해 효과적으로 기능하며 다양한 이익을 대표합니다.",kor,test
"La Renaissance fut une période de renouveau culturel qui transforma l'art, la littérature et la science européennes. L'éducation est fondamentale pour la croissance personnelle et le progrès sociétal dans le monde moderne.",fra,train
機器學習是人工智慧的一個子集，專注於演算法和統計模型。 醫學研究不斷推進治療方法，改善數百萬人的生活品質。,zho,val
"El Renacimiento fue un período de renacimiento cultural que transformó el arte, la literatura y la ciencia europeas. Python es un lenguaje de programación de alto nivel conocido por su simplicidad y legibilidad.",spa,train
自然語言處理使電腦能夠以有價值的方式理解和處理人類語言。 醫學研究不斷推進治療方法，改善數百萬人的生活品質。,zho,test
Cultural diversity enriches communities and promotes understanding between different groups. Machine learning is a subset of artificial intelligence that focuses on algorithms and statistical models.,eng,train
"La educación es fundamental para el crecimiento personal y el progreso social en el mundo moderno. Internet ha revolucionado la comunicación, el comercio y el acceso a la información a nivel global.",spa,test
"La democracia requiere participación activa de los ciudadanos para funcionar efectivamente y representar diversos intereses. La ciencia de datos combina estadísticas, programación y experiencia del dominio para extraer insights.",spa,test
"Climate change is one of the most pressing challenges facing humanity in the 21st century. Data science combines statistics, programming, and domain expertise to extract insights from data.",eng,train
文藝復興時期是文化復興的時期，它改變了歐洲的藝術、文學和科學。 氣候變遷是 21 世紀人類面臨的最緊迫的挑戰之一。,zho,train
"L'informatique quantique représente un changement de paradigme dans la puissance computationnelle. La science des données combine statistiques, programmation et expertise du domaine pour extraire des insights.",fra,train
Le renard brun rapide saute par-dessus le chien paresseux. Ceci est un exemple de texte français. Les sources d'énergie renouvelable comme le solaire et l'éolien sont essentielles pour le développement durable.,fra,test
"La democracia requiere participación activa de los ciudadanos para funcionar efectivamente y representar diversos intereses. El Renacimiento fue un período de renacimiento cultural que transformó el arte, la literatura y la ciencia europeas.",spa,train
재빠른 갈색 여우가 게으른 개를 뛰어넘었습니다. 이는 언어 식별을 위한 한국어 예문입니다. 민주주의는 시민의 적극적 참여를 통해 효과적으로 기능하며 다양한 이익을 대표합니다.,kor,train
"데이터 과학은 통계, 프로그래밍, 도메인 지식을 결합해 통찰을 이끌어냅니다. 교육은 현대 사회에서 개인의 성장과 사회 발전의 토대입니다.",kor,test
太空探索擴展了我們對宇宙以及我們在宇宙中位置的理解。 量子計算代表了計算能力和問題解決能力的範式轉移。,zho,train
기계학습은 알고리즘과 통계 모델에 집중하는 인공지능의 한 분야입니다. 문화적 다양성은 공동체를 풍요롭게 하며 서로 다른 집단 간의 이해를 촉진합니다。,kor,train
"The quick brown fox jumps over the lazy dog. This is a sample English text for language identification. The internet has revolutionized communication, commerce, and access to information globally.",eng,train
"La computación cuántica representa un cambio de paradigma en el poder computacional y las capacidades de resolución. Internet ha revolucionado la comunicación, el comercio y el acceso a la información a nivel global.",spa,test
Python はその簡潔さと可読性で知られる高水準のプログラミング言語です。 民主主義は市民の積極的な参加によって効果的に機能し、多様な利益を代表します。,jpn,train
우주 탐사는 우주와 그 속에서의 우리의 위치에 대한 이해를 넓혔습니다. 자연어 처리는 컴퓨터가 인간 언어를 이해하고 가치 있게 다루도록 합니다.,kor,val
Python is a high-level programming language known for its simplicity and readability. Cultural diversity enriches communities and promotes understanding between different groups.,eng,train
Natural language processing enables computers to understand and process human language in valuable ways. Quantum computing represents a paradigm shift in computational power and problem-solving capabilities.,eng,train
文藝復興時期是文化復興的時期，它改變了歐洲的藝術、文學和科學。 教育是現代世界個人成長和社會進步的基礎。,zho,train
太陽光や風力といった再生可能エネルギーは持続可能な発展に不可欠です。,jpn,train
ルネサンスはヨーロッパの芸術、文学、科学を変えた文化的復興の時代でした。 気候変動は21世紀に人類が直面する最も差し迫った課題の一つです。,jpn,test
ルネサンスはヨーロッパの芸術、文学、科学を変えた文化的復興の時代でした。 医療研究は治療を進歩させ、何百万人もの生活の質を向上させ続けています。,jpn,test
기계학습은 알고리즘과 통계 모델에 집중하는 인공지능의 한 분야입니다. 기후 변화는 21세기 인류가 직면한 가장 시급한 과제 중 하나입니다。,kor,train
Python es un lenguaje de programación de alto nivel conocido por su simplicidad y legibilidad. El cambio climático es uno de los desafíos más urgentes que enfrenta la humanidad en el siglo XXI.,spa,train
太陽光や風力といった再生可能エネルギーは持続可能な発展に不可欠です。 民主主義は市民の積極的な参加によって効果的に機能し、多様な利益を代表します。,jpn,train
宇宙探査は私たちの宇宙観と自分たちの位置に対する理解を広げました。 太陽光や風力といった再生可能エネルギーは持続可能な発展に不可欠です。,jpn,val
"Python es un lenguaje de programación de alto nivel conocido por su simplicidad y legibilidad. El Renacimiento fue un período de renacimiento cultural que transformó el arte, la literatura y la ciencia europeas.",spa,train
機械学習はアルゴリズムと統計モデルに焦点を当てる人工知能の一分野です。 素早い茶色の狐が怠け者の犬を飛び越えました。これは言語識別のための日本語テキスト例です。,jpn,test
"La ciencia de datos combina estadísticas, programación y experiencia del dominio para extraer insights. La educación es fundamental para el crecimiento personal y el progreso social en el mundo moderno.",spa,train
Le changement climatique est l'un des défis les plus pressants auxquels l'humanité est confrontée. Python est un langage de programmation de haut niveau connu pour sa simplicité et sa lisibilité.,fra,val
氣候變遷是 21 世紀人類面臨的最緊迫的挑戰之一。 太陽能和風能等再生能源對永續發展至關重要。,zho,train
宇宙探査は私たちの宇宙観と自分たちの位置に対する理解を広げました。 気候変動は21世紀に人類が直面する最も差し迫った課題の一つです。,jpn,train
太空探索擴展了我們對宇宙以及我們在宇宙中位置的理解。 教育是現代世界個人成長和社會進步的基礎。,zho,val
"Internet ha revolucionado la comunicación, el comercio y el acceso a la información a nivel global. El procesamiento del lenguaje natural permite a las computadoras entender el lenguaje humano de manera valiosa.",spa,train
파이썬은 간결성과 가독성으로 유명한 고수준 프로그래밍 언어입니다.,kor,test
醫學研究不斷推進治療方法，改善數百萬人的生活品質。 文藝復興時期是文化復興的時期，它改變了歐洲的藝術、文學和科學。,zho,train
Python 是一種高級程式語言，以其簡潔性和可讀性而聞名。 教育是現代世界個人成長和社會進步的基礎。,zho,test
La diversidad cultural enriquece las comunidades y promueve la comprensión entre diferentes grupos. El procesamiento del lenguaje natural permite a las computadoras entender el lenguaje humano de manera valiosa.,spa,test
La educación es fundamental para el crecimiento personal y el progreso social en el mundo moderno. El cambio climático es uno de los desafíos más urgentes que enfrenta la humanidad en el siglo XXI.,spa,train
太空探索擴展了我們對宇宙以及我們在宇宙中位置的理解。 數據科學結合了統計學、程式設計和領域專業知識，以從數據中提取見解。,zho,train
量子計算代表了計算能力和問題解決能力的範式轉移。 太陽能和風能等再生能源對永續發展至關重要。,zho,val
量子計算代表了計算能力和問題解決能力的範式轉移。 民主需要公民的積極參與才能有效運作並代表不同的利益。,zho,train
互聯網徹底改變了全球的通訊、商業和資訊獲取方式。 太陽能和風能等再生能源對永續發展至關重要。,zho,train
La investigación médica continúa avanzando en tratamientos y mejorando la calidad de vida de millones.,spa,train
L'éducation est fondamentale pour la croissance personnelle et le progrès sociétal dans le monde moderne. L'informatique quantique représente un changement de paradigme dans la puissance computationnelle.,fra,test
気候変動は21世紀に人類が直面する最も差し迫った課題の一つです。 機械学習はアルゴリズムと統計モデルに焦点を当てる人工知能の一分野です。,jpn,train
量子計算は計算能力と問題解決力におけるパラダイムシフトを意味します。 自然言語処理により、コンピュータは人間の言語を理解し有効に処理できます。,jpn,val
의학 연구는 치료법을 지속적으로 발전시켜 수백만 명의 삶의 질을 향상시키고 있습니다. 우주 탐사는 우주와 그 속에서의 우리의 위치에 대한 이해를 넓혔습니다.,kor,val
Python es un lenguaje de programación de alto nivel conocido por su simplicidad y legibilidad. La computación cuántica representa un cambio de paradigma en el poder computacional y las capacidades de resolución.,spa,train
민주주의는 시민의 적극적 참여를 통해 효과적으로 기능하며 다양한 이익을 대표합니다. 교육은 현대 사회에서 개인의 성장과 사회 발전의 토대입니다.,kor,train
"Education is fundamental to personal growth and societal progress in the modern world. The Renaissance was a period of cultural rebirth that transformed European art, literature, and science.",eng,val
La investigación médica continúa avanzando en tratamientos y mejorando la calidad de vida de millones. El procesamiento del lenguaje natural permite a las computadoras entender el lenguaje humano de manera valiosa.,spa,train
"The Renaissance was a period of cultural rebirth that transformed European art, literature, and science. Machine learning is a subset of artificial intelligence that focuses on algorithms and statistical models.",eng,test
"Python es un lenguaje de programación de alto nivel conocido por su simplicidad y legibilidad. La ciencia de datos combina estadísticas, programación y experiencia del dominio para extraer insights.",spa,train
문화적 다양성은 공동체를 풍요롭게 하며 서로 다른 집단 간의 이해를 촉진합니다。 양자 컴퓨팅은 계산 능력과 문제 해결 방식의 패러다임 전환을 의미합니다.,kor,train
문화적 다양성은 공동체를 풍요롭게 하며 서로 다른 집단 간의 이해를 촉진합니다。 기후 변화는 21세기 인류가 직면한 가장 시급한 과제 중 하나입니다。,kor,val
"기후 변화는 21세기 인류가 직면한 가장 시급한 과제 중 하나입니다。 르네상스는 유럽의 예술, 문학, 과학을 변화시킨 문화적 부흥기였습니다.",kor,val
우주 탐사는 우주와 그 속에서의 우리의 위치에 대한 이해를 넓혔습니다.,kor,train
"Quantum computing represents a paradigm shift in computational power and problem-solving capabilities. The internet has revolutionized communication, commerce, and access to information globally.",eng,train
"L'informatique quantique représente un changement de paradigme dans la puissance computationnelle. La science des données combine statistiques, programmation et expertise du domaine pour extraire des insights.",fra,train
Medical research continues to advance treatments and improve quality of life for millions. Machine learning is a subset of artificial intelligence that focuses on algorithms and statistical models.,eng,train
數據科學結合了統計學、程式設計和領域專業知識，以從數據中提取見解。 民主需要公民的積極參與才能有效運作並代表不同的利益。,zho,train
教育是現代世界個人成長和社會進步的基礎。 文藝復興時期是文化復興的時期，它改變了歐洲的藝術、文學和科學。,zho,val
"데이터 과학은 통계, 프로그래밍, 도메인 지식을 결합해 통찰을 이끌어냅니다.",kor,val
互聯網徹底改變了全球的通訊、商業和資訊獲取方式。 量子計算代表了計算能力和問題解決能力的範式轉移。,zho,train
Python はその簡潔さと可読性で知られる高水準のプログラミング言語です。 ルネサンスはヨーロッパの芸術、文学、科学を変えた文化的復興の時代でした。,jpn,val
"Python es un lenguaje de programación de alto nivel conocido por su simplicidad y legibilidad. El Renacimiento fue un período de renacimiento cultural que transformó el arte, la literatura y la ciencia europeas.",spa,train
"자연어 처리는 컴퓨터가 인간 언어를 이해하고 가치 있게 다루도록 합니다. 인터넷은 전 세계의 소통, 상거래, 정보 접근을 혁신했습니다.",kor,train
互聯網徹底改變了全球的通訊、商業和資訊獲取方式。 氣候變遷是 21 世紀人類面臨的最緊迫的挑戰之一。,zho,train
기계학습은 알고리즘과 통계 모델에 집중하는 인공지능의 한 분야입니다. 문화적 다양성은 공동체를 풍요롭게 하며 서로 다른 집단 간의 이해를 촉진합니다。,kor,test
The quick brown fox jumps over the lazy dog. This is a sample English text for language identification. Natural language processing enables computers to understand and process human language in valuable ways.,eng,val
宇宙探査は私たちの宇宙観と自分たちの位置に対する理解を広げました。 教育は現代社会における個人の成長と社会の進歩の基盤です。,jpn,test
L'informatique quantique représente un changement de paradigme dans la puissance computationnelle. Le changement climatique est l'un des défis les plus pressants auxquels l'humanité est confrontée.,fra,val
インターネットは世界のコミュニケーション、商取引、情報アクセスを一変させました。 医療研究は治療を進歩させ、何百万人もの生活の質を向上させ続けています。,jpn,train
Education is fundamental to personal growth and societal progress in the modern world. The quick brown fox jumps over the lazy dog. This is a sample English text for language identification.,eng,train
La democracia requiere participación activa de los ciudadanos para funcionar efectivamente y representar diversos intereses. La educación es fundamental para el crecimiento personal y el progreso social en el mundo moderno.,spa,train
"우주 탐사는 우주와 그 속에서의 우리의 위치에 대한 이해를 넓혔습니다. 데이터 과학은 통계, 프로그래밍, 도메인 지식을 결합해 통찰을 이끌어냅니다.",kor,test
敏捷的棕色狐狸跳過了懶惰的狗。這是一段用於語言識別的中文文本示例。 文化多樣性豐富了社區，促進了不同群體之間的相互理解。,zho,train
기계학습은 알고리즘과 통계 모델에 집중하는 인공지능의 한 분야입니다. 양자 컴퓨팅은 계산 능력과 문제 해결 방식의 패러다임 전환을 의미합니다.,kor,train
教育は現代社会における個人の成長と社会の進歩の基盤です。 民主主義は市民の積極的な参加によって効果的に機能し、多様な利益を代表します。,jpn,train
數據科學結合了統計學、程式設計和領域專業知識，以從數據中提取見解。 文化多樣性豐富了社區，促進了不同群體之間的相互理解。,zho,train
自然言語処理により、コンピュータは人間の言語を理解し有効に処理できます。 教育は現代社会における個人の成長と社会の進歩の基盤です。,jpn,train
Le changement climatique est l'un des défis les plus pressants auxquels l'humanité est confrontée. L'éducation est fondamentale pour la croissance personnelle et le progrès sociétal dans le monde moderne.,fra,train
The quick brown fox jumps over the lazy dog. This is a sample English text for language identification. Medical research continues to advance treatments and improve quality of life for millions.,eng,train
ルネサンスはヨーロッパの芸術、文学、科学を変えた文化的復興の時代でした。 教育は現代社会における個人の成長と社会の進歩の基盤です。,jpn,train
양자 컴퓨팅은 계산 능력과 문제 해결 방식의 패러다임 전환을 의미합니다. 기계학습은 알고리즘과 통계 모델에 집중하는 인공지능의 한 분야입니다.,kor,val
機器學習是人工智慧的一個子集，專注於演算法和統計模型。 文化多樣性豐富了社區，促進了不同群體之間的相互理解。,zho,test
"The Renaissance was a period of cultural rebirth that transformed European art, literature, and science. Cultural diversity enriches communities and promotes understanding between different groups.",eng,val
Renewable energy sources like solar and wind power are essential for sustainable development. Education is fundamental to personal growth and societal progress in the modern world.,eng,train
"Python is a high-level programming language known for its simplicity and readability. Data science combines statistics, programming, and domain expertise to extract insights from data.",eng,val
양자 컴퓨팅은 계산 능력과 문제 해결 방식의 패러다임 전환을 의미합니다. 자연어 처리는 컴퓨터가 인간 언어를 이해하고 가치 있게 다루도록 합니다.,kor,val
素早い茶色の狐が怠け者の犬を飛び越えました。これは言語識別のための日本語テキスト例です。 ルネサンスはヨーロッパの芸術、文学、科学を変えた文化的復興の時代でした。,jpn,val
教育は現代社会における個人の成長と社会の進歩の基盤です。 量子計算は計算能力と問題解決力におけるパラダイムシフトを意味します。,jpn,test
互聯網徹底改變了全球的通訊、商業和資訊獲取方式。 氣候變遷是 21 世紀人類面臨的最緊迫的挑戰之一。,zho,test
教育は現代社会における個人の成長と社会の進歩の基盤です。 自然言語処理により、コンピュータは人間の言語を理解し有効に処理できます。,jpn,train
La recherche médicale continue d'améliorer les traitements et la qualité de vie de millions de personnes. La diversité culturelle enrichit les communautés et favorise la compréhension entre différents groupes.,fra,val
Cultural diversity enriches communities and promotes understanding between different groups. Climate change is one of the most pressing challenges facing humanity in the 21st century.,eng,train
"데이터 과학은 통계, 프로그래밍, 도메인 지식을 결합해 통찰을 이끌어냅니다. 민주주의는 시민의 적극적 참여를 통해 효과적으로 기능하며 다양한 이익을 대표합니다.",kor,val
재빠른 갈색 여우가 게으른 개를 뛰어넘었습니다. 이는 언어 식별을 위한 한국어 예문입니다. 자연어 처리는 컴퓨터가 인간 언어를 이해하고 가치 있게 다루도록 합니다.,kor,train
"Las fuentes de energía renovable como la solar y eólica son esenciales para el desarrollo sostenible. Internet ha revolucionado la comunicación, el comercio y el acceso a la información a nivel global.",spa,train
Python はその簡潔さと可読性で知られる高水準のプログラミング言語です。 自然言語処理により、コンピュータは人間の言語を理解し有効に処理できます。,jpn,train
自然語言處理使電腦能夠以有價值的方式理解和處理人類語言。 互聯網徹底改變了全球的通訊、商業和資訊獲取方式。,zho,train
自然言語処理により、コンピュータは人間の言語を理解し有効に処理できます。 インターネットは世界のコミュニケーション、商取引、情報アクセスを一変させました。,jpn,train
L'éducation est fondamentale pour la croissance personnelle et le progrès sociétal dans le monde moderne. L'apprentissage automatique est un sous-ensemble de l'intelligence artificielle qui se concentre sur les algorithmes.,fra,train
文藝復興時期是文化復興的時期，它改變了歐洲的藝術、文學和科學。 太空探索擴展了我們對宇宙以及我們在宇宙中位置的理解。,zho,train
文化多樣性豐富了社區，促進了不同群體之間的相互理解。 量子計算代表了計算能力和問題解決能力的範式轉移。,zho,train
データサイエンスは統計学、プログラミング、ドメイン知識を組み合わせて洞察を引き出します。 量子計算は計算能力と問題解決力におけるパラダイムシフトを意味します。,jpn,val
Python はその簡潔さと可読性で知られる高水準のプログラミング言語です。 自然言語処理により、コンピュータは人間の言語を理解し有効に処理できます。,jpn,train
Le renard brun rapide saute par-dessus le chien paresseux. Ceci est un exemple de texte français. La diversité culturelle enrichit les communautés et favorise la compréhension entre différents groupes.,fra,train
"Internet ha revolucionado la comunicación, el comercio y el acceso a la información a nivel global. La democracia requiere participación activa de los ciudadanos para funcionar efectivamente y representar diversos intereses.",spa,train
自然語言處理使電腦能夠以有價值的方式理解和處理人類語言。 文化多樣性豐富了社區，促進了不同群體之間的相互理解。,zho,train
気候変動は21世紀に人類が直面する最も差し迫った課題の一つです。 民主主義は市民の積極的な参加によって効果的に機能し、多様な利益を代表します。,jpn,train
태양광과 풍력 같은 재생 가능 에너지는 지속 가능한 발전에 필수적입니다. 기계학습은 알고리즘과 통계 모델에 집중하는 인공지능의 한 분야입니다.,kor,train
L'informatique quantique représente un changement de paradigme dans la puissance computationnelle. La démocratie nécessite une participation active des citoyens pour fonctionner efficacement.,fra,train
"Education is fundamental to personal growth and societal progress in the modern world. Data science combines statistics, programming, and domain expertise to extract insights from data.",eng,train
"Internet ha revolucionado la comunicación, el comercio y el acceso a la información a nivel global. La diversidad cultural enriquece las comunidades y promueve la comprensión entre diferentes grupos.",spa,train
太陽光や風力といった再生可能エネルギーは持続可能な発展に不可欠です。 文化的多様性はコミュニティを豊かにし、異なるグループ間の理解を促進します。,jpn,train
Democracy requires active participation from citizens to function effectively and represent diverse interests. Python is a high-level programming language known for its simplicity and readability.,eng,train
자연어 처리는 컴퓨터가 인간 언어를 이해하고 가치 있게 다루도록 합니다. 기계학습은 알고리즘과 통계 모델에 집중하는 인공지능의 한 분야입니다.,kor,train
우주 탐사는 우주와 그 속에서의 우리의 위치에 대한 이해를 넓혔습니다. 민주주의는 시민의 적극적 참여를 통해 효과적으로 기능하며 다양한 이익을 대표합니다.,kor,train
Machine learning is a subset of artificial intelligence that focuses on algorithms and statistical models. The quick brown fox jumps over the lazy dog. This is a sample English text for language identification.,eng,train
量子計算は計算能力と問題解決力におけるパラダイムシフトを意味します。,jpn,train
機器學習是人工智慧的一個子集，專注於演算法和統計模型。 氣候變遷是 21 世紀人類面臨的最緊迫的挑戰之一。,zho,train
Python はその簡潔さと可読性で知られる高水準のプログラミング言語です。 ルネサンスはヨーロッパの芸術、文学、科学を変えた文化的復興の時代でした。,jpn,train
気候変動は21世紀に人類が直面する最も差し迫った課題の一つです。 データサイエンスは統計学、プログラミング、ドメイン知識を組み合わせて洞察を引き出します。,jpn,train
기계학습은 알고리즘과 통계 모델에 집중하는 인공지능의 한 분야입니다. 자연어 처리는 컴퓨터가 인간 언어를 이해하고 가치 있게 다루도록 합니다.,kor,val
Las fuentes de energía renovable como la solar y eólica son esenciales para el desarrollo sostenible. Python es un lenguaje de programación de alto nivel conocido por su simplicidad y legibilidad.,spa,train
우주 탐사는 우주와 그 속에서의 우리의 위치에 대한 이해를 넓혔습니다. 의학 연구는 치료법을 지속적으로 발전시켜 수백만 명의 삶의 질을 향상시키고 있습니다.,kor,train
"Education is fundamental to personal growth and societal progress in the modern world. The Renaissance was a period of cultural rebirth that transformed European art, literature, and science.",eng,test
"Internet a révolutionné la communication, le commerce et l'accès à l'information à l'échelle mondiale. L'apprentissage automatique est un sous-ensemble de l'intelligence artificielle qui se concentre sur les algorithmes.",fra,train
文化的多様性はコミュニティを豊かにし、異なるグループ間の理解を促進します。 宇宙探査は私たちの宇宙観と自分たちの位置に対する理解を広げました。,jpn,train
"El Renacimiento fue un período de renacimiento cultural que transformó el arte, la literatura y la ciencia europeas. La exploración espacial ha ampliado nuestra comprensión del universo y nuestro lugar en él.",spa,train
Python はその簡潔さと可読性で知られる高水準のプログラミング言語です。 機械学習はアルゴリズムと統計モデルに焦点を当てる人工知能の一分野です。,jpn,train
"Democracy requires active participation from citizens to function effectively and represent diverse interests. Data science combines statistics, programming, and domain expertise to extract insights from data.",eng,val
Python 是一種高級程式語言，以其簡潔性和可讀性而聞名。 氣候變遷是 21 世紀人類面臨的最緊迫的挑戰之一。,zho,test
Space exploration has expanded our understanding of the universe and our place within it. The quick brown fox jumps over the lazy dog. This is a sample English text for language identification.,eng,train
量子計算は計算能力と問題解決力におけるパラダイムシフトを意味します。 データサイエンスは統計学、プログラミング、ドメイン知識を組み合わせて洞察を引き出します。,jpn,val
"태양광과 풍력 같은 재생 가능 에너지는 지속 가능한 발전에 필수적입니다. 르네상스는 유럽의 예술, 문학, 과학을 변화시킨 문화적 부흥기였습니다.",kor,train
"Les sources d'énergie renouvelable comme le solaire et l'éolien sont essentielles pour le développement durable. Internet a révolutionné la communication, le commerce et l'accès à l'information à l'échelle mondiale.",fra,train
재빠른 갈색 여우가 게으른 개를 뛰어넘었습니다. 이는 언어 식별을 위한 한국어 예문입니다. 교육은 현대 사회에서 개인의 성장과 사회 발전의 토대입니다.,kor,test
Medical research continues to advance treatments and improve quality of life for millions. Natural language processing enables computers to understand and process human language in valuable ways.,eng,train
"Le changement climatique est l'un des défis les plus pressants auxquels l'humanité est confrontée. Internet a révolutionné la communication, le commerce et l'accès à l'information à l'échelle mondiale.",fra,val
Python 是一種高級程式語言，以其簡潔性和可讀性而聞名。 機器學習是人工智慧的一個子集，專注於演算法和統計模型。,zho,train
La computación cuántica representa un cambio de paradigma en el poder computacional y las capacidades de resolución. La exploración espacial ha ampliado nuestra comprensión del universo y nuestro lugar en él.,spa,test
Renewable energy sources like solar and wind power are essential for sustainable development. Machine learning is a subset of artificial intelligence that focuses on algorithms and statistical models.,eng,train
太空探索擴展了我們對宇宙以及我們在宇宙中位置的理解。 民主需要公民的積極參與才能有效運作並代表不同的利益。,zho,train
Python 是一種高級程式語言，以其簡潔性和可讀性而聞名。 醫學研究不斷推進治療方法，改善數百萬人的生活品質。,zho,train
의학 연구는 치료법을 지속적으로 발전시켜 수백만 명의 삶의 질을 향상시키고 있습니다. 기후 변화는 21세기 인류가 직면한 가장 시급한 과제 중 하나입니다。,kor,val
數據科學結合了統計學、程式設計和領域專業知識，以從數據中提取見解。 醫學研究不斷推進治療方法，改善數百萬人的生活品質。,zho,train
우주 탐사는 우주와 그 속에서의 우리의 위치에 대한 이해를 넓혔습니다. 민주주의는 시민의 적극적 참여를 통해 효과적으로 기능하며 다양한 이익을 대표합니다.,kor,train
"Data science combines statistics, programming, and domain expertise to extract insights from data. The internet has revolutionized communication, commerce, and access to information globally.",eng,train
La exploración espacial ha ampliado nuestra comprensión del universo y nuestro lugar en él. La computación cuántica representa un cambio de paradigma en el poder computacional y las capacidades de resolución.,spa,test
互聯網徹底改變了全球的通訊、商業和資訊獲取方式。 文藝復興時期是文化復興的時期，它改變了歐洲的藝術、文學和科學。,zho,test
太陽光や風力といった再生可能エネルギーは持続可能な発展に不可欠です。 気候変動は21世紀に人類が直面する最も差し迫った課題の一つです。,jpn,train
敏捷的棕色狐狸跳過了懶惰的狗。這是一段用於語言識別的中文文本示例。 數據科學結合了統計學、程式設計和領域專業知識，以從數據中提取見解。,zho,train
"Python est un langage de programmation de haut niveau connu pour sa simplicité et sa lisibilité. Internet a révolutionné la communication, le commerce et l'accès à l'information à l'échelle mondiale.",fra,train
El aprendizaje automático es un subconjunto de la inteligencia artificial que se enfoca en algoritmos. Python es un lenguaje de programación de alto nivel conocido por su simplicidad y legibilidad.,spa,train
文化的多様性はコミュニティを豊かにし、異なるグループ間の理解を促進します。 教育は現代社会における個人の成長と社会の進歩の基盤です。,jpn,val
Python est un langage de programmation de haut niveau connu pour sa simplicité et sa lisibilité. La diversité culturelle enrichit les communautés et favorise la compréhension entre différents groupes.,fra,train
機器學習是人工智慧的一個子集，專注於演算法和統計模型。 文化多樣性豐富了社區，促進了不同群體之間的相互理解。,zho,train
データサイエンスは統計学、プログラミング、ドメイン知識を組み合わせて洞察を引き出します。 医療研究は治療を進歩させ、何百万人もの生活の質を向上させ続けています。,jpn,train
기후 변화는 21세기 인류가 직면한 가장 시급한 과제 중 하나입니다。 기계학습은 알고리즘과 통계 모델에 집중하는 인공지능의 한 분야입니다.,kor,test
The quick brown fox jumps over the lazy dog. This is a sample English text for language identification. Quantum computing represents a paradigm shift in computational power and problem-solving capabilities.,eng,test
El cambio climático es uno de los desafíos más urgentes que enfrenta la humanidad en el siglo XXI. La computación cuántica representa un cambio de paradigma en el poder computacional y las capacidades de resolución.,spa,train
자연어 처리는 컴퓨터가 인간 언어를 이해하고 가치 있게 다루도록 합니다. 양자 컴퓨팅은 계산 능력과 문제 해결 방식의 패러다임 전환을 의미합니다.,kor,train
Climate change is one of the most pressing challenges facing humanity in the 21st century. Quantum computing represents a paradigm shift in computational power and problem-solving capabilities.,eng,train
氣候變遷是 21 世紀人類面臨的最緊迫的挑戰之一。 醫學研究不斷推進治療方法，改善數百萬人的生活品質。,zho,train
"문화적 다양성은 공동체를 풍요롭게 하며 서로 다른 집단 간의 이해를 촉진합니다。 르네상스는 유럽의 예술, 문학, 과학을 변화시킨 문화적 부흥기였습니다.",kor,train
The quick brown fox jumps over the lazy dog. This is a sample English text for language identification. Climate change is one of the most pressing challenges facing humanity in the 21st century.,eng,train
L'apprentissage automatique est un sous-ensemble de l'intelligence artificielle qui se concentre sur les algorithmes. La recherche médicale continue d'améliorer les traitements et la qualité de vie de millions de personnes.,fra,val
Climate change is one of the most pressing challenges facing humanity in the 21st century. Democracy requires active participation from citizens to function effectively and represent diverse interests.,eng,val
교육은 현대 사회에서 개인의 성장과 사회 발전의 토대입니다. 의학 연구는 치료법을 지속적으로 발전시켜 수백만 명의 삶의 질을 향상시키고 있습니다.,kor,train
"Python est un langage de programmation de haut niveau connu pour sa simplicité et sa lisibilité. Internet a révolutionné la communication, le commerce et l'accès à l'information à l'échelle mondiale.",fra,train
El procesamiento del lenguaje natural permite a las computadoras entender el lenguaje humano de manera valiosa.,spa,train
"La science des données combine statistiques, programmation et expertise du domaine pour extraire des insights. L'exploration spatiale a élargi notre compréhension de l'univers et de notre place dans celui-ci.",fra,test
"Internet a révolutionné la communication, le commerce et l'accès à l'information à l'échelle mondiale.",fra,train
의학 연구는 치료법을 지속적으로 발전시켜 수백만 명의 삶의 질을 향상시키고 있습니다. 기후 변화는 21세기 인류가 직면한 가장 시급한 과제 중 하나입니다。,kor,train
"La science des données combine statistiques, programmation et expertise du domaine pour extraire des insights. Le traitement du langage naturel permet aux ordinateurs de comprendre le langage humain de manière précise.",fra,val
Python est un langage de programmation de haut niveau connu pour sa simplicité et sa lisibilité. Le changement climatique est l'un des défis les plus pressants auxquels l'humanité est confrontée.,fra,train
Education is fundamental to personal growth and societal progress in the modern world. Python is a high-level programming language known for its simplicity and readability.,eng,val
L'éducation est fondamentale pour la croissance personnelle et le progrès sociétal dans le monde moderne. La démocratie nécessite une participation active des citoyens pour fonctionner efficacement.,fra,test
自然言語処理により、コンピュータは人間の言語を理解し有効に処理できます。 太陽光や風力といった再生可能エネルギーは持続可能な発展に不可欠です。,jpn,train
"La science des données combine statistiques, programmation et expertise du domaine pour extraire des insights. Les sources d'énergie renouvelable comme le solaire et l'éolien sont essentielles pour le développement durable.",fra,train
素早い茶色の狐が怠け者の犬を飛び越えました。これは言語識別のための日本語テキスト例です。 量子計算は計算能力と問題解決力におけるパラダイムシフトを意味します。,jpn,test
"기후 변화는 21세기 인류가 직면한 가장 시급한 과제 중 하나입니다。 인터넷은 전 세계의 소통, 상거래, 정보 접근을 혁신했습니다.",kor,train
ルネサンスはヨーロッパの芸術、文学、科学を変えた文化的復興の時代でした。 文化的多様性はコミュニティを豊かにし、異なるグループ間の理解を促進します。,jpn,train
"Internet a révolutionné la communication, le commerce et l'accès à l'information à l'échelle mondiale. Le renard brun rapide saute par-dessus le chien paresseux. Ceci est un exemple de texte français.",fra,train
教育は現代社会における個人の成長と社会の進歩の基盤です。 機械学習はアルゴリズムと統計モデルに焦点を当てる人工知能の一分野です。,jpn,train
氣候變遷是 21 世紀人類面臨的最緊迫的挑戰之一。 量子計算代表了計算能力和問題解決能力的範式轉移。,zho,test
Quantum computing represents a paradigm shift in computational power and problem-solving capabilities. Democracy requires active participation from citizens to function effectively and represent diverse interests.,eng,test
氣候變遷是 21 世紀人類面臨的最緊迫的挑戰之一。 敏捷的棕色狐狸跳過了懶惰的狗。這是一段用於語言識別的中文文本示例。,zho,train
氣候變遷是 21 世紀人類面臨的最緊迫的挑戰之一。 文藝復興時期是文化復興的時期，它改變了歐洲的藝術、文學和科學。,zho,train
文藝復興時期是文化復興的時期，它改變了歐洲的藝術、文學和科學。 醫學研究不斷推進治療方法，改善數百萬人的生活品質。,zho,train
民主需要公民的積極參與才能有效運作並代表不同的利益。 太陽能和風能等再生能源對永續發展至關重要。,zho,val
太空探索擴展了我們對宇宙以及我們在宇宙中位置的理解。 氣候變遷是 21 世紀人類面臨的最緊迫的挑戰之一。,zho,train
L'exploration spatiale a élargi notre compréhension de l'univers et de notre place dans celui-ci. Les sources d'énergie renouvelable comme le solaire et l'éolien sont essentielles pour le développement durable.,fra,test
"Education is fundamental to personal growth and societal progress in the modern world. The Renaissance was a period of cultural rebirth that transformed European art, literature, and science.",eng,train
재빠른 갈색 여우가 게으른 개를 뛰어넘었습니다. 이는 언어 식별을 위한 한국어 예문입니다. 자연어 처리는 컴퓨터가 인간 언어를 이해하고 가치 있게 다루도록 합니다.,kor,train
"L'éducation est fondamentale pour la croissance personnelle et le progrès sociétal dans le monde moderne. La science des données combine statistiques, programmation et expertise du domaine pour extraire des insights.",fra,train
La computación cuántica representa un cambio de paradigma en el poder computacional y las capacidades de resolución. El procesamiento del lenguaje natural permite a las computadoras entender el lenguaje humano de manera valiosa.,spa,val
"La ciencia de datos combina estadísticas, programación y experiencia del dominio para extraer insights. Las fuentes de energía renovable como la solar y eólica son esenciales para el desarrollo sostenible.",spa,train
El zorro marrón rápido salta sobre el perro perezoso. Este es un ejemplo de texto en español. El cambio climático es uno de los desafíos más urgentes que enfrenta la humanidad en el siglo XXI.,spa,test
"데이터 과학은 통계, 프로그래밍, 도메인 지식을 결합해 통찰을 이끌어냅니다. 기계학습은 알고리즘과 통계 모델에 집중하는 인공지능의 한 분야입니다.",kor,val
파이썬은 간결성과 가독성으로 유명한 고수준 프로그래밍 언어입니다. 자연어 처리는 컴퓨터가 인간 언어를 이해하고 가치 있게 다루도록 합니다.,kor,train
El zorro marrón rápido salta sobre el perro perezoso. Este es un ejemplo de texto en español. La computación cuántica representa un cambio de paradigma en el poder computacional y las capacidades de resolución.,spa,train
"파이썬은 간결성과 가독성으로 유명한 고수준 프로그래밍 언어입니다. 인터넷은 전 세계의 소통, 상거래, 정보 접근을 혁신했습니다.",kor,test
"Les sources d'énergie renouvelable comme le solaire et l'éolien sont essentielles pour le développement durable. Internet a révolutionné la communication, le commerce et l'accès à l'information à l'échelle mondiale.",fra,train
기후 변화는 21세기 인류가 직면한 가장 시급한 과제 중 하나입니다。 자연어 처리는 컴퓨터가 인간 언어를 이해하고 가치 있게 다루도록 합니다.,kor,train
L'apprentissage automatique est un sous-ensemble de l'intelligence artificielle qui se concentre sur les algorithmes.,fra,train
L'éducation est fondamentale pour la croissance personnelle et le progrès sociétal dans le monde moderne. Le renard brun rapide saute par-dessus le chien paresseux. Ceci est un exemple de texte français.,fra,train
El procesamiento del lenguaje natural permite a las computadoras entender el lenguaje humano de manera valiosa. La computación cuántica representa un cambio de paradigma en el poder computacional y las capacidades de resolución.,spa,train
"자연어 처리는 컴퓨터가 인간 언어를 이해하고 가치 있게 다루도록 합니다. 인터넷은 전 세계의 소통, 상거래, 정보 접근을 혁신했습니다.",kor,test
Python es un lenguaje de programación de alto nivel conocido por su simplicidad y legibilidad. El cambio climático es uno de los desafíos más urgentes que enfrenta la humanidad en el siglo XXI.,spa,val
La recherche médicale continue d'améliorer les traitements et la qualité de vie de millions de personnes. Les sources d'énergie renouvelable comme le solaire et l'éolien sont essentielles pour le développement durable.,fra,train
"Le changement climatique est l'un des défis les plus pressants auxquels l'humanité est confrontée. Internet a révolutionné la communication, le commerce et l'accès à l'information à l'échelle mondiale.",fra,test
민주주의는 시민의 적극적 참여를 통해 효과적으로 기능하며 다양한 이익을 대표합니다. 교육은 현대 사회에서 개인의 성장과 사회 발전의 토대입니다.,kor,test
宇宙探査は私たちの宇宙観と自分たちの位置に対する理解を広げました。 気候変動は21世紀に人類が直面する最も差し迫った課題の一つです。,jpn,test
ルネサンスはヨーロッパの芸術、文学、科学を変えた文化的復興の時代でした。 インターネットは世界のコミュニケーション、商取引、情報アクセスを一変させました。,jpn,train
機器學習是人工智慧的一個子集，專注於演算法和統計模型。 量子計算代表了計算能力和問題解決能力的範式轉移。,zho,train
量子計算は計算能力と問題解決力におけるパラダイムシフトを意味します。 自然言語処理により、コンピュータは人間の言語を理解し有効に処理できます。,jpn,train
Python はその簡潔さと可読性で知られる高水準のプログラミング言語です。 民主主義は市民の積極的な参加によって効果的に機能し、多様な利益を代表します。,jpn,val
The quick brown fox jumps over the lazy dog. This is a sample English text for language identification. Python is a high-level programming language known for its simplicity and readability.,eng,train
Python はその簡潔さと可読性で知られる高水準のプログラミング言語です。 気候変動は21世紀に人類が直面する最も差し迫った課題の一つです。,jpn,val
医療研究は治療を進歩させ、何百万人もの生活の質を向上させ続けています。 素早い茶色の狐が怠け者の犬を飛び越えました。これは言語識別のための日本語テキスト例です。,jpn,train
La recherche médicale continue d'améliorer les traitements et la qualité de vie de millions de personnes. L'informatique quantique représente un changement de paradigme dans la puissance computationnelle.,fra,train
"Data science combines statistics, programming, and domain expertise to extract insights from data. Natural language processing enables computers to understand and process human language in valuable ways.",eng,train
"El zorro marrón rápido salta sobre el perro perezoso. Este es un ejemplo de texto en español. Internet ha revolucionado la comunicación, el comercio y el acceso a la información a nivel global.",spa,val
"The internet has revolutionized communication, commerce, and access to information globally.",eng,train
"The Renaissance was a period of cultural rebirth that transformed European art, literature, and science. Cultural diversity enriches communities and promotes understanding between different groups.",eng,train
"재빠른 갈색 여우가 게으른 개를 뛰어넘었습니다. 이는 언어 식별을 위한 한국어 예문입니다. 르네상스는 유럽의 예술, 문학, 과학을 변화시킨 문화적 부흥기였습니다.",kor,train
Python はその簡潔さと可読性で知られる高水準のプログラミング言語です。 民主主義は市民の積極的な参加によって効果的に機能し、多様な利益を代表します。,jpn,train
民主需要公民的積極參與才能有效運作並代表不同的利益。 數據科學結合了統計學、程式設計和領域專業知識，以從數據中提取見解。,zho,train
インターネットは世界のコミュニケーション、商取引、情報アクセスを一変させました。 民主主義は市民の積極的な参加によって効果的に機能し、多様な利益を代表します。,jpn,test
Natural language processing enables computers to understand and process human language in valuable ways. Python is a high-level programming language known for its simplicity and readability.,eng,train
"Data science combines statistics, programming, and domain expertise to extract insights from data. Machine learning is a subset of artificial intelligence that focuses on algorithms and statistical models.",eng,val
"Python est un langage de programmation de haut niveau connu pour sa simplicité et sa lisibilité. La science des données combine statistiques, programmation et expertise du domaine pour extraire des insights.",fra,train
データサイエンスは統計学、プログラミング、ドメイン知識を組み合わせて洞察を引き出します。 気候変動は21世紀に人類が直面する最も差し迫った課題の一つです。,jpn,train
"양자 컴퓨팅은 계산 능력과 문제 해결 방식의 패러다임 전환을 의미합니다. 르네상스는 유럽의 예술, 문학, 과학을 변화시킨 문화적 부흥기였습니다.",kor,train
宇宙探査は私たちの宇宙観と自分たちの位置に対する理解を広げました。 太陽光や風力といった再生可能エネルギーは持続可能な発展に不可欠です。,jpn,train
Python はその簡潔さと可読性で知られる高水準のプログラミング言語です。 医療研究は治療を進歩させ、何百万人もの生活の質を向上させ続けています。,jpn,val
數據科學結合了統計學、程式設計和領域專業知識，以從數據中提取見解。 民主需要公民的積極參與才能有效運作並代表不同的利益。,zho,train
Le changement climatique est l'un des défis les plus pressants auxquels l'humanité est confrontée. Python est un langage de programmation de haut niveau connu pour sa simplicité et sa lisibilité.,fra,test
Python es un lenguaje de programación de alto nivel conocido por su simplicidad y legibilidad. La diversidad cultural enriquece las comunidades y promueve la comprensión entre diferentes grupos.,spa,test
宇宙探査は私たちの宇宙観と自分たちの位置に対する理解を広げました。,jpn,test
機器學習是人工智慧的一個子集，專注於演算法和統計模型。 數據科學結合了統計學、程式設計和領域專業知識，以從數據中提取見解。,zho,train
L'éducation est fondamentale pour la croissance personnelle et le progrès sociétal dans le monde moderne. Le changement climatique est l'un des défis les plus pressants auxquels l'humanité est confrontée.,fra,train
La exploración espacial ha ampliado nuestra comprensión del universo y nuestro lugar en él. El cambio climático es uno de los desafíos más urgentes que enfrenta la humanidad en el siglo XXI.,spa,train
"La science des données combine statistiques, programmation et expertise du domaine pour extraire des insights. Python est un langage de programmation de haut niveau connu pour sa simplicité et sa lisibilité.",fra,test
素早い茶色の狐が怠け者の犬を飛び越えました。これは言語識別のための日本語テキスト例です。 自然言語処理により、コンピュータは人間の言語を理解し有効に処理できます。,jpn,train
"The Renaissance was a period of cultural rebirth that transformed European art, literature, and science. Cultural diversity enriches communities and promotes understanding between different groups.",eng,train
"La Renaissance fut une période de renouveau culturel qui transforma l'art, la littérature et la science européennes. La diversité culturelle enrichit les communautés et favorise la compréhension entre différents groupes.",fra,val
"La science des données combine statistiques, programmation et expertise du domaine pour extraire des insights. Le renard brun rapide saute par-dessus le chien paresseux. Ceci est un exemple de texte français.",fra,val
Le traitement du langage naturel permet aux ordinateurs de comprendre le langage humain de manière précise. L'exploration spatiale a élargi notre compréhension de l'univers et de notre place dans celui-ci.,fra,train
"The Renaissance was a period of cultural rebirth that transformed European art, literature, and science.",eng,train
医療研究は治療を進歩させ、何百万人もの生活の質を向上させ続けています。 教育は現代社会における個人の成長と社会の進歩の基盤です。,jpn,train
"L'exploration spatiale a élargi notre compréhension de l'univers et de notre place dans celui-ci. La Renaissance fut une période de renouveau culturel qui transforma l'art, la littérature et la science européennes.",fra,val
"Education is fundamental to personal growth and societal progress in the modern world. The Renaissance was a period of cultural rebirth that transformed European art, literature, and science.",eng,train
自然語言處理使電腦能夠以有價值的方式理解和處理人類語言。 太陽能和風能等再生能源對永續發展至關重要。,zho,test
Las fuentes de energía renovable como la solar y eólica son esenciales para el desarrollo sostenible. El zorro marrón rápido salta sobre el perro perezoso. Este es un ejemplo de texto en español.,spa,train
教育は現代社会における個人の成長と社会の進歩の基盤です。 宇宙探査は私たちの宇宙観と自分たちの位置に対する理解を広げました。,jpn,train
宇宙探査は私たちの宇宙観と自分たちの位置に対する理解を広げました。 機械学習はアルゴリズムと統計モデルに焦点を当てる人工知能の一分野です。,jpn,test
民主主義は市民の積極的な参加によって効果的に機能し、多様な利益を代表します。 Python はその簡潔さと可読性で知られる高水準のプログラミング言語です。,jpn,train
"The internet has revolutionized communication, commerce, and access to information globally. Data science combines statistics, programming, and domain expertise to extract insights from data.",eng,train
문화적 다양성은 공동체를 풍요롭게 하며 서로 다른 집단 간의 이해를 촉진합니다。 민주주의는 시민의 적극적 참여를 통해 효과적으로 기능하며 다양한 이익을 대표합니다.,kor,test
Les sources d'énergie renouvelable comme le solaire et l'éolien sont essentielles pour le développement durable. Python est un langage de programmation de haut niveau connu pour sa simplicité et sa lisibilité.,fra,train
"데이터 과학은 통계, 프로그래밍, 도메인 지식을 결합해 통찰을 이끌어냅니다. 자연어 처리는 컴퓨터가 인간 언어를 이해하고 가치 있게 다루도록 합니다.",kor,test
우주 탐사는 우주와 그 속에서의 우리의 위치에 대한 이해를 넓혔습니다. 재빠른 갈색 여우가 게으른 개를 뛰어넘었습니다. 이는 언어 식별을 위한 한국어 예문입니다.,kor,test
教育は現代社会における個人の成長と社会の進歩の基盤です。 ルネサンスはヨーロッパの芸術、文学、科学を変えた文化的復興の時代でした。,jpn,train
Education is fundamental to personal growth and societal progress in the modern world. Renewable energy sources like solar and wind power are essential for sustainable development.,eng,train
醫學研究不斷推進治療方法，改善數百萬人的生活品質。 文化多樣性豐富了社區，促進了不同群體之間的相互理解。,zho,train
"La science des données combine statistiques, programmation et expertise du domaine pour extraire des insights. La démocratie nécessite une participation active des citoyens pour fonctionner efficacement.",fra,train
민주주의는 시민의 적극적 참여를 통해 효과적으로 기능하며 다양한 이익을 대표합니다. 파이썬은 간결성과 가독성으로 유명한 고수준 프로그래밍 언어입니다.,kor,train
El cambio climático es uno de los desafíos más urgentes que enfrenta la humanidad en el siglo XXI. La democracia requiere participación activa de los ciudadanos para funcionar efectivamente y representar diversos intereses.,spa,train
文化多樣性豐富了社區，促進了不同群體之間的相互理解。 Python 是一種高級程式語言，以其簡潔性和可讀性而聞名。,zho,train
自然言語処理により、コンピュータは人間の言語を理解し有効に処理できます。 医療研究は治療を進歩させ、何百万人もの生活の質を向上させ続けています。,jpn,train
L'informatique quantique représente un changement de paradigme dans la puissance computationnelle. Le renard brun rapide saute par-dessus le chien paresseux. Ceci est un exemple de texte français.,fra,train
"La Renaissance fut une période de renouveau culturel qui transforma l'art, la littérature et la science européennes. Internet a révolutionné la communication, le commerce et l'accès à l'information à l'échelle mondiale.",fra,test
"La diversidad cultural enriquece las comunidades y promueve la comprensión entre diferentes grupos. La ciencia de datos combina estadísticas, programación y experiencia del dominio para extraer insights.",spa,train
"L'apprentissage automatique est un sous-ensemble de l'intelligence artificielle qui se concentre sur les algorithmes. La science des données combine statistiques, programmation et expertise du domaine pour extraire des insights.",fra,test
Space exploration has expanded our understanding of the universe and our place within it. Education is fundamental to personal growth and societal progress in the modern world.,eng,train
Renewable energy sources like solar and wind power are essential for sustainable development. The quick brown fox jumps over the lazy dog. This is a sample English text for language identification.,eng,train
量子計算代表了計算能力和問題解決能力的範式轉移。 Python 是一種高級程式語言，以其簡潔性和可讀性而聞名。,zho,train
"Machine learning is a subset of artificial intelligence that focuses on algorithms and statistical models. Data science combines statistics, programming, and domain expertise to extract insights from data.",eng,train
"Data science combines statistics, programming, and domain expertise to extract insights from data. Medical research continues to advance treatments and improve quality of life for millions.",eng,train
재빠른 갈색 여우가 게으른 개를 뛰어넘었습니다. 이는 언어 식별을 위한 한국어 예문입니다. 교육은 현대 사회에서 개인의 성장과 사회 발전의 토대입니다.,kor,train
医療研究は治療を進歩させ、何百万人もの生活の質を向上させ続けています。 ルネサンスはヨーロッパの芸術、文学、科学を変えた文化的復興の時代でした。,jpn,train
"La diversidad cultural enriquece las comunidades y promueve la comprensión entre diferentes grupos. El Renacimiento fue un período de renacimiento cultural que transformó el arte, la literatura y la ciencia europeas.",spa,val
Python es un lenguaje de programación de alto nivel conocido por su simplicidad y legibilidad. La computación cuántica representa un cambio de paradigma en el poder computacional y las capacidades de resolución.,spa,val
"인터넷은 전 세계의 소통, 상거래, 정보 접근을 혁신했습니다. 데이터 과학은 통계, 프로그래밍, 도메인 지식을 결합해 통찰을 이끌어냅니다.",kor,train
Renewable energy sources like solar and wind power are essential for sustainable development. Natural language processing enables computers to understand and process human language in valuable ways.,eng,test
機器學習是人工智慧的一個子集，專注於演算法和統計模型。 文化多樣性豐富了社區，促進了不同群體之間的相互理解。,zho,val
文化多樣性豐富了社區，促進了不同群體之間的相互理解。 氣候變遷是 21 世紀人類面臨的最緊迫的挑戰之一。,zho,train
"The internet has revolutionized communication, commerce, and access to information globally. Data science combines statistics, programming, and domain expertise to extract insights from data.",eng,test
教育是現代世界個人成長和社會進步的基礎。 氣候變遷是 21 世紀人類面臨的最緊迫的挑戰之一。,zho,train
재빠른 갈색 여우가 게으른 개를 뛰어넘었습니다. 이는 언어 식별을 위한 한국어 예문입니다. 문화적 다양성은 공동체를 풍요롭게 하며 서로 다른 집단 간의 이해를 촉진합니다。,kor,val
"기후 변화는 21세기 인류가 직면한 가장 시급한 과제 중 하나입니다。 데이터 과학은 통계, 프로그래밍, 도메인 지식을 결합해 통찰을 이끌어냅니다.",kor,train
"The Renaissance was a period of cultural rebirth that transformed European art, literature, and science. Medical research continues to advance treatments and improve quality of life for millions.",eng,train
Python es un lenguaje de programación de alto nivel conocido por su simplicidad y legibilidad. La investigación médica continúa avanzando en tratamientos y mejorando la calidad de vida de millones.,spa,train
기계학습은 알고리즘과 통계 모델에 집중하는 인공지능의 한 분야입니다. 교육은 현대 사회에서 개인의 성장과 사회 발전의 토대입니다.,kor,val
互聯網徹底改變了全球的通訊、商業和資訊獲取方式。 自然語言處理使電腦能夠以有價值的方式理解和處理人類語言。,zho,train
El cambio climático es uno de los desafíos más urgentes que enfrenta la humanidad en el siglo XXI. La democracia requiere participación activa de los ciudadanos para funcionar efectivamente y representar diversos intereses.,spa,train
"La ciencia de datos combina estadísticas, programación y experiencia del dominio para extraer insights. La educación es fundamental para el crecimiento personal y el progreso social en el mundo moderno.",spa,train
Le changement climatique est l'un des défis les plus pressants auxquels l'humanité est confrontée. La démocratie nécessite une participation active des citoyens pour fonctionner efficacement.,fra,train
La démocratie nécessite une participation active des citoyens pour fonctionner efficacement. Le renard brun rapide saute par-dessus le chien paresseux. Ceci est un exemple de texte français.,fra,test
재빠른 갈색 여우가 게으른 개를 뛰어넘었습니다. 이는 언어 식별을 위한 한국어 예문입니다. 파이썬은 간결성과 가독성으로 유명한 고수준 프로그래밍 언어입니다.,kor,train
La democracia requiere participación activa de los ciudadanos para funcionar efectivamente y representar diversos intereses. Las fuentes de energía renovable como la solar y eólica son esenciales para el desarrollo sostenible.,spa,train
Le traitement du langage naturel permet aux ordinateurs de comprendre le langage humain de manière précise. La démocratie nécessite une participation active des citoyens pour fonctionner efficacement.,fra,test
"재빠른 갈색 여우가 게으른 개를 뛰어넘었습니다. 이는 언어 식별을 위한 한국어 예문입니다. 인터넷은 전 세계의 소통, 상거래, 정보 접근을 혁신했습니다.",kor,val
素早い茶色の狐が怠け者の犬を飛び越えました。これは言語識別のための日本語テキスト例です。 量子計算は計算能力と問題解決力におけるパラダイムシフトを意味します。,jpn,val
"La science des données combine statistiques, programmation et expertise du domaine pour extraire des insights. L'éducation est fondamentale pour la croissance personnelle et le progrès sociétal dans le monde moderne.",fra,train
L'éducation est fondamentale pour la croissance personnelle et le progrès sociétal dans le monde moderne. La diversité culturelle enrichit les communautés et favorise la compréhension entre différents groupes.,fra,train
Medical research continues to advance treatments and improve quality of life for millions. Space exploration has expanded our understanding of the universe and our place within it.,eng,train
"La diversidad cultural enriquece las comunidades y promueve la comprensión entre diferentes grupos. El Renacimiento fue un período de renacimiento cultural que transformó el arte, la literatura y la ciencia europeas.",spa,train
기후 변화는 21세기 인류가 직면한 가장 시급한 과제 중 하나입니다。 민주주의는 시민의 적극적 참여를 통해 효과적으로 기능하며 다양한 이익을 대표합니다.,kor,train
教育は現代社会における個人の成長と社会の進歩の基盤です。 量子計算は計算能力と問題解決力におけるパラダイムシフトを意味します。,jpn,test
El procesamiento del lenguaje natural permite a las computadoras entender el lenguaje humano de manera valiosa. La democracia requiere participación activa de los ciudadanos para funcionar efectivamente y representar diversos intereses.,spa,train
"Machine learning is a subset of artificial intelligence that focuses on algorithms and statistical models. The Renaissance was a period of cultural rebirth that transformed European art, literature, and science.",eng,train
"Python is a high-level programming language known for its simplicity and readability. The internet has revolutionized communication, commerce, and access to information globally.",eng,train
교육은 현대 사회에서 개인의 성장과 사회 발전의 토대입니다. 기후 변화는 21세기 인류가 직면한 가장 시급한 과제 중 하나입니다。,kor,train
L'éducation est fondamentale pour la croissance personnelle et le progrès sociétal dans le monde moderne. Le renard brun rapide saute par-dessus le chien paresseux. Ceci est un exemple de texte français.,fra,train
The quick brown fox jumps over the lazy dog. This is a sample English text for language identification. Education is fundamental to personal growth and societal progress in the modern world.,eng,train
"데이터 과학은 통계, 프로그래밍, 도메인 지식을 결합해 통찰을 이끌어냅니다. 의학 연구는 치료법을 지속적으로 발전시켜 수백만 명의 삶의 질을 향상시키고 있습니다.",kor,train
"The Renaissance was a period of cultural rebirth that transformed European art, literature, and science. Quantum computing represents a paradigm shift in computational power and problem-solving capabilities.",eng,train
Le renard brun rapide saute par-dessus le chien paresseux. Ceci est un exemple de texte français. L'informatique quantique représente un changement de paradigme dans la puissance computationnelle.,fra,val
"The internet has revolutionized communication, commerce, and access to information globally. Medical research continues to advance treatments and improve quality of life for millions.",eng,train
L'éducation est fondamentale pour la croissance personnelle et le progrès sociétal dans le monde moderne. La recherche médicale continue d'améliorer les traitements et la qualité de vie de millions de personnes.,fra,train
"L'informatique quantique représente un changement de paradigme dans la puissance computationnelle. La science des données combine statistiques, programmation et expertise du domaine pour extraire des insights.",fra,train
"Cultural diversity enriches communities and promotes understanding between different groups. Data science combines statistics, programming, and domain expertise to extract insights from data.",eng,test
La exploración espacial ha ampliado nuestra comprensión del universo y nuestro lugar en él. La educación es fundamental para el crecimiento personal y el progreso social en el mundo moderno.,spa,val
教育是現代世界個人成長和社會進步的基礎。 敏捷的棕色狐狸跳過了懶惰的狗。這是一段用於語言識別的中文文本示例。,zho,train
互聯網徹底改變了全球的通訊、商業和資訊獲取方式。 文化多樣性豐富了社區，促進了不同群體之間的相互理解。,zho,test
Education is fundamental to personal growth and societal progress in the modern world. Medical research continues to advance treatments and improve quality of life for millions.,eng,train
"La ciencia de datos combina estadísticas, programación y experiencia del dominio para extraer insights. Las fuentes de energía renovable como la solar y eólica son esenciales para el desarrollo sostenible.",spa,train
文藝復興時期是文化復興的時期，它改變了歐洲的藝術、文學和科學。 文化多樣性豐富了社區，促進了不同群體之間的相互理解。,zho,train
Python 是一種高級程式語言，以其簡潔性和可讀性而聞名。 文化多樣性豐富了社區，促進了不同群體之間的相互理解。,zho,train
L'informatique quantique représente un changement de paradigme dans la puissance computationnelle. L'exploration spatiale a élargi notre compréhension de l'univers et de notre place dans celui-ci.,fra,test
敏捷的棕色狐狸跳過了懶惰的狗。這是一段用於語言識別的中文文本示例。 醫學研究不斷推進治療方法，改善數百萬人的生活品質。,zho,train
"Internet a révolutionné la communication, le commerce et l'accès à l'information à l'échelle mondiale. La Renaissance fut une période de renouveau culturel qui transforma l'art, la littérature et la science européennes.",fra,train
Las fuentes de energía renovable como la solar y eólica son esenciales para el desarrollo sostenible. Python es un lenguaje de programación de alto nivel conocido por su simplicidad y legibilidad.,spa,val
太陽能和風能等再生能源對永續發展至關重要。 文藝復興時期是文化復興的時期，它改變了歐洲的藝術、文學和科學。,zho,train
Les sources d'énergie renouvelable comme le solaire et l'éolien sont essentielles pour le développement durable. L'éducation est fondamentale pour la croissance personnelle et le progrès sociétal dans le monde moderne.,fra,val
"데이터 과학은 통계, 프로그래밍, 도메인 지식을 결합해 통찰을 이끌어냅니다. 기계학습은 알고리즘과 통계 모델에 집중하는 인공지능의 한 분야입니다.",kor,train
The quick brown fox jumps over the lazy dog. This is a sample English text for language identification. Python is a high-level programming language known for its simplicity and readability.,eng,train
El aprendizaje automático es un subconjunto de la inteligencia artificial que se enfoca en algoritmos. La exploración espacial ha ampliado nuestra comprensión del universo y nuestro lugar en él.,spa,train
L'informatique quantique représente un changement de paradigme dans la puissance computationnelle. La diversité culturelle enrichit les communautés et favorise la compréhension entre différents groupes.,fra,train
"El Renacimiento fue un período de renacimiento cultural que transformó el arte, la literatura y la ciencia europeas. Internet ha revolucionado la comunicación, el comercio y el acceso a la información a nivel global.",spa,train
素早い茶色の狐が怠け者の犬を飛び越えました。これは言語識別のための日本語テキスト例です。 Python はその簡潔さと可読性で知られる高水準のプログラミング言語です。,jpn,train
"El Renacimiento fue un período de renacimiento cultural que transformó el arte, la literatura y la ciencia europeas.",spa,train
數據科學結合了統計學、程式設計和領域專業知識，以從數據中提取見解。 機器學習是人工智慧的一個子集，專注於演算法和統計模型。,zho,train
"Python est un langage de programmation de haut niveau connu pour sa simplicité et sa lisibilité. La science des données combine statistiques, programmation et expertise du domaine pour extraire des insights.",fra,val
The quick brown fox jumps over the lazy dog. This is a sample English text for language identification. Medical research continues to advance treatments and improve quality of life for millions.,eng,test
"La democracia requiere participación activa de los ciudadanos para funcionar efectivamente y representar diversos intereses. El Renacimiento fue un período de renacimiento cultural que transformó el arte, la literatura y la ciencia europeas.",spa,train
Medical research continues to advance treatments and improve quality of life for millions.,eng,train
"데이터 과학은 통계, 프로그래밍, 도메인 지식을 결합해 통찰을 이끌어냅니다. 인터넷은 전 세계의 소통, 상거래, 정보 접근을 혁신했습니다.",kor,train
La recherche médicale continue d'améliorer les traitements et la qualité de vie de millions de personnes. L'apprentissage automatique est un sous-ensemble de l'intelligence artificielle qui se concentre sur les algorithmes.,fra,train
"La Renaissance fut une période de renouveau culturel qui transforma l'art, la littérature et la science européennes. Les sources d'énergie renouvelable comme le solaire et l'éolien sont essentielles pour le développement durable.",fra,test
"El Renacimiento fue un período de renacimiento cultural que transformó el arte, la literatura y la ciencia europeas. La democracia requiere participación activa de los ciudadanos para funcionar efectivamente y representar diversos intereses.",spa,val
Le changement climatique est l'un des défis les plus pressants auxquels l'humanité est confrontée. L'informatique quantique représente un changement de paradigme dans la puissance computationnelle.,fra,train
太空探索擴展了我們對宇宙以及我們在宇宙中位置的理解。 教育是現代世界個人成長和社會進步的基礎。,zho,train
宇宙探査は私たちの宇宙観と自分たちの位置に対する理解を広げました。 太陽光や風力といった再生可能エネルギーは持続可能な発展に不可欠です。,jpn,train
자연어 처리는 컴퓨터가 인간 언어를 이해하고 가치 있게 다루도록 합니다. 파이썬은 간결성과 가독성으로 유명한 고수준 프로그래밍 언어입니다.,kor,train
"Machine learning is a subset of artificial intelligence that focuses on algorithms and statistical models. The internet has revolutionized communication, commerce, and access to information globally.",eng,train
La démocratie nécessite une participation active des citoyens pour fonctionner efficacement. Le changement climatique est l'un des défis les plus pressants auxquels l'humanité est confrontée.,fra,train
재빠른 갈색 여우가 게으른 개를 뛰어넘었습니다. 이는 언어 식별을 위한 한국어 예문입니다.,kor,train
"Renewable energy sources like solar and wind power are essential for sustainable development. The Renaissance was a period of cultural rebirth that transformed European art, literature, and science.",eng,val
素早い茶色の狐が怠け者の犬を飛び越えました。これは言語識別のための日本語テキスト例です。 自然言語処理により、コンピュータは人間の言語を理解し有効に処理できます。,jpn,train
의학 연구는 치료법을 지속적으로 발전시켜 수백만 명의 삶의 질을 향상시키고 있습니다. 재빠른 갈색 여우가 게으른 개를 뛰어넘었습니다. 이는 언어 식별을 위한 한국어 예문입니다.,kor,val
양자 컴퓨팅은 계산 능력과 문제 해결 방식의 패러다임 전환을 의미합니다. 우주 탐사는 우주와 그 속에서의 우리의 위치에 대한 이해를 넓혔습니다.,kor,train
기후 변화는 21세기 인류가 직면한 가장 시급한 과제 중 하나입니다。 민주주의는 시민의 적극적 참여를 통해 효과적으로 기능하며 다양한 이익을 대표합니다.,kor,train
El aprendizaje automático es un subconjunto de la inteligencia artificial que se enfoca en algoritmos. Las fuentes de energía renovable como la solar y eólica son esenciales para el desarrollo sostenible.,spa,train
教育は現代社会における個人の成長と社会の進歩の基盤です。 気候変動は21世紀に人類が直面する最も差し迫った課題の一つです。,jpn,train
La computación cuántica representa un cambio de paradigma en el poder computacional y las capacidades de resolución. La educación es fundamental para el crecimiento personal y el progreso social en el mundo moderno.,spa,test
Les sources d'énergie renouvelable comme le solaire et l'éolien sont essentielles pour le développement durable. L'exploration spatiale a élargi notre compréhension de l'univers et de notre place dans celui-ci.,fra,train
機械学習はアルゴリズムと統計モデルに焦点を当てる人工知能の一分野です。 インターネットは世界のコミュニケーション、商取引、情報アクセスを一変させました。,jpn,train
"El Renacimiento fue un período de renacimiento cultural que transformó el arte, la literatura y la ciencia europeas. Las fuentes de energía renovable como la solar y eólica son esenciales para el desarrollo sostenible.",spa,test
"The Renaissance was a period of cultural rebirth that transformed European art, literature, and science. Quantum computing represents a paradigm shift in computational power and problem-solving capabilities.",eng,train
민주주의는 시민의 적극적 참여를 통해 효과적으로 기능하며 다양한 이익을 대표합니다. 교육은 현대 사회에서 개인의 성장과 사회 발전의 토대입니다.,kor,train
"La science des données combine statistiques, programmation et expertise du domaine pour extraire des insights. Le changement climatique est l'un des défis les plus pressants auxquels l'humanité est confrontée.",fra,train
La investigación médica continúa avanzando en tratamientos y mejorando la calidad de vida de millones. El aprendizaje automático es un subconjunto de la inteligencia artificial que se enfoca en algoritmos.,spa,train
文藝復興時期是文化復興的時期，它改變了歐洲的藝術、文學和科學。 太空探索擴展了我們對宇宙以及我們在宇宙中位置的理解。,zho,train
우주 탐사는 우주와 그 속에서의 우리의 위치에 대한 이해를 넓혔습니다. 재빠른 갈색 여우가 게으른 개를 뛰어넘었습니다. 이는 언어 식별을 위한 한국어 예문입니다.,kor,test
Le changement climatique est l'un des défis les plus pressants auxquels l'humanité est confrontée. L'exploration spatiale a élargi notre compréhension de l'univers et de notre place dans celui-ci.,fra,train
文化的多様性はコミュニティを豊かにし、異なるグループ間の理解を促進します。 ルネサンスはヨーロッパの芸術、文学、科学を変えた文化的復興の時代でした。,jpn,val
自然言語処理により、コンピュータは人間の言語を理解し有効に処理できます。 太陽光や風力といった再生可能エネルギーは持続可能な発展に不可欠です。,jpn,train
"Internet ha revolucionado la comunicación, el comercio y el acceso a la información a nivel global. La computación cuántica representa un cambio de paradigma en el poder computacional y las capacidades de resolución.",spa,train
기후 변화는 21세기 인류가 직면한 가장 시급한 과제 중 하나입니다。 교육은 현대 사회에서 개인의 성장과 사회 발전의 토대입니다.,kor,val
"El Renacimiento fue un período de renacimiento cultural que transformó el arte, la literatura y la ciencia europeas. Python es un lenguaje de programación de alto nivel conocido por su simplicidad y legibilidad.",spa,train
Python is a high-level programming language known for its simplicity and readability. Machine learning is a subset of artificial intelligence that focuses on algorithms and statistical models.,eng,train
"문화적 다양성은 공동체를 풍요롭게 하며 서로 다른 집단 간의 이해를 촉진합니다。 르네상스는 유럽의 예술, 문학, 과학을 변화시킨 문화적 부흥기였습니다.",kor,train
"La démocratie nécessite une participation active des citoyens pour fonctionner efficacement. Internet a révolutionné la communication, le commerce et l'accès à l'information à l'échelle mondiale.",fra,train
Le changement climatique est l'un des défis les plus pressants auxquels l'humanité est confrontée. Le traitement du langage naturel permet aux ordinateurs de comprendre le langage humain de manière précise.,fra,train
民主主義は市民の積極的な参加によって効果的に機能し、多様な利益を代表します。 Python はその簡潔さと可読性で知られる高水準のプログラミング言語です。,jpn,val
의학 연구는 치료법을 지속적으로 발전시켜 수백만 명의 삶의 질을 향상시키고 있습니다. 파이썬은 간결성과 가독성으로 유명한 고수준 프로그래밍 언어입니다.,kor,train
"Internet ha revolucionado la comunicación, el comercio y el acceso a la información a nivel global. La investigación médica continúa avanzando en tratamientos y mejorando la calidad de vida de millones.",spa,train
"El Renacimiento fue un período de renacimiento cultural que transformó el arte, la literatura y la ciencia europeas. La diversidad cultural enriquece las comunidades y promueve la comprensión entre diferentes grupos.",spa,train
Climate change is one of the most pressing challenges facing humanity in the 21st century. Cultural diversity enriches communities and promotes understanding between different groups.,eng,test
データサイエンスは統計学、プログラミング、ドメイン知識を組み合わせて洞察を引き出します。 太陽光や風力といった再生可能エネルギーは持続可能な発展に不可欠です。,jpn,train
La educación es fundamental para el crecimiento personal y el progreso social en el mundo moderno. La computación cuántica representa un cambio de paradigma en el poder computacional y las capacidades de resolución.,spa,train
Le renard brun rapide saute par-dessus le chien paresseux. Ceci est un exemple de texte français. Python est un langage de programmation de haut niveau connu pour sa simplicité et sa lisibilité.,fra,train
Python is a high-level programming language known for its simplicity and readability. The quick brown fox jumps over the lazy dog. This is a sample English text for language identification.,eng,train
"Education is fundamental to personal growth and societal progress in the modern world. The internet has revolutionized communication, commerce, and access to information globally.",eng,train
"La Renaissance fut une période de renouveau culturel qui transforma l'art, la littérature et la science européennes. Le traitement du langage naturel permet aux ordinateurs de comprendre le langage humain de manière précise.",fra,train
"르네상스는 유럽의 예술, 문학, 과학을 변화시킨 문화적 부흥기였습니다. 의학 연구는 치료법을 지속적으로 발전시켜 수백만 명의 삶의 질을 향상시키고 있습니다.",kor,train
"The Renaissance was a period of cultural rebirth that transformed European art, literature, and science. Quantum computing represents a paradigm shift in computational power and problem-solving capabilities.",eng,train
민주주의는 시민의 적극적 참여를 통해 효과적으로 기능하며 다양한 이익을 대표합니다. 문화적 다양성은 공동체를 풍요롭게 하며 서로 다른 집단 간의 이해를 촉진합니다。,kor,train
機器學習是人工智慧的一個子集，專注於演算法和統計模型。 Python 是一種高級程式語言，以其簡潔性和可讀性而聞名。,zho,train
Machine learning is a subset of artificial intelligence that focuses on algorithms and statistical models. Quantum computing represents a paradigm shift in computational power and problem-solving capabilities.,eng,train
文化多樣性豐富了社區，促進了不同群體之間的相互理解。 Python 是一種高級程式語言，以其簡潔性和可讀性而聞名。,zho,val
Les sources d'énergie renouvelable comme le solaire et l'éolien sont essentielles pour le développement durable. L'exploration spatiale a élargi notre compréhension de l'univers et de notre place dans celui-ci.,fra,test
L'informatique quantique représente un changement de paradigme dans la puissance computationnelle. La démocratie nécessite une participation active des citoyens pour fonctionner efficacement.,fra,train
素早い茶色の狐が怠け者の犬を飛び越えました。これは言語識別のための日本語テキスト例です。 太陽光や風力といった再生可能エネルギーは持続可能な発展に不可欠です。,jpn,train
"El Renacimiento fue un período de renacimiento cultural que transformó el arte, la literatura y la ciencia europeas. Las fuentes de energía renovable como la solar y eólica son esenciales para el desarrollo sostenible.",spa,train
"La ciencia de datos combina estadísticas, programación y experiencia del dominio para extraer insights. El aprendizaje automático es un subconjunto de la inteligencia artificial que se enfoca en algoritmos.",spa,train
El aprendizaje automático es un subconjunto de la inteligencia artificial que se enfoca en algoritmos. La diversidad cultural enriquece las comunidades y promueve la comprensión entre diferentes grupos.,spa,train
El cambio climático es uno de los desafíos más urgentes que enfrenta la humanidad en el siglo XXI. El procesamiento del lenguaje natural permite a las computadoras entender el lenguaje humano de manera valiosa.,spa,train
La diversité culturelle enrichit les communautés et favorise la compréhension entre différents groupes. L'informatique quantique représente un changement de paradigme dans la puissance computationnelle.,fra,train
자연어 처리는 컴퓨터가 인간 언어를 이해하고 가치 있게 다루도록 합니다. 양자 컴퓨팅은 계산 능력과 문제 해결 방식의 패러다임 전환을 의미합니다.,kor,train
太陽能和風能等再生能源對永續發展至關重要。 互聯網徹底改變了全球的通訊、商業和資訊獲取方式。,zho,val
太陽能和風能等再生能源對永續發展至關重要。 機器學習是人工智慧的一個子集，專注於演算法和統計模型。,zho,train
La démocratie nécessite une participation active des citoyens pour fonctionner efficacement. La recherche médicale continue d'améliorer les traitements et la qualité de vie de millions de personnes.,fra,val
量子計算代表了計算能力和問題解決能力的範式轉移。 文藝復興時期是文化復興的時期，它改變了歐洲的藝術、文學和科學。,zho,train
Machine learning is a subset of artificial intelligence that focuses on algorithms and statistical models. Quantum computing represents a paradigm shift in computational power and problem-solving capabilities.,eng,val
"The internet has revolutionized communication, commerce, and access to information globally. Education is fundamental to personal growth and societal progress in the modern world.",eng,train
La democracia requiere participación activa de los ciudadanos para funcionar efectivamente y representar diversos intereses. El procesamiento del lenguaje natural permite a las computadoras entender el lenguaje humano de manera valiosa.,spa,test
L'apprentissage automatique est un sous-ensemble de l'intelligence artificielle qui se concentre sur les algorithmes. L'exploration spatiale a élargi notre compréhension de l'univers et de notre place dans celui-ci.,fra,train
El zorro marrón rápido salta sobre el perro perezoso. Este es un ejemplo de texto en español. El cambio climático es uno de los desafíos más urgentes que enfrenta la humanidad en el siglo XXI.,spa,test
Education is fundamental to personal growth and societal progress in the modern world. Machine learning is a subset of artificial intelligence that focuses on algorithms and statistical models.,eng,train
Python is a high-level programming language known for its simplicity and readability. Climate change is one of the most pressing challenges facing humanity in the 21st century.,eng,test
기계학습은 알고리즘과 통계 모델에 집중하는 인공지능의 한 분야입니다.,kor,train
"Machine learning is a subset of artificial intelligence that focuses on algorithms and statistical models. The Renaissance was a period of cultural rebirth that transformed European art, literature, and science.",eng,train
교육은 현대 사회에서 개인의 성장과 사회 발전의 토대입니다. 기계학습은 알고리즘과 통계 모델에 집중하는 인공지능의 한 분야입니다.,kor,train
L'informatique quantique représente un changement de paradigme dans la puissance computationnelle. Le renard brun rapide saute par-dessus le chien paresseux. Ceci est un exemple de texte français.,fra,val
宇宙探査は私たちの宇宙観と自分たちの位置に対する理解を広げました。 太陽光や風力といった再生可能エネルギーは持続可能な発展に不可欠です。,jpn,train
"La recherche médicale continue d'améliorer les traitements et la qualité de vie de millions de personnes. La science des données combine statistiques, programmation et expertise du domaine pour extraire des insights.",fra,test
"Quantum computing represents a paradigm shift in computational power and problem-solving capabilities. The internet has revolutionized communication, commerce, and access to information globally.",eng,train
Python はその簡潔さと可読性で知られる高水準のプログラミング言語です。 民主主義は市民の積極的な参加によって効果的に機能し、多様な利益を代表します。,jpn,train
Python 是一種高級程式語言，以其簡潔性和可讀性而聞名。 文藝復興時期是文化復興的時期，它改變了歐洲的藝術、文學和科學。,zho,train
文化的多様性はコミュニティを豊かにし、異なるグループ間の理解を促進します。 民主主義は市民の積極的な参加によって効果的に機能し、多様な利益を代表します。,jpn,train
教育は現代社会における個人の成長と社会の進歩の基盤です。 機械学習はアルゴリズムと統計モデルに焦点を当てる人工知能の一分野です。,jpn,val
"자연어 처리는 컴퓨터가 인간 언어를 이해하고 가치 있게 다루도록 합니다. 인터넷은 전 세계의 소통, 상거래, 정보 접근을 혁신했습니다.",kor,train
"Data science combines statistics, programming, and domain expertise to extract insights from data. The internet has revolutionized communication, commerce, and access to information globally.",eng,train
El cambio climático es uno de los desafíos más urgentes que enfrenta la humanidad en el siglo XXI. Python es un lenguaje de programación de alto nivel conocido por su simplicidad y legibilidad.,spa,test
量子計算代表了計算能力和問題解決能力的範式轉移。 互聯網徹底改變了全球的通訊、商業和資訊獲取方式。,zho,train
문화적 다양성은 공동체를 풍요롭게 하며 서로 다른 집단 간의 이해를 촉진합니다。 양자 컴퓨팅은 계산 능력과 문제 해결 방식의 패러다임 전환을 의미합니다.,kor,train
La investigación médica continúa avanzando en tratamientos y mejorando la calidad de vida de millones. La diversidad cultural enriquece las comunidades y promueve la comprensión entre diferentes grupos.,spa,train
醫學研究不斷推進治療方法，改善數百萬人的生活品質。 自然語言處理使電腦能夠以有價值的方式理解和處理人類語言。,zho,train
L'apprentissage automatique est un sous-ensemble de l'intelligence artificielle qui se concentre sur les algorithmes. La recherche médicale continue d'améliorer les traitements et la qualité de vie de millions de personnes.,fra,train
太陽光や風力といった再生可能エネルギーは持続可能な発展に不可欠です。 気候変動は21世紀に人類が直面する最も差し迫った課題の一つです。,jpn,train
Le changement climatique est l'un des défis les plus pressants auxquels l'humanité est confrontée. Les sources d'énergie renouvelable comme le solaire et l'éolien sont essentielles pour le développement durable.,fra,test
양자 컴퓨팅은 계산 능력과 문제 해결 방식의 패러다임 전환을 의미합니다. 재빠른 갈색 여우가 게으른 개를 뛰어넘었습니다. 이는 언어 식별을 위한 한국어 예문입니다.,kor,train
インターネットは世界のコミュニケーション、商取引、情報アクセスを一変させました。,jpn,train
"Space exploration has expanded our understanding of the universe and our place within it. The internet has revolutionized communication, commerce, and access to information globally.",eng,train
"기계학습은 알고리즘과 통계 모델에 집중하는 인공지능의 한 분야입니다. 르네상스는 유럽의 예술, 문학, 과학을 변화시킨 문화적 부흥기였습니다.",kor,train
Las fuentes de energía renovable como la solar y eólica son esenciales para el desarrollo sostenible. Python es un lenguaje de programación de alto nivel conocido por su simplicidad y legibilidad.,spa,val
파이썬은 간결성과 가독성으로 유명한 고수준 프로그래밍 언어입니다. 자연어 처리는 컴퓨터가 인간 언어를 이해하고 가치 있게 다루도록 합니다.,kor,train
"데이터 과학은 통계, 프로그래밍, 도메인 지식을 결합해 통찰을 이끌어냅니다. 르네상스는 유럽의 예술, 문학, 과학을 변화시킨 문화적 부흥기였습니다.",kor,train
自然言語処理により、コンピュータは人間の言語を理解し有効に処理できます。 気候変動は21世紀に人類が直面する最も差し迫った課題の一つです。,jpn,train
データサイエンスは統計学、プログラミング、ドメイン知識を組み合わせて洞察を引き出します。 インターネットは世界のコミュニケーション、商取引、情報アクセスを一変させました。,jpn,train
気候変動は21世紀に人類が直面する最も差し迫った課題の一つです。 教育は現代社会における個人の成長と社会の進歩の基盤です。,jpn,train
医療研究は治療を進歩させ、何百万人もの生活の質を向上させ続けています。 文化的多様性はコミュニティを豊かにし、異なるグループ間の理解を促進します。,jpn,train
"La science des données combine statistiques, programmation et expertise du domaine pour extraire des insights. La Renaissance fut une période de renouveau culturel qui transforma l'art, la littérature et la science européennes.",fra,train
教育は現代社会における個人の成長と社会の進歩の基盤です。 医療研究は治療を進歩させ、何百万人もの生活の質を向上させ続けています。,jpn,train
醫學研究不斷推進治療方法，改善數百萬人的生活品質。 數據科學結合了統計學、程式設計和領域專業知識，以從數據中提取見解。,zho,train
醫學研究不斷推進治療方法，改善數百萬人的生活品質。 敏捷的棕色狐狸跳過了懶惰的狗。這是一段用於語言識別的中文文本示例。,zho,val
"The Renaissance was a period of cultural rebirth that transformed European art, literature, and science. Cultural diversity enriches communities and promotes understanding between different groups.",eng,val
互聯網徹底改變了全球的通訊、商業和資訊獲取方式。 量子計算代表了計算能力和問題解決能力的範式轉移。,zho,train
L'éducation est fondamentale pour la croissance personnelle et le progrès sociétal dans le monde moderne. Le renard brun rapide saute par-dessus le chien paresseux. Ceci est un exemple de texte français.,fra,train
L'informatique quantique représente un changement de paradigme dans la puissance computationnelle. L'apprentissage automatique est un sous-ensemble de l'intelligence artificielle qui se concentre sur les algorithmes.,fra,train
기후 변화는 21세기 인류가 직면한 가장 시급한 과제 중 하나입니다。 교육은 현대 사회에서 개인의 성장과 사회 발전의 토대입니다.,kor,train
"Cultural diversity enriches communities and promotes understanding between different groups. Data science combines statistics, programming, and domain expertise to extract insights from data.",eng,train
교육은 현대 사회에서 개인의 성장과 사회 발전의 토대입니다. 기후 변화는 21세기 인류가 직면한 가장 시급한 과제 중 하나입니다。,kor,train
Las fuentes de energía renovable como la solar y eólica son esenciales para el desarrollo sostenible. El procesamiento del lenguaje natural permite a las computadoras entender el lenguaje humano de manera valiosa.,spa,train
Les sources d'énergie renouvelable comme le solaire et l'éolien sont essentielles pour le développement durable. L'exploration spatiale a élargi notre compréhension de l'univers et de notre place dans celui-ci.,fra,train
文化的多様性はコミュニティを豊かにし、異なるグループ間の理解を促進します。 民主主義は市民の積極的な参加によって効果的に機能し、多様な利益を代表します。,jpn,train
La investigación médica continúa avanzando en tratamientos y mejorando la calidad de vida de millones. El zorro marrón rápido salta sobre el perro perezoso. Este es un ejemplo de texto en español.,spa,val
Cultural diversity enriches communities and promotes understanding between different groups. The quick brown fox jumps over the lazy dog. This is a sample English text for language identification.,eng,train
우주 탐사는 우주와 그 속에서의 우리의 위치에 대한 이해를 넓혔습니다. 기계학습은 알고리즘과 통계 모델에 집중하는 인공지능의 한 분야입니다.,kor,train
"La Renaissance fut une période de renouveau culturel qui transforma l'art, la littérature et la science européennes. L'informatique quantique représente un changement de paradigme dans la puissance computationnelle.",fra,train
医療研究は治療を進歩させ、何百万人もの生活の質を向上させ続けています。 インターネットは世界のコミュニケーション、商取引、情報アクセスを一変させました。,jpn,train
의학 연구는 치료법을 지속적으로 발전시켜 수백만 명의 삶의 질을 향상시키고 있습니다. 태양광과 풍력 같은 재생 가능 에너지는 지속 가능한 발전에 필수적입니다.,kor,val
教育は現代社会における個人の成長と社会の進歩の基盤です。 インターネットは世界のコミュニケーション、商取引、情報アクセスを一変させました。,jpn,train
재빠른 갈색 여우가 게으른 개를 뛰어넘었습니다. 이는 언어 식별을 위한 한국어 예문입니다. 교육은 현대 사회에서 개인의 성장과 사회 발전의 토대입니다.,kor,train
民主主義は市民の積極的な参加によって効果的に機能し、多様な利益を代表します。 インターネットは世界のコミュニケーション、商取引、情報アクセスを一変させました。,jpn,val
La investigación médica continúa avanzando en tratamientos y mejorando la calidad de vida de millones. El procesamiento del lenguaje natural permite a las computadoras entender el lenguaje humano de manera valiosa.,spa,test
文藝復興時期是文化復興的時期，它改變了歐洲的藝術、文學和科學。 醫學研究不斷推進治療方法，改善數百萬人的生活品質。,zho,val
敏捷的棕色狐狸跳過了懶惰的狗。這是一段用於語言識別的中文文本示例。 太陽能和風能等再生能源對永續發展至關重要。,zho,val
太陽光や風力といった再生可能エネルギーは持続可能な発展に不可欠です。 医療研究は治療を進歩させ、何百万人もの生活の質を向上させ続けています。,jpn,train
"La science des données combine statistiques, programmation et expertise du domaine pour extraire des insights. Le renard brun rapide saute par-dessus le chien paresseux. Ceci est un exemple de texte français.",fra,train
Medical research continues to advance treatments and improve quality of life for millions. Cultural diversity enriches communities and promotes understanding between different groups.,eng,train
La diversidad cultural enriquece las comunidades y promueve la comprensión entre diferentes grupos. Python es un lenguaje de programación de alto nivel conocido por su simplicidad y legibilidad.,spa,train
L'informatique quantique représente un changement de paradigme dans la puissance computationnelle. Python est un langage de programmation de haut niveau connu pour sa simplicité et sa lisibilité.,fra,train
"Data science combines statistics, programming, and domain expertise to extract insights from data. The Renaissance was a period of cultural rebirth that transformed European art, literature, and science.",eng,train
La investigación médica continúa avanzando en tratamientos y mejorando la calidad de vida de millones. El procesamiento del lenguaje natural permite a las computadoras entender el lenguaje humano de manera valiosa.,spa,train
La democracia requiere participación activa de los ciudadanos para funcionar efectivamente y representar diversos intereses. El aprendizaje automático es un subconjunto de la inteligencia artificial que se enfoca en algoritmos.,spa,train
教育是現代世界個人成長和社會進步的基礎。 醫學研究不斷推進治療方法，改善數百萬人的生活品質。,zho,test
民主主義は市民の積極的な参加によって効果的に機能し、多様な利益を代表します。 宇宙探査は私たちの宇宙観と自分たちの位置に対する理解を広げました。,jpn,test
互聯網徹底改變了全球的通訊、商業和資訊獲取方式。 民主需要公民的積極參與才能有效運作並代表不同的利益。,zho,train
氣候變遷是 21 世紀人類面臨的最緊迫的挑戰之一。 文藝復興時期是文化復興的時期，它改變了歐洲的藝術、文學和科學。,zho,train
太空探索擴展了我們對宇宙以及我們在宇宙中位置的理解。 數據科學結合了統計學、程式設計和領域專業知識，以從數據中提取見解。,zho,train
La démocratie nécessite une participation active des citoyens pour fonctionner efficacement. La recherche médicale continue d'améliorer les traitements et la qualité de vie de millions de personnes.,fra,train
양자 컴퓨팅은 계산 능력과 문제 해결 방식의 패러다임 전환을 의미합니다. 기후 변화는 21세기 인류가 직면한 가장 시급한 과제 중 하나입니다。,kor,train
The quick brown fox jumps over the lazy dog. This is a sample English text for language identification. Machine learning is a subset of artificial intelligence that focuses on algorithms and statistical models.,eng,train
醫學研究不斷推進治療方法，改善數百萬人的生活品質。 文藝復興時期是文化復興的時期，它改變了歐洲的藝術、文學和科學。,zho,train
"Data science combines statistics, programming, and domain expertise to extract insights from data. Education is fundamental to personal growth and societal progress in the modern world.",eng,train
"Cultural diversity enriches communities and promotes understanding between different groups. The internet has revolutionized communication, commerce, and access to information globally.",eng,val
"Democracy requires active participation from citizens to function effectively and represent diverse interests. The Renaissance was a period of cultural rebirth that transformed European art, literature, and science.",eng,train
The quick brown fox jumps over the lazy dog. This is a sample English text for language identification. Python is a high-level programming language known for its simplicity and readability.,eng,train
기계학습은 알고리즘과 통계 모델에 집중하는 인공지능의 한 분야입니다. 민주주의는 시민의 적극적 참여를 통해 효과적으로 기능하며 다양한 이익을 대표합니다.,kor,train
Renewable energy sources like solar and wind power are essential for sustainable development. Python is a high-level programming language known for its simplicity and readability.,eng,train
Natural language processing enables computers to understand and process human language in valuable ways. Democracy requires active participation from citizens to function effectively and represent diverse interests.,eng,val
自然語言處理使電腦能夠以有價值的方式理解和處理人類語言。 互聯網徹底改變了全球的通訊、商業和資訊獲取方式。,zho,train
L'informatique quantique représente un changement de paradigme dans la puissance computationnelle. L'apprentissage automatique est un sous-ensemble de l'intelligence artificielle qui se concentre sur les algorithmes.,fra,train
Medical research continues to advance treatments and improve quality of life for millions. Quantum computing represents a paradigm shift in computational power and problem-solving capabilities.,eng,train
量子計算は計算能力と問題解決力におけるパラダイムシフトを意味します。 データサイエンスは統計学、プログラミング、ドメイン知識を組み合わせて洞察を引き出します。,jpn,train
Space exploration has expanded our understanding of the universe and our place within it. The quick brown fox jumps over the lazy dog. This is a sample English text for language identification.,eng,train
Quantum computing represents a paradigm shift in computational power and problem-solving capabilities. Climate change is one of the most pressing challenges facing humanity in the 21st century.,eng,train
La recherche médicale continue d'améliorer les traitements et la qualité de vie de millions de personnes. Le changement climatique est l'un des défis les plus pressants auxquels l'humanité est confrontée.,fra,train
Python はその簡潔さと可読性で知られる高水準のプログラミング言語です。 気候変動は21世紀に人類が直面する最も差し迫った課題の一つです。,jpn,val
ルネサンスはヨーロッパの芸術、文学、科学を変えた文化的復興の時代でした。 文化的多様性はコミュニティを豊かにし、異なるグループ間の理解を促進します。,jpn,val
ルネサンスはヨーロッパの芸術、文学、科学を変えた文化的復興の時代でした。 Python はその簡潔さと可読性で知られる高水準のプログラミング言語です。,jpn,train
La investigación médica continúa avanzando en tratamientos y mejorando la calidad de vida de millones. La computación cuántica representa un cambio de paradigma en el poder computacional y las capacidades de resolución.,spa,train
Medical research continues to advance treatments and improve quality of life for millions. Democracy requires active participation from citizens to function effectively and represent diverse interests.,eng,train
医療研究は治療を進歩させ、何百万人もの生活の質を向上させ続けています。 太陽光や風力といった再生可能エネルギーは持続可能な発展に不可欠です。,jpn,train
気候変動は21世紀に人類が直面する最も差し迫った課題の一つです。 素早い茶色の狐が怠け者の犬を飛び越えました。これは言語識別のための日本語テキスト例です。,jpn,train
La educación es fundamental para el crecimiento personal y el progreso social en el mundo moderno. La democracia requiere participación activa de los ciudadanos para funcionar efectivamente y representar diversos intereses.,spa,train
L'éducation est fondamentale pour la croissance personnelle et le progrès sociétal dans le monde moderne. L'exploration spatiale a élargi notre compréhension de l'univers et de notre place dans celui-ci.,fra,val
Climate change is one of the most pressing challenges facing humanity in the 21st century. The quick brown fox jumps over the lazy dog. This is a sample English text for language identification.,eng,val
우주 탐사는 우주와 그 속에서의 우리의 위치에 대한 이해를 넓혔습니다. 의학 연구는 치료법을 지속적으로 발전시켜 수백만 명의 삶의 질을 향상시키고 있습니다.,kor,test
"인터넷은 전 세계의 소통, 상거래, 정보 접근을 혁신했습니다. 데이터 과학은 통계, 프로그래밍, 도메인 지식을 결합해 통찰을 이끌어냅니다.",kor,val
El zorro marrón rápido salta sobre el perro perezoso. Este es un ejemplo de texto en español. La diversidad cultural enriquece las comunidades y promueve la comprensión entre diferentes grupos.,spa,train
"Climate change is one of the most pressing challenges facing humanity in the 21st century. The internet has revolutionized communication, commerce, and access to information globally.",eng,train
民主主義は市民の積極的な参加によって効果的に機能し、多様な利益を代表します。 自然言語処理により、コンピュータは人間の言語を理解し有効に処理できます。,jpn,train
La diversité culturelle enrichit les communautés et favorise la compréhension entre différents groupes. L'éducation est fondamentale pour la croissance personnelle et le progrès sociétal dans le monde moderne.,fra,train
Python est un langage de programmation de haut niveau connu pour sa simplicité et sa lisibilité. L'informatique quantique représente un changement de paradigme dans la puissance computationnelle.,fra,train
"Cultural diversity enriches communities and promotes understanding between different groups. The internet has revolutionized communication, commerce, and access to information globally.",eng,train
Space exploration has expanded our understanding of the universe and our place within it. Cultural diversity enriches communities and promotes understanding between different groups.,eng,train
氣候變遷是 21 世紀人類面臨的最緊迫的挑戰之一。 互聯網徹底改變了全球的通訊、商業和資訊獲取方式。,zho,train
Python est un langage de programmation de haut niveau connu pour sa simplicité et sa lisibilité. La recherche médicale continue d'améliorer les traitements et la qualité de vie de millions de personnes.,fra,train
教育是現代世界個人成長和社會進步的基礎。 數據科學結合了統計學、程式設計和領域專業知識，以從數據中提取見解。,zho,test
La diversité culturelle enrichit les communautés et favorise la compréhension entre différents groupes. Les sources d'énergie renouvelable comme le solaire et l'éolien sont essentielles pour le développement durable.,fra,test
太陽光や風力といった再生可能エネルギーは持続可能な発展に不可欠です。 量子計算は計算能力と問題解決力におけるパラダイムシフトを意味します。,jpn,train
기계학습은 알고리즘과 통계 모델에 집중하는 인공지능의 한 분야입니다. 민주주의는 시민의 적극적 참여를 통해 효과적으로 기능하며 다양한 이익을 대표합니다.,kor,train
Le renard brun rapide saute par-dessus le chien paresseux. Ceci est un exemple de texte français. Le changement climatique est l'un des défis les plus pressants auxquels l'humanité est confrontée.,fra,test
문화적 다양성은 공동체를 풍요롭게 하며 서로 다른 집단 간의 이해를 촉진합니다。 우주 탐사는 우주와 그 속에서의 우리의 위치에 대한 이해를 넓혔습니다.,kor,train
文藝復興時期是文化復興的時期，它改變了歐洲的藝術、文學和科學。 醫學研究不斷推進治療方法，改善數百萬人的生活品質。,zho,val
太空探索擴展了我們對宇宙以及我們在宇宙中位置的理解。 量子計算代表了計算能力和問題解決能力的範式轉移。,zho,train
"La educación es fundamental para el crecimiento personal y el progreso social en el mundo moderno. El Renacimiento fue un período de renacimiento cultural que transformó el arte, la literatura y la ciencia europeas.",spa,train
문화적 다양성은 공동체를 풍요롭게 하며 서로 다른 집단 간의 이해를 촉진합니다。 의학 연구는 치료법을 지속적으로 발전시켜 수백만 명의 삶의 질을 향상시키고 있습니다.,kor,train
L'éducation est fondamentale pour la croissance personnelle et le progrès sociétal dans le monde moderne. Le renard brun rapide saute par-dessus le chien paresseux. Ceci est un exemple de texte français.,fra,train
気候変動は21世紀に人類が直面する最も差し迫った課題の一つです。 自然言語処理により、コンピュータは人間の言語を理解し有効に処理できます。,jpn,train
醫學研究不斷推進治療方法，改善數百萬人的生活品質。,zho,test
"기계학습은 알고리즘과 통계 모델에 집중하는 인공지능의 한 분야입니다. 르네상스는 유럽의 예술, 문학, 과학을 변화시킨 문화적 부흥기였습니다.",kor,train
La educación es fundamental para el crecimiento personal y el progreso social en el mundo moderno. El procesamiento del lenguaje natural permite a las computadoras entender el lenguaje humano de manera valiosa.,spa,train
El aprendizaje automático es un subconjunto de la inteligencia artificial que se enfoca en algoritmos. La investigación médica continúa avanzando en tratamientos y mejorando la calidad de vida de millones.,spa,test
"L'informatique quantique représente un changement de paradigme dans la puissance computationnelle. La Renaissance fut une période de renouveau culturel qui transforma l'art, la littérature et la science européennes.",fra,test
ルネサンスはヨーロッパの芸術、文学、科学を変えた文化的復興の時代でした。,jpn,train
민주주의는 시민의 적극적 참여를 통해 효과적으로 기능하며 다양한 이익을 대표합니다. 파이썬은 간결성과 가독성으로 유명한 고수준 프로그래밍 언어입니다.,kor,test
L'éducation est fondamentale pour la croissance personnelle et le progrès sociétal dans le monde moderne. Le renard brun rapide saute par-dessus le chien paresseux. Ceci est un exemple de texte français.,fra,train
"Democracy requires active participation from citizens to function effectively and represent diverse interests. Data science combines statistics, programming, and domain expertise to extract insights from data.",eng,train
L'informatique quantique représente un changement de paradigme dans la puissance computationnelle. Le traitement du langage naturel permet aux ordinateurs de comprendre le langage humain de manière précise.,fra,train
"La investigación médica continúa avanzando en tratamientos y mejorando la calidad de vida de millones. El Renacimiento fue un período de renacimiento cultural que transformó el arte, la literatura y la ciencia europeas.",spa,train
L'exploration spatiale a élargi notre compréhension de l'univers et de notre place dans celui-ci. La diversité culturelle enrichit les communautés et favorise la compréhension entre différents groupes.,fra,val
"El aprendizaje automático es un subconjunto de la inteligencia artificial que se enfoca en algoritmos. La ciencia de datos combina estadísticas, programación y experiencia del dominio para extraer insights.",spa,train
"Python es un lenguaje de programación de alto nivel conocido por su simplicidad y legibilidad. La ciencia de datos combina estadísticas, programación y experiencia del dominio para extraer insights.",spa,test
量子計算は計算能力と問題解決力におけるパラダイムシフトを意味します。 医療研究は治療を進歩させ、何百万人もの生活の質を向上させ続けています。,jpn,train
量子計算は計算能力と問題解決力におけるパラダイムシフトを意味します。 気候変動は21世紀に人類が直面する最も差し迫った課題の一つです。,jpn,train
El aprendizaje automático es un subconjunto de la inteligencia artificial que se enfoca en algoritmos. El zorro marrón rápido salta sobre el perro perezoso. Este es un ejemplo de texto en español.,spa,test
Renewable energy sources like solar and wind power are essential for sustainable development. Democracy requires active participation from citizens to function effectively and represent diverse interests.,eng,test
Le renard brun rapide saute par-dessus le chien paresseux. Ceci est un exemple de texte français. La démocratie nécessite une participation active des citoyens pour fonctionner efficacement.,fra,train
Le changement climatique est l'un des défis les plus pressants auxquels l'humanité est confrontée. Les sources d'énergie renouvelable comme le solaire et l'éolien sont essentielles pour le développement durable.,fra,train
Democracy requires active participation from citizens to function effectively and represent diverse interests. Machine learning is a subset of artificial intelligence that focuses on algorithms and statistical models.,eng,train
재빠른 갈색 여우가 게으른 개를 뛰어넘었습니다. 이는 언어 식별을 위한 한국어 예문입니다. 태양광과 풍력 같은 재생 가능 에너지는 지속 가능한 발전에 필수적입니다.,kor,train
우주 탐사는 우주와 그 속에서의 우리의 위치에 대한 이해를 넓혔습니다. 태양광과 풍력 같은 재생 가능 에너지는 지속 가능한 발전에 필수적입니다.,kor,train
La educación es fundamental para el crecimiento personal y el progreso social en el mundo moderno. El procesamiento del lenguaje natural permite a las computadoras entender el lenguaje humano de manera valiosa.,spa,train
"기후 변화는 21세기 인류가 직면한 가장 시급한 과제 중 하나입니다。 르네상스는 유럽의 예술, 문학, 과학을 변화시킨 문화적 부흥기였습니다.",kor,train
Python 是一種高級程式語言，以其簡潔性和可讀性而聞名。 量子計算代表了計算能力和問題解決能力的範式轉移。,zho,train
문화적 다양성은 공동체를 풍요롭게 하며 서로 다른 집단 간의 이해를 촉진합니다。 민주주의는 시민의 적극적 참여를 통해 효과적으로 기능하며 다양한 이익을 대표합니다.,kor,val
"Cultural diversity enriches communities and promotes understanding between different groups. The Renaissance was a period of cultural rebirth that transformed European art, literature, and science.",eng,train
"The Renaissance was a period of cultural rebirth that transformed European art, literature, and science. Cultural diversity enriches communities and promotes understanding between different groups.",eng,train
民主主義は市民の積極的な参加によって効果的に機能し、多様な利益を代表します。 気候変動は21世紀に人類が直面する最も差し迫った課題の一つです。,jpn,train
"La ciencia de datos combina estadísticas, programación y experiencia del dominio para extraer insights. La democracia requiere participación activa de los ciudadanos para funcionar efectivamente y representar diversos intereses.",spa,train
파이썬은 간결성과 가독성으로 유명한 고수준 프로그래밍 언어입니다. 재빠른 갈색 여우가 게으른 개를 뛰어넘었습니다. 이는 언어 식별을 위한 한국어 예문입니다.,kor,train
문화적 다양성은 공동체를 풍요롭게 하며 서로 다른 집단 간의 이해를 촉진합니다。 의학 연구는 치료법을 지속적으로 발전시켜 수백만 명의 삶의 질을 향상시키고 있습니다.,kor,val
Cultural diversity enriches communities and promotes understanding between different groups. Quantum computing represents a paradigm shift in computational power and problem-solving capabilities.,eng,train
文藝復興時期是文化復興的時期，它改變了歐洲的藝術、文學和科學。 量子計算代表了計算能力和問題解決能力的範式轉移。,zho,val
Python 是一種高級程式語言，以其簡潔性和可讀性而聞名。 互聯網徹底改變了全球的通訊、商業和資訊獲取方式。,zho,train
Python はその簡潔さと可読性で知られる高水準のプログラミング言語です。 太陽光や風力といった再生可能エネルギーは持続可能な発展に不可欠です。,jpn,train
Climate change is one of the most pressing challenges facing humanity in the 21st century. Education is fundamental to personal growth and societal progress in the modern world.,eng,train
文藝復興時期是文化復興的時期，它改變了歐洲的藝術、文學和科學。 民主需要公民的積極參與才能有效運作並代表不同的利益。,zho,train
"민주주의는 시민의 적극적 참여를 통해 효과적으로 기능하며 다양한 이익을 대표합니다. 르네상스는 유럽의 예술, 문학, 과학을 변화시킨 문화적 부흥기였습니다.",kor,test
The quick brown fox jumps over the lazy dog. This is a sample English text for language identification. Education is fundamental to personal growth and societal progress in the modern world.,eng,train
"Internet ha revolucionado la comunicación, el comercio y el acceso a la información a nivel global. La exploración espacial ha ampliado nuestra comprensión del universo y nuestro lugar en él.",spa,val
태양광과 풍력 같은 재생 가능 에너지는 지속 가능한 발전에 필수적입니다. 문화적 다양성은 공동체를 풍요롭게 하며 서로 다른 집단 간의 이해를 촉진합니다。,kor,train
The quick brown fox jumps over the lazy dog. This is a sample English text for language identification. Quantum computing represents a paradigm shift in computational power and problem-solving capabilities.,eng,train
"El cambio climático es uno de los desafíos más urgentes que enfrenta la humanidad en el siglo XXI. El Renacimiento fue un período de renacimiento cultural que transformó el arte, la literatura y la ciencia europeas.",spa,val
太陽能和風能等再生能源對永續發展至關重要。 自然語言處理使電腦能夠以有價值的方式理解和處理人類語言。,zho,test
"The Renaissance was a period of cultural rebirth that transformed European art, literature, and science. Democracy requires active participation from citizens to function effectively and represent diverse interests.",eng,train
파이썬은 간결성과 가독성으로 유명한 고수준 프로그래밍 언어입니다. 자연어 처리는 컴퓨터가 인간 언어를 이해하고 가치 있게 다루도록 합니다.,kor,train
"Data science combines statistics, programming, and domain expertise to extract insights from data. Python is a high-level programming language known for its simplicity and readability.",eng,val
문화적 다양성은 공동체를 풍요롭게 하며 서로 다른 집단 간의 이해를 촉진합니다。 우주 탐사는 우주와 그 속에서의 우리의 위치에 대한 이해를 넓혔습니다.,kor,train
우주 탐사는 우주와 그 속에서의 우리의 위치에 대한 이해를 넓혔습니다. 의학 연구는 치료법을 지속적으로 발전시켜 수백만 명의 삶의 질을 향상시키고 있습니다.,kor,train
La educación es fundamental para el crecimiento personal y el progreso social en el mundo moderno. La investigación médica continúa avanzando en tratamientos y mejorando la calidad de vida de millones.,spa,val
"L'apprentissage automatique est un sous-ensemble de l'intelligence artificielle qui se concentre sur les algorithmes. La Renaissance fut une période de renouveau culturel qui transforma l'art, la littérature et la science européennes.",fra,train
기후 변화는 21세기 인류가 직면한 가장 시급한 과제 중 하나입니다。 우주 탐사는 우주와 그 속에서의 우리의 위치에 대한 이해를 넓혔습니다.,kor,train
宇宙探査は私たちの宇宙観と自分たちの位置に対する理解を広げました。 医療研究は治療を進歩させ、何百万人もの生活の質を向上させ続けています。,jpn,train
교육은 현대 사회에서 개인의 성장과 사회 발전의 토대입니다. 자연어 처리는 컴퓨터가 인간 언어를 이해하고 가치 있게 다루도록 합니다.,kor,train
太陽光や風力といった再生可能エネルギーは持続可能な発展に不可欠です。 ルネサンスはヨーロッパの芸術、文学、科学を変えた文化的復興の時代でした。,jpn,train
Education is fundamental to personal growth and societal progress in the modern world. The quick brown fox jumps over the lazy dog. This is a sample English text for language identification.,eng,test
素早い茶色の狐が怠け者の犬を飛び越えました。これは言語識別のための日本語テキスト例です。 気候変動は21世紀に人類が直面する最も差し迫った課題の一つです。,jpn,train
気候変動は21世紀に人類が直面する最も差し迫った課題の一つです。 量子計算は計算能力と問題解決力におけるパラダイムシフトを意味します。,jpn,val
Democracy requires active participation from citizens to function effectively and represent diverse interests. Python is a high-level programming language known for its simplicity and readability.,eng,train
Cultural diversity enriches communities and promotes understanding between different groups. Renewable energy sources like solar and wind power are essential for sustainable development.,eng,train
자연어 처리는 컴퓨터가 인간 언어를 이해하고 가치 있게 다루도록 합니다.,kor,val
El zorro marrón rápido salta sobre el perro perezoso. Este es un ejemplo de texto en español. La investigación médica continúa avanzando en tratamientos y mejorando la calidad de vida de millones.,spa,train
Python is a high-level programming language known for its simplicity and readability. Medical research continues to advance treatments and improve quality of life for millions.,eng,train
Las fuentes de energía renovable como la solar y eólica son esenciales para el desarrollo sostenible. La exploración espacial ha ampliado nuestra comprensión del universo y nuestro lugar en él.,spa,train
"양자 컴퓨팅은 계산 능력과 문제 해결 방식의 패러다임 전환을 의미합니다. 데이터 과학은 통계, 프로그래밍, 도메인 지식을 결합해 통찰을 이끌어냅니다.",kor,train
Cultural diversity enriches communities and promotes understanding between different groups. Space exploration has expanded our understanding of the universe and our place within it.,eng,val
"El Renacimiento fue un período de renacimiento cultural que transformó el arte, la literatura y la ciencia europeas. El procesamiento del lenguaje natural permite a las computadoras entender el lenguaje humano de manera valiosa.",spa,test
"Machine learning is a subset of artificial intelligence that focuses on algorithms and statistical models. The internet has revolutionized communication, commerce, and access to information globally.",eng,train
"L'informatique quantique représente un changement de paradigme dans la puissance computationnelle. La science des données combine statistiques, programmation et expertise du domaine pour extraire des insights.",fra,test
"The Renaissance was a period of cultural rebirth that transformed European art, literature, and science. Data science combines statistics, programming, and domain expertise to extract insights from data.",eng,test
"El Renacimiento fue un período de renacimiento cultural que transformó el arte, la literatura y la ciencia europeas. Internet ha revolucionado la comunicación, el comercio y el acceso a la información a nivel global.",spa,train
Les sources d'énergie renouvelable comme le solaire et l'éolien sont essentielles pour le développement durable. La démocratie nécessite une participation active des citoyens pour fonctionner efficacement.,fra,train
"데이터 과학은 통계, 프로그래밍, 도메인 지식을 결합해 통찰을 이끌어냅니다. 의학 연구는 치료법을 지속적으로 발전시켜 수백만 명의 삶의 질을 향상시키고 있습니다.",kor,train
教育は現代社会における個人の成長と社会の進歩の基盤です。 データサイエンスは統計学、プログラミング、ドメイン知識を組み合わせて洞察を引き出します。,jpn,train
"The Renaissance was a period of cultural rebirth that transformed European art, literature, and science. Machine learning is a subset of artificial intelligence that focuses on algorithms and statistical models.",eng,val
"데이터 과학은 통계, 프로그래밍, 도메인 지식을 결합해 통찰을 이끌어냅니다. 의학 연구는 치료법을 지속적으로 발전시켜 수백만 명의 삶의 질을 향상시키고 있습니다.",kor,test
"La Renaissance fut une période de renouveau culturel qui transforma l'art, la littérature et la science européennes. La science des données combine statistiques, programmation et expertise du domaine pour extraire des insights.",fra,test
La démocratie nécessite une participation active des citoyens pour fonctionner efficacement. L'exploration spatiale a élargi notre compréhension de l'univers et de notre place dans celui-ci.,fra,train
太空探索擴展了我們對宇宙以及我們在宇宙中位置的理解。 文藝復興時期是文化復興的時期，它改變了歐洲的藝術、文學和科學。,zho,train
"르네상스는 유럽의 예술, 문학, 과학을 변화시킨 문화적 부흥기였습니다. 기후 변화는 21세기 인류가 직면한 가장 시급한 과제 중 하나입니다。",kor,train
Python is a high-level programming language known for its simplicity and readability. Machine learning is a subset of artificial intelligence that focuses on algorithms and statistical models.,eng,test
El zorro marrón rápido salta sobre el perro perezoso. Este es un ejemplo de texto en español. La diversidad cultural enriquece las comunidades y promueve la comprensión entre diferentes grupos.,spa,train
La recherche médicale continue d'améliorer les traitements et la qualité de vie de millions de personnes. Le changement climatique est l'un des défis les plus pressants auxquels l'humanité est confrontée.,fra,train
"Renewable energy sources like solar and wind power are essential for sustainable development. The internet has revolutionized communication, commerce, and access to information globally.",eng,train
文化的多様性はコミュニティを豊かにし、異なるグループ間の理解を促進します。 自然言語処理により、コンピュータは人間の言語を理解し有効に処理できます。,jpn,train
"Data science combines statistics, programming, and domain expertise to extract insights from data. Natural language processing enables computers to understand and process human language in valuable ways.",eng,train
"La ciencia de datos combina estadísticas, programación y experiencia del dominio para extraer insights. Las fuentes de energía renovable como la solar y eólica son esenciales para el desarrollo sostenible.",spa,test
La educación es fundamental para el crecimiento personal y el progreso social en el mundo moderno. El procesamiento del lenguaje natural permite a las computadoras entender el lenguaje humano de manera valiosa.,spa,val
Cultural diversity enriches communities and promotes understanding between different groups. Medical research continues to advance treatments and improve quality of life for millions.,eng,train
素早い茶色の狐が怠け者の犬を飛び越えました。これは言語識別のための日本語テキスト例です。 気候変動は21世紀に人類が直面する最も差し迫った課題の一つです。,jpn,train
敏捷的棕色狐狸跳過了懶惰的狗。這是一段用於語言識別的中文文本示例。 數據科學結合了統計學、程式設計和領域專業知識，以從數據中提取見解。,zho,train
Renewable energy sources like solar and wind power are essential for sustainable development. Cultural diversity enriches communities and promotes understanding between different groups.,eng,train
"자연어 처리는 컴퓨터가 인간 언어를 이해하고 가치 있게 다루도록 합니다. 인터넷은 전 세계의 소통, 상거래, 정보 접근을 혁신했습니다.",kor,val
太空探索擴展了我們對宇宙以及我們在宇宙中位置的理解。 敏捷的棕色狐狸跳過了懶惰的狗。這是一段用於語言識別的中文文本示例。,zho,val
La recherche médicale continue d'améliorer les traitements et la qualité de vie de millions de personnes.,fra,val
教育是現代世界個人成長和社會進步的基礎。 文化多樣性豐富了社區，促進了不同群體之間的相互理解。,zho,test
文藝復興時期是文化復興的時期，它改變了歐洲的藝術、文學和科學。 民主需要公民的積極參與才能有效運作並代表不同的利益。,zho,test
"The quick brown fox jumps over the lazy dog. This is a sample English text for language identification. The Renaissance was a period of cultural rebirth that transformed European art, literature, and science.",eng,train
"Python is a high-level programming language known for its simplicity and readability. Data science combines statistics, programming, and domain expertise to extract insights from data.",eng,train
民主需要公民的積極參與才能有效運作並代表不同的利益。 文藝復興時期是文化復興的時期，它改變了歐洲的藝術、文學和科學。,zho,val
Python est un langage de programmation de haut niveau connu pour sa simplicité et sa lisibilité. L'informatique quantique représente un changement de paradigme dans la puissance computationnelle.,fra,train
Natural language processing enables computers to understand and process human language in valuable ways. Medical research continues to advance treatments and improve quality of life for millions.,eng,train
La diversidad cultural enriquece las comunidades y promueve la comprensión entre diferentes grupos. La exploración espacial ha ampliado nuestra comprensión del universo y nuestro lugar en él.,spa,train
文化的多様性はコミュニティを豊かにし、異なるグループ間の理解を促進します。 素早い茶色の狐が怠け者の犬を飛び越えました。これは言語識別のための日本語テキスト例です。,jpn,train
Renewable energy sources like solar and wind power are essential for sustainable development. Space exploration has expanded our understanding of the universe and our place within it.,eng,test
La diversidad cultural enriquece las comunidades y promueve la comprensión entre diferentes grupos. La computación cuántica representa un cambio de paradigma en el poder computacional y las capacidades de resolución.,spa,train
太陽光や風力といった再生可能エネルギーは持続可能な発展に不可欠です。 素早い茶色の狐が怠け者の犬を飛び越えました。これは言語識別のための日本語テキスト例です。,jpn,train
Le renard brun rapide saute par-dessus le chien paresseux. Ceci est un exemple de texte français. Le changement climatique est l'un des défis les plus pressants auxquels l'humanité est confrontée.,fra,val
Machine learning is a subset of artificial intelligence that focuses on algorithms and statistical models. Space exploration has expanded our understanding of the universe and our place within it.,eng,test
"데이터 과학은 통계, 프로그래밍, 도메인 지식을 결합해 통찰을 이끌어냅니다. 기계학습은 알고리즘과 통계 모델에 집중하는 인공지능의 한 분야입니다.",kor,test
기계학습은 알고리즘과 통계 모델에 집중하는 인공지능의 한 분야입니다. 문화적 다양성은 공동체를 풍요롭게 하며 서로 다른 집단 간의 이해를 촉진합니다。,kor,train
素早い茶色の狐が怠け者の犬を飛び越えました。これは言語識別のための日本語テキスト例です。 太陽光や風力といった再生可能エネルギーは持続可能な発展に不可欠です。,jpn,train
量子計算代表了計算能力和問題解決能力的範式轉移。 Python 是一種高級程式語言，以其簡潔性和可讀性而聞名。,zho,train
機械学習はアルゴリズムと統計モデルに焦点を当てる人工知能の一分野です。 気候変動は21世紀に人類が直面する最も差し迫った課題の一つです。,jpn,train
素早い茶色の狐が怠け者の犬を飛び越えました。これは言語識別のための日本語テキスト例です。 太陽光や風力といった再生可能エネルギーは持続可能な発展に不可欠です。,jpn,train
자연어 처리는 컴퓨터가 인간 언어를 이해하고 가치 있게 다루도록 합니다. 우주 탐사는 우주와 그 속에서의 우리의 위치에 대한 이해를 넓혔습니다.,kor,train
機械学習はアルゴリズムと統計モデルに焦点を当てる人工知能の一分野です。 太陽光や風力といった再生可能エネルギーは持続可能な発展に不可欠です。,jpn,train
재빠른 갈색 여우가 게으른 개를 뛰어넘었습니다. 이는 언어 식별을 위한 한국어 예문입니다. 태양광과 풍력 같은 재생 가능 에너지는 지속 가능한 발전에 필수적입니다.,kor,train
El cambio climático es uno de los desafíos más urgentes que enfrenta la humanidad en el siglo XXI. Python es un lenguaje de programación de alto nivel conocido por su simplicidad y legibilidad.,spa,train
La investigación médica continúa avanzando en tratamientos y mejorando la calidad de vida de millones. El aprendizaje automático es un subconjunto de la inteligencia artificial que se enfoca en algoritmos.,spa,train
Medical research continues to advance treatments and improve quality of life for millions. Space exploration has expanded our understanding of the universe and our place within it.,eng,train
互聯網徹底改變了全球的通訊、商業和資訊獲取方式。 氣候變遷是 21 世紀人類面臨的最緊迫的挑戰之一。,zho,test
Python 是一種高級程式語言，以其簡潔性和可讀性而聞名。 醫學研究不斷推進治療方法，改善數百萬人的生活品質。,zho,test
Climate change is one of the most pressing challenges facing humanity in the 21st century. Space exploration has expanded our understanding of the universe and our place within it.,eng,train
互聯網徹底改變了全球的通訊、商業和資訊獲取方式。 氣候變遷是 21 世紀人類面臨的最緊迫的挑戰之一。,zho,train
民主需要公民的積極參與才能有效運作並代表不同的利益。 Python 是一種高級程式語言，以其簡潔性和可讀性而聞名。,zho,train
Python est un langage de programmation de haut niveau connu pour sa simplicité et sa lisibilité. Le renard brun rapide saute par-dessus le chien paresseux. Ceci est un exemple de texte français.,fra,train
"르네상스는 유럽의 예술, 문학, 과학을 변화시킨 문화적 부흥기였습니다. 기계학습은 알고리즘과 통계 모델에 집중하는 인공지능의 한 분야입니다.",kor,train
機器學習是人工智慧的一個子集，專注於演算法和統計模型。 太陽能和風能等再生能源對永續發展至關重要。,zho,train
気候変動は21世紀に人類が直面する最も差し迫った課題の一つです。 文化的多様性はコミュニティを豊かにし、異なるグループ間の理解を促進します。,jpn,train
"El Renacimiento fue un período de renacimiento cultural que transformó el arte, la literatura y la ciencia europeas. El aprendizaje automático es un subconjunto de la inteligencia artificial que se enfoca en algoritmos.",spa,train
太陽能和風能等再生能源對永續發展至關重要。 文藝復興時期是文化復興的時期，它改變了歐洲的藝術、文學和科學。,zho,train
자연어 처리는 컴퓨터가 인간 언어를 이해하고 가치 있게 다루도록 합니다. 파이썬은 간결성과 가독성으로 유명한 고수준 프로그래밍 언어입니다.,kor,train
太陽光や風力といった再生可能エネルギーは持続可能な発展に不可欠です。 文化的多様性はコミュニティを豊かにし、異なるグループ間の理解を促進します。,jpn,train
太陽能和風能等再生能源對永續發展至關重要。 教育是現代世界個人成長和社會進步的基礎。,zho,test
La investigación médica continúa avanzando en tratamientos y mejorando la calidad de vida de millones. La diversidad cultural enriquece las comunidades y promueve la comprensión entre diferentes grupos.,spa,train
El aprendizaje automático es un subconjunto de la inteligencia artificial que se enfoca en algoritmos. La educación es fundamental para el crecimiento personal y el progreso social en el mundo moderno.,spa,train
Space exploration has expanded our understanding of the universe and our place within it.,eng,train
La computación cuántica representa un cambio de paradigma en el poder computacional y las capacidades de resolución. La exploración espacial ha ampliado nuestra comprensión del universo y nuestro lugar en él.,spa,train
"El Renacimiento fue un período de renacimiento cultural que transformó el arte, la literatura y la ciencia europeas. El aprendizaje automático es un subconjunto de la inteligencia artificial que se enfoca en algoritmos.",spa,train
インターネットは世界のコミュニケーション、商取引、情報アクセスを一変させました。 ルネサンスはヨーロッパの芸術、文学、科学を変えた文化的復興の時代でした。,jpn,train
太陽光や風力といった再生可能エネルギーは持続可能な発展に不可欠です。 素早い茶色の狐が怠け者の犬を飛び越えました。これは言語識別のための日本語テキスト例です。,jpn,val
宇宙探査は私たちの宇宙観と自分たちの位置に対する理解を広げました。 機械学習はアルゴリズムと統計モデルに焦点を当てる人工知能の一分野です。,jpn,train
El aprendizaje automático es un subconjunto de la inteligencia artificial que se enfoca en algoritmos. El cambio climático es uno de los desafíos más urgentes que enfrenta la humanidad en el siglo XXI.,spa,test
醫學研究不斷推進治療方法，改善數百萬人的生活品質。 民主需要公民的積極參與才能有效運作並代表不同的利益。,zho,val
気候変動は21世紀に人類が直面する最も差し迫った課題の一つです。 量子計算は計算能力と問題解決力におけるパラダイムシフトを意味します。,jpn,train
Python 是一種高級程式語言，以其簡潔性和可讀性而聞名。 文藝復興時期是文化復興的時期，它改變了歐洲的藝術、文學和科學。,zho,train
"L'informatique quantique représente un changement de paradigme dans la puissance computationnelle. Internet a révolutionné la communication, le commerce et l'accès à l'information à l'échelle mondiale.",fra,train
互聯網徹底改變了全球的通訊、商業和資訊獲取方式。 Python 是一種高級程式語言，以其簡潔性和可讀性而聞名。,zho,train
"La Renaissance fut une période de renouveau culturel qui transforma l'art, la littérature et la science européennes. La diversité culturelle enrichit les communautés et favorise la compréhension entre différents groupes.",fra,test
"La exploración espacial ha ampliado nuestra comprensión del universo y nuestro lugar en él. Internet ha revolucionado la comunicación, el comercio y el acceso a la información a nivel global.",spa,train
Cultural diversity enriches communities and promotes understanding between different groups. Machine learning is a subset of artificial intelligence that focuses on algorithms and statistical models.,eng,train
Natural language processing enables computers to understand and process human language in valuable ways. Renewable energy sources like solar and wind power are essential for sustainable development.,eng,test
Climate change is one of the most pressing challenges facing humanity in the 21st century.,eng,train
"Le changement climatique est l'un des défis les plus pressants auxquels l'humanité est confrontée. La Renaissance fut une période de renouveau culturel qui transforma l'art, la littérature et la science européennes.",fra,train
"La exploración espacial ha ampliado nuestra comprensión del universo y nuestro lugar en él. Internet ha revolucionado la comunicación, el comercio y el acceso a la información a nivel global.",spa,train
ルネサンスはヨーロッパの芸術、文学、科学を変えた文化的復興の時代でした。 太陽光や風力といった再生可能エネルギーは持続可能な発展に不可欠です。,jpn,val
기계학습은 알고리즘과 통계 모델에 집중하는 인공지능의 한 분야입니다. 양자 컴퓨팅은 계산 능력과 문제 해결 방식의 패러다임 전환을 의미합니다.,kor,train
Machine learning is a subset of artificial intelligence that focuses on algorithms and statistical models. Cultural diversity enriches communities and promotes understanding between different groups.,eng,test
Python はその簡潔さと可読性で知られる高水準のプログラミング言語です。 民主主義は市民の積極的な参加によって効果的に機能し、多様な利益を代表します。,jpn,train
"Internet ha revolucionado la comunicación, el comercio y el acceso a la información a nivel global. El aprendizaje automático es un subconjunto de la inteligencia artificial que se enfoca en algoritmos.",spa,val
"르네상스는 유럽의 예술, 문학, 과학을 변화시킨 문화적 부흥기였습니다. 양자 컴퓨팅은 계산 능력과 문제 해결 방식의 패러다임 전환을 의미합니다.",kor,val
Quantum computing represents a paradigm shift in computational power and problem-solving capabilities. Python is a high-level programming language known for its simplicity and readability.,eng,val
La educación es fundamental para el crecimiento personal y el progreso social en el mundo moderno. La computación cuántica representa un cambio de paradigma en el poder computacional y las capacidades de resolución.,spa,train
교육은 현대 사회에서 개인의 성장과 사회 발전의 토대입니다. 기계학습은 알고리즘과 통계 모델에 집중하는 인공지능의 한 분야입니다.,kor,test
"양자 컴퓨팅은 계산 능력과 문제 해결 방식의 패러다임 전환을 의미합니다. 르네상스는 유럽의 예술, 문학, 과학을 변화시킨 문화적 부흥기였습니다.",kor,test
機械学習はアルゴリズムと統計モデルに焦点を当てる人工知能の一分野です。 Python はその簡潔さと可読性で知られる高水準のプログラミング言語です。,jpn,train
양자 컴퓨팅은 계산 능력과 문제 해결 방식의 패러다임 전환을 의미합니다. 민주주의는 시민의 적극적 참여를 통해 효과적으로 기능하며 다양한 이익을 대표합니다.,kor,train
Python 是一種高級程式語言，以其簡潔性和可讀性而聞名。 氣候變遷是 21 世紀人類面臨的最緊迫的挑戰之一。,zho,train
文化的多様性はコミュニティを豊かにし、異なるグループ間の理解を促進します。 ルネサンスはヨーロッパの芸術、文学、科学を変えた文化的復興の時代でした。,jpn,test
"The Renaissance was a period of cultural rebirth that transformed European art, literature, and science. Cultural diversity enriches communities and promotes understanding between different groups.",eng,train
Medical research continues to advance treatments and improve quality of life for millions. Python is a high-level programming language known for its simplicity and readability.,eng,train
"L'éducation est fondamentale pour la croissance personnelle et le progrès sociétal dans le monde moderne. Internet a révolutionné la communication, le commerce et l'accès à l'information à l'échelle mondiale.",fra,train
機器學習是人工智慧的一個子集，專注於演算法和統計模型。 太空探索擴展了我們對宇宙以及我們在宇宙中位置的理解。,zho,val
La exploración espacial ha ampliado nuestra comprensión del universo y nuestro lugar en él. La educación es fundamental para el crecimiento personal y el progreso social en el mundo moderno.,spa,test
教育是現代世界個人成長和社會進步的基礎。 太空探索擴展了我們對宇宙以及我們在宇宙中位置的理解。,zho,train
"Internet a révolutionné la communication, le commerce et l'accès à l'information à l'échelle mondiale. La recherche médicale continue d'améliorer les traitements et la qualité de vie de millions de personnes.",fra,train
El aprendizaje automático es un subconjunto de la inteligencia artificial que se enfoca en algoritmos. La diversidad cultural enriquece las comunidades y promueve la comprensión entre diferentes grupos.,spa,train
"르네상스는 유럽의 예술, 문학, 과학을 변화시킨 문화적 부흥기였습니다. 교육은 현대 사회에서 개인의 성장과 사회 발전의 토대입니다.",kor,train
Natural language processing enables computers to understand and process human language in valuable ways. Quantum computing represents a paradigm shift in computational power and problem-solving capabilities.,eng,train
L'apprentissage automatique est un sous-ensemble de l'intelligence artificielle qui se concentre sur les algorithmes. La recherche médicale continue d'améliorer les traitements et la qualité de vie de millions de personnes.,fra,train
機械学習はアルゴリズムと統計モデルに焦点を当てる人工知能の一分野です。 文化的多様性はコミュニティを豊かにし、異なるグループ間の理解を促進します。,jpn,train
宇宙探査は私たちの宇宙観と自分たちの位置に対する理解を広げました。 自然言語処理により、コンピュータは人間の言語を理解し有効に処理できます。,jpn,test
醫學研究不斷推進治療方法，改善數百萬人的生活品質。 文化多樣性豐富了社區，促進了不同群體之間的相互理解。,zho,train
"Internet ha revolucionado la comunicación, el comercio y el acceso a la información a nivel global. Las fuentes de energía renovable como la solar y eólica son esenciales para el desarrollo sostenible.",spa,train
宇宙探査は私たちの宇宙観と自分たちの位置に対する理解を広げました。 自然言語処理により、コンピュータは人間の言語を理解し有効に処理できます。,jpn,train
자연어 처리는 컴퓨터가 인간 언어를 이해하고 가치 있게 다루도록 합니다. 우주 탐사는 우주와 그 속에서의 우리의 위치에 대한 이해를 넓혔습니다.,kor,test
"L'informatique quantique représente un changement de paradigme dans la puissance computationnelle. La science des données combine statistiques, programmation et expertise du domaine pour extraire des insights.",fra,val
La investigación médica continúa avanzando en tratamientos y mejorando la calidad de vida de millones. La diversidad cultural enriquece las comunidades y promueve la comprensión entre diferentes grupos.,spa,test
"교육은 현대 사회에서 개인의 성장과 사회 발전의 토대입니다. 데이터 과학은 통계, 프로그래밍, 도메인 지식을 결합해 통찰을 이끌어냅니다.",kor,test
Le traitement du langage naturel permet aux ordinateurs de comprendre le langage humain de manière précise. L'exploration spatiale a élargi notre compréhension de l'univers et de notre place dans celui-ci.,fra,train
素早い茶色の狐が怠け者の犬を飛び越えました。これは言語識別のための日本語テキスト例です。 宇宙探査は私たちの宇宙観と自分たちの位置に対する理解を広げました。,jpn,val
El procesamiento del lenguaje natural permite a las computadoras entender el lenguaje humano de manera valiosa. El cambio climático es uno de los desafíos más urgentes que enfrenta la humanidad en el siglo XXI.,spa,train
La investigación médica continúa avanzando en tratamientos y mejorando la calidad de vida de millones. El aprendizaje automático es un subconjunto de la inteligencia artificial que se enfoca en algoritmos.,spa,test
"문화적 다양성은 공동체를 풍요롭게 하며 서로 다른 집단 간의 이해를 촉진합니다。 데이터 과학은 통계, 프로그래밍, 도메인 지식을 결합해 통찰을 이끌어냅니다.",kor,train
"Python es un lenguaje de programación de alto nivel conocido por su simplicidad y legibilidad. La ciencia de datos combina estadísticas, programación y experiencia del dominio para extraer insights.",spa,train
"La diversidad cultural enriquece las comunidades y promueve la comprensión entre diferentes grupos. El Renacimiento fue un período de renacimiento cultural que transformó el arte, la literatura y la ciencia europeas.",spa,train
"El procesamiento del lenguaje natural permite a las computadoras entender el lenguaje humano de manera valiosa. Internet ha revolucionado la comunicación, el comercio y el acceso a la información a nivel global.",spa,train
データサイエンスは統計学、プログラミング、ドメイン知識を組み合わせて洞察を引き出します。 教育は現代社会における個人の成長と社会の進歩の基盤です。,jpn,train
"Data science combines statistics, programming, and domain expertise to extract insights from data. Quantum computing represents a paradigm shift in computational power and problem-solving capabilities.",eng,train
"Le traitement du langage naturel permet aux ordinateurs de comprendre le langage humain de manière précise. Internet a révolutionné la communication, le commerce et l'accès à l'information à l'échelle mondiale.",fra,train
太陽能和風能等再生能源對永續發展至關重要。 文化多樣性豐富了社區，促進了不同群體之間的相互理解。,zho,test
재빠른 갈색 여우가 게으른 개를 뛰어넘었습니다. 이는 언어 식별을 위한 한국어 예문입니다. 자연어 처리는 컴퓨터가 인간 언어를 이해하고 가치 있게 다루도록 합니다.,kor,train
Las fuentes de energía renovable como la solar y eólica son esenciales para el desarrollo sostenible. La investigación médica continúa avanzando en tratamientos y mejorando la calidad de vida de millones.,spa,train
太陽能和風能等再生能源對永續發展至關重要。,zho,train
太陽能和風能等再生能源對永續發展至關重要。 量子計算代表了計算能力和問題解決能力的範式轉移。,zho,val
문화적 다양성은 공동체를 풍요롭게 하며 서로 다른 집단 간의 이해를 촉진합니다。 기계학습은 알고리즘과 통계 모델에 집중하는 인공지능의 한 분야입니다.,kor,train
Climate change is one of the most pressing challenges facing humanity in the 21st century. Natural language processing enables computers to understand and process human language in valuable ways.,eng,train
태양광과 풍력 같은 재생 가능 에너지는 지속 가능한 발전에 필수적입니다. 의학 연구는 치료법을 지속적으로 발전시켜 수백만 명의 삶의 질을 향상시키고 있습니다.,kor,train
La democracia requiere participación activa de los ciudadanos para funcionar efectivamente y representar diversos intereses. El aprendizaje automático es un subconjunto de la inteligencia artificial que se enfoca en algoritmos.,spa,test
"Internet ha revolucionado la comunicación, el comercio y el acceso a la información a nivel global. El procesamiento del lenguaje natural permite a las computadoras entender el lenguaje humano de manera valiosa.",spa,train
Space exploration has expanded our understanding of the universe and our place within it. Natural language processing enables computers to understand and process human language in valuable ways.,eng,train
재빠른 갈색 여우가 게으른 개를 뛰어넘었습니다. 이는 언어 식별을 위한 한국어 예문입니다. 의학 연구는 치료법을 지속적으로 발전시켜 수백만 명의 삶의 질을 향상시키고 있습니다.,kor,val
"The Renaissance was a period of cultural rebirth that transformed European art, literature, and science. The internet has revolutionized communication, commerce, and access to information globally.",eng,test
La recherche médicale continue d'améliorer les traitements et la qualité de vie de millions de personnes. Le traitement du langage naturel permet aux ordinateurs de comprendre le langage humain de manière précise.,fra,train
El cambio climático es uno de los desafíos más urgentes que enfrenta la humanidad en el siglo XXI. Las fuentes de energía renovable como la solar y eólica son esenciales para el desarrollo sostenible.,spa,train
"The internet has revolutionized communication, commerce, and access to information globally. Machine learning is a subset of artificial intelligence that focuses on algorithms and statistical models.",eng,train
量子計算代表了計算能力和問題解決能力的範式轉移。 Python 是一種高級程式語言，以其簡潔性和可讀性而聞名。,zho,train
數據科學結合了統計學、程式設計和領域專業知識，以從數據中提取見解。,zho,train
互聯網徹底改變了全球的通訊、商業和資訊獲取方式。 文藝復興時期是文化復興的時期，它改變了歐洲的藝術、文學和科學。,zho,train
データサイエンスは統計学、プログラミング、ドメイン知識を組み合わせて洞察を引き出します。 ルネサンスはヨーロッパの芸術、文学、科学を変えた文化的復興の時代でした。,jpn,val
Space exploration has expanded our understanding of the universe and our place within it. Python is a high-level programming language known for its simplicity and readability.,eng,test
"The internet has revolutionized communication, commerce, and access to information globally. The quick brown fox jumps over the lazy dog. This is a sample English text for language identification.",eng,train
La diversidad cultural enriquece las comunidades y promueve la comprensión entre diferentes grupos. La democracia requiere participación activa de los ciudadanos para funcionar efectivamente y representar diversos intereses.,spa,val
문화적 다양성은 공동체를 풍요롭게 하며 서로 다른 집단 간의 이해를 촉진합니다。 재빠른 갈색 여우가 게으른 개를 뛰어넘었습니다. 이는 언어 식별을 위한 한국어 예문입니다.,kor,test
素早い茶色の狐が怠け者の犬を飛び越えました。これは言語識別のための日本語テキスト例です。 機械学習はアルゴリズムと統計モデルに焦点を当てる人工知能の一分野です。,jpn,val
문화적 다양성은 공동체를 풍요롭게 하며 서로 다른 집단 간의 이해를 촉진합니다。 기계학습은 알고리즘과 통계 모델에 집중하는 인공지능의 한 분야입니다.,kor,train
Cultural diversity enriches communities and promotes understanding between different groups. The quick brown fox jumps over the lazy dog. This is a sample English text for language identification.,eng,test
文化的多様性はコミュニティを豊かにし、異なるグループ間の理解を促進します。 教育は現代社会における個人の成長と社会の進歩の基盤です。,jpn,train
L'exploration spatiale a élargi notre compréhension de l'univers et de notre place dans celui-ci. La diversité culturelle enrichit les communautés et favorise la compréhension entre différents groupes.,fra,train
互聯網徹底改變了全球的通訊、商業和資訊獲取方式。 民主需要公民的積極參與才能有效運作並代表不同的利益。,zho,train
"Internet a révolutionné la communication, le commerce et l'accès à l'information à l'échelle mondiale. Le renard brun rapide saute par-dessus le chien paresseux. Ceci est un exemple de texte français.",fra,train
"재빠른 갈색 여우가 게으른 개를 뛰어넘었습니다. 이는 언어 식별을 위한 한국어 예문입니다. 르네상스는 유럽의 예술, 문학, 과학을 변화시킨 문화적 부흥기였습니다.",kor,train
문화적 다양성은 공동체를 풍요롭게 하며 서로 다른 집단 간의 이해를 촉진합니다。 기계학습은 알고리즘과 통계 모델에 집중하는 인공지능의 한 분야입니다.,kor,train
民主主義は市民の積極的な参加によって効果的に機能し、多様な利益を代表します。 自然言語処理により、コンピュータは人間の言語を理解し有効に処理できます。,jpn,train
"The internet has revolutionized communication, commerce, and access to information globally. Data science combines statistics, programming, and domain expertise to extract insights from data.",eng,val
기계학습은 알고리즘과 통계 모델에 집중하는 인공지능의 한 분야입니다. 우주 탐사는 우주와 그 속에서의 우리의 위치에 대한 이해를 넓혔습니다.,kor,train
Python es un lenguaje de programación de alto nivel conocido por su simplicidad y legibilidad. La computación cuántica representa un cambio de paradigma en el poder computacional y las capacidades de resolución.,spa,train
敏捷的棕色狐狸跳過了懶惰的狗。這是一段用於語言識別的中文文本示例。 Python 是一種高級程式語言，以其簡潔性和可讀性而聞名。,zho,train
Renewable energy sources like solar and wind power are essential for sustainable development. Python is a high-level programming language known for its simplicity and readability.,eng,train
"Space exploration has expanded our understanding of the universe and our place within it. The internet has revolutionized communication, commerce, and access to information globally.",eng,val
互聯網徹底改變了全球的通訊、商業和資訊獲取方式。 文化多樣性豐富了社區，促進了不同群體之間的相互理解。,zho,train
教育是現代世界個人成長和社會進步的基礎。 文藝復興時期是文化復興的時期，它改變了歐洲的藝術、文學和科學。,zho,train
태양광과 풍력 같은 재생 가능 에너지는 지속 가능한 발전에 필수적입니다. 기후 변화는 21세기 인류가 직면한 가장 시급한 과제 중 하나입니다。,kor,train
Machine learning is a subset of artificial intelligence that focuses on algorithms and statistical models. Cultural diversity enriches communities and promotes understanding between different groups.,eng,val
氣候變遷是 21 世紀人類面臨的最緊迫的挑戰之一。 機器學習是人工智慧的一個子集，專注於演算法和統計模型。,zho,train
"El procesamiento del lenguaje natural permite a las computadoras entender el lenguaje humano de manera valiosa. Internet ha revolucionado la comunicación, el comercio y el acceso a la información a nivel global.",spa,test
機械学習はアルゴリズムと統計モデルに焦点を当てる人工知能の一分野です。 太陽光や風力といった再生可能エネルギーは持続可能な発展に不可欠です。,jpn,train
"La ciencia de datos combina estadísticas, programación y experiencia del dominio para extraer insights. El zorro marrón rápido salta sobre el perro perezoso. Este es un ejemplo de texto en español.",spa,val
互聯網徹底改變了全球的通訊、商業和資訊獲取方式。 敏捷的棕色狐狸跳過了懶惰的狗。這是一段用於語言識別的中文文本示例。,zho,train
Python はその簡潔さと可読性で知られる高水準のプログラミング言語です。 ルネサンスはヨーロッパの芸術、文学、科学を変えた文化的復興の時代でした。,jpn,train
気候変動は21世紀に人類が直面する最も差し迫った課題の一つです。 太陽光や風力といった再生可能エネルギーは持続可能な発展に不可欠です。,jpn,val
El zorro marrón rápido salta sobre el perro perezoso. Este es un ejemplo de texto en español. La democracia requiere participación activa de los ciudadanos para funcionar efectivamente y representar diversos intereses.,spa,val
Space exploration has expanded our understanding of the universe and our place within it. Cultural diversity enriches communities and promotes understanding between different groups.,eng,test
Space exploration has expanded our understanding of the universe and our place within it. Natural language processing enables computers to understand and process human language in valuable ways.,eng,train
문화적 다양성은 공동체를 풍요롭게 하며 서로 다른 집단 간의 이해를 촉진합니다。 민주주의는 시민의 적극적 참여를 통해 효과적으로 기능하며 다양한 이익을 대표합니다.,kor,train
インターネットは世界のコミュニケーション、商取引、情報アクセスを一変させました。 宇宙探査は私たちの宇宙観と自分たちの位置に対する理解を広げました。,jpn,train
Renewable energy sources like solar and wind power are essential for sustainable development. Machine learning is a subset of artificial intelligence that focuses on algorithms and statistical models.,eng,val
"인터넷은 전 세계의 소통, 상거래, 정보 접근을 혁신했습니다. 파이썬은 간결성과 가독성으로 유명한 고수준 프로그래밍 언어입니다.",kor,test
"La ciencia de datos combina estadísticas, programación y experiencia del dominio para extraer insights. La exploración espacial ha ampliado nuestra comprensión del universo y nuestro lugar en él.",spa,train
La democracia requiere participación activa de los ciudadanos para funcionar efectivamente y representar diversos intereses. Las fuentes de energía renovable como la solar y eólica son esenciales para el desarrollo sostenible.,spa,train
태양광과 풍력 같은 재생 가능 에너지는 지속 가능한 발전에 필수적입니다. 교육은 현대 사회에서 개인의 성장과 사회 발전의 토대입니다.,kor,train
L'éducation est fondamentale pour la croissance personnelle et le progrès sociétal dans le monde moderne. Le renard brun rapide saute par-dessus le chien paresseux. Ceci est un exemple de texte français.,fra,val
民主需要公民的積極參與才能有效運作並代表不同的利益。 數據科學結合了統計學、程式設計和領域專業知識，以從數據中提取見解。,zho,train
"La science des données combine statistiques, programmation et expertise du domaine pour extraire des insights. Python est un langage de programmation de haut niveau connu pour sa simplicité et sa lisibilité.",fra,train
우주 탐사는 우주와 그 속에서의 우리의 위치에 대한 이해를 넓혔습니다. 민주주의는 시민의 적극적 참여를 통해 효과적으로 기능하며 다양한 이익을 대표합니다.,kor,train
自然言語処理により、コンピュータは人間の言語を理解し有効に処理できます。 民主主義は市民の積極的な参加によって効果的に機能し、多様な利益を代表します。,jpn,train
La diversidad cultural enriquece las comunidades y promueve la comprensión entre diferentes grupos. El aprendizaje automático es un subconjunto de la inteligencia artificial que se enfoca en algoritmos.,spa,val
"La exploración espacial ha ampliado nuestra comprensión del universo y nuestro lugar en él. La ciencia de datos combina estadísticas, programación y experiencia del dominio para extraer insights.",spa,train
"Internet a révolutionné la communication, le commerce et l'accès à l'information à l'échelle mondiale. La démocratie nécessite une participation active des citoyens pour fonctionner efficacement.",fra,train
機器學習是人工智慧的一個子集，專注於演算法和統計模型。 量子計算代表了計算能力和問題解決能力的範式轉移。,zho,val
"Le changement climatique est l'un des défis les plus pressants auxquels l'humanité est confrontée. La science des données combine statistiques, programmation et expertise du domaine pour extraire des insights.",fra,val
Cultural diversity enriches communities and promotes understanding between different groups.,eng,val
"양자 컴퓨팅은 계산 능력과 문제 해결 방식의 패러다임 전환을 의미합니다. 데이터 과학은 통계, 프로그래밍, 도메인 지식을 결합해 통찰을 이끌어냅니다.",kor,train
民主需要公民的積極參與才能有效運作並代表不同的利益。 太空探索擴展了我們對宇宙以及我們在宇宙中位置的理解。,zho,train
"Renewable energy sources like solar and wind power are essential for sustainable development. The internet has revolutionized communication, commerce, and access to information globally.",eng,train
Python 是一種高級程式語言，以其簡潔性和可讀性而聞名。 教育是現代世界個人成長和社會進步的基礎。,zho,test
La investigación médica continúa avanzando en tratamientos y mejorando la calidad de vida de millones. Python es un lenguaje de programación de alto nivel conocido por su simplicidad y legibilidad.,spa,test
自然語言處理使電腦能夠以有價值的方式理解和處理人類語言。 數據科學結合了統計學、程式設計和領域專業知識，以從數據中提取見解。,zho,train
文化的多様性はコミュニティを豊かにし、異なるグループ間の理解を促進します。 インターネットは世界のコミュニケーション、商取引、情報アクセスを一変させました。,jpn,test
文藝復興時期是文化復興的時期，它改變了歐洲的藝術、文學和科學。 太空探索擴展了我們對宇宙以及我們在宇宙中位置的理解。,zho,train
교육은 현대 사회에서 개인의 성장과 사회 발전의 토대입니다. 재빠른 갈색 여우가 게으른 개를 뛰어넘었습니다. 이는 언어 식별을 위한 한국어 예문입니다.,kor,train
數據科學結合了統計學、程式設計和領域專業知識，以從數據中提取見解。 自然語言處理使電腦能夠以有價值的方式理解和處理人類語言。,zho,train
"El zorro marrón rápido salta sobre el perro perezoso. Este es un ejemplo de texto en español. El Renacimiento fue un período de renacimiento cultural que transformó el arte, la literatura y la ciencia europeas.",spa,train
Renewable energy sources like solar and wind power are essential for sustainable development. The quick brown fox jumps over the lazy dog. This is a sample English text for language identification.,eng,train
インターネットは世界のコミュニケーション、商取引、情報アクセスを一変させました。 機械学習はアルゴリズムと統計モデルに焦点を当てる人工知能の一分野です。,jpn,train
機械学習はアルゴリズムと統計モデルに焦点を当てる人工知能の一分野です。 気候変動は21世紀に人類が直面する最も差し迫った課題の一つです。,jpn,train
ルネサンスはヨーロッパの芸術、文学、科学を変えた文化的復興の時代でした。 機械学習はアルゴリズムと統計モデルに焦点を当てる人工知能の一分野です。,jpn,test
Python はその簡潔さと可読性で知られる高水準のプログラミング言語です。 医療研究は治療を進歩させ、何百万人もの生活の質を向上させ続けています。,jpn,train
"Data science combines statistics, programming, and domain expertise to extract insights from data. Democracy requires active participation from citizens to function effectively and represent diverse interests.",eng,train
"Le traitement du langage naturel permet aux ordinateurs de comprendre le langage humain de manière précise. La science des données combine statistiques, programmation et expertise du domaine pour extraire des insights.",fra,train
醫學研究不斷推進治療方法，改善數百萬人的生活品質。 氣候變遷是 21 世紀人類面臨的最緊迫的挑戰之一。,zho,train
Renewable energy sources like solar and wind power are essential for sustainable development. Machine learning is a subset of artificial intelligence that focuses on algorithms and statistical models.,eng,train
"The Renaissance was a period of cultural rebirth that transformed European art, literature, and science. Quantum computing represents a paradigm shift in computational power and problem-solving capabilities.",eng,train
기계학습은 알고리즘과 통계 모델에 집중하는 인공지능의 한 분야입니다. 기후 변화는 21세기 인류가 직면한 가장 시급한 과제 중 하나입니다。,kor,val
Python is a high-level programming language known for its simplicity and readability. Climate change is one of the most pressing challenges facing humanity in the 21st century.,eng,train
L'exploration spatiale a élargi notre compréhension de l'univers et de notre place dans celui-ci. Python est un langage de programmation de haut niveau connu pour sa simplicité et sa lisibilité.,fra,train
"Le changement climatique est l'un des défis les plus pressants auxquels l'humanité est confrontée. La Renaissance fut une période de renouveau culturel qui transforma l'art, la littérature et la science européennes.",fra,train
文化的多様性はコミュニティを豊かにし、異なるグループ間の理解を促進します。 Python はその簡潔さと可読性で知られる高水準のプログラミング言語です。,jpn,train
氣候變遷是 21 世紀人類面臨的最緊迫的挑戰之一。 太陽能和風能等再生能源對永續發展至關重要。,zho,test
Education is fundamental to personal growth and societal progress in the modern world.,eng,test
L'apprentissage automatique est un sous-ensemble de l'intelligence artificielle qui se concentre sur les algorithmes. Les sources d'énergie renouvelable comme le solaire et l'éolien sont essentielles pour le développement durable.,fra,train
量子計算は計算能力と問題解決力におけるパラダイムシフトを意味します。 教育は現代社会における個人の成長と社会の進歩の基盤です。,jpn,test
자연어 처리는 컴퓨터가 인간 언어를 이해하고 가치 있게 다루도록 합니다. 파이썬은 간결성과 가독성으로 유명한 고수준 프로그래밍 언어입니다.,kor,train
"L'informatique quantique représente un changement de paradigme dans la puissance computationnelle. La science des données combine statistiques, programmation et expertise du domaine pour extraire des insights.",fra,train
宇宙探査は私たちの宇宙観と自分たちの位置に対する理解を広げました。 Python はその簡潔さと可読性で知られる高水準のプログラミング言語です。,jpn,train
"Education is fundamental to personal growth and societal progress in the modern world. Data science combines statistics, programming, and domain expertise to extract insights from data.",eng,train
自然語言處理使電腦能夠以有價值的方式理解和處理人類語言。 教育是現代世界個人成長和社會進步的基礎。,zho,train
民主需要公民的積極參與才能有效運作並代表不同的利益。 教育是現代世界個人成長和社會進步的基礎。,zho,val
醫學研究不斷推進治療方法，改善數百萬人的生活品質。 互聯網徹底改變了全球的通訊、商業和資訊獲取方式。,zho,train
量子計算は計算能力と問題解決力におけるパラダイムシフトを意味します。 Python はその簡潔さと可読性で知られる高水準のプログラミング言語です。,jpn,train
La diversidad cultural enriquece las comunidades y promueve la comprensión entre diferentes grupos. El procesamiento del lenguaje natural permite a las computadoras entender el lenguaje humano de manera valiosa.,spa,train
ルネサンスはヨーロッパの芸術、文学、科学を変えた文化的復興の時代でした。 Python はその簡潔さと可読性で知られる高水準のプログラミング言語です。,jpn,train
"르네상스는 유럽의 예술, 문학, 과학을 변화시킨 문화적 부흥기였습니다. 기후 변화는 21세기 인류가 직면한 가장 시급한 과제 중 하나입니다。",kor,train
La exploración espacial ha ampliado nuestra comprensión del universo y nuestro lugar en él. El zorro marrón rápido salta sobre el perro perezoso. Este es un ejemplo de texto en español.,spa,train
"르네상스는 유럽의 예술, 문학, 과학을 변화시킨 문화적 부흥기였습니다. 인터넷은 전 세계의 소통, 상거래, 정보 접근을 혁신했습니다.",kor,val
自然言語処理により、コンピュータは人間の言語を理解し有効に処理できます。 宇宙探査は私たちの宇宙観と自分たちの位置に対する理解を広げました。,jpn,train
"La investigación médica continúa avanzando en tratamientos y mejorando la calidad de vida de millones. El Renacimiento fue un período de renacimiento cultural que transformó el arte, la literatura y la ciencia europeas.",spa,train
"La Renaissance fut une période de renouveau culturel qui transforma l'art, la littérature et la science européennes. Le traitement du langage naturel permet aux ordinateurs de comprendre le langage humain de manière précise.",fra,test
민주주의는 시민의 적극적 참여를 통해 효과적으로 기능하며 다양한 이익을 대표합니다. 태양광과 풍력 같은 재생 가능 에너지는 지속 가능한 발전에 필수적입니다.,kor,test
파이썬은 간결성과 가독성으로 유명한 고수준 프로그래밍 언어입니다. 양자 컴퓨팅은 계산 능력과 문제 해결 방식의 패러다임 전환을 의미합니다.,kor,train
La démocratie nécessite une participation active des citoyens pour fonctionner efficacement.,fra,val
Space exploration has expanded our understanding of the universe and our place within it. Cultural diversity enriches communities and promotes understanding between different groups.,eng,test
Le traitement du langage naturel permet aux ordinateurs de comprendre le langage humain de manière précise. Le changement climatique est l'un des défis les plus pressants auxquels l'humanité est confrontée.,fra,train
양자 컴퓨팅은 계산 능력과 문제 해결 방식의 패러다임 전환을 의미합니다. 기후 변화는 21세기 인류가 직면한 가장 시급한 과제 중 하나입니다。,kor,train
의학 연구는 치료법을 지속적으로 발전시켜 수백만 명의 삶의 질을 향상시키고 있습니다. 우주 탐사는 우주와 그 속에서의 우리의 위치에 대한 이해를 넓혔습니다.,kor,train
의학 연구는 치료법을 지속적으로 발전시켜 수백만 명의 삶의 질을 향상시키고 있습니다. 기후 변화는 21세기 인류가 직면한 가장 시급한 과제 중 하나입니다。,kor,train
民主主義は市民の積極的な参加によって効果的に機能し、多様な利益を代表します。 素早い茶色の狐が怠け者の犬を飛び越えました。これは言語識別のための日本語テキスト例です。,jpn,train
La recherche médicale continue d'améliorer les traitements et la qualité de vie de millions de personnes. Le changement climatique est l'un des défis les plus pressants auxquels l'humanité est confrontée.,fra,train
醫學研究不斷推進治療方法，改善數百萬人的生活品質。 文化多樣性豐富了社區，促進了不同群體之間的相互理解。,zho,test
太空探索擴展了我們對宇宙以及我們在宇宙中位置的理解。 文藝復興時期是文化復興的時期，它改變了歐洲的藝術、文學和科學。,zho,train
Python es un lenguaje de programación de alto nivel conocido por su simplicidad y legibilidad.,spa,train
민주주의는 시민의 적극적 참여를 통해 효과적으로 기능하며 다양한 이익을 대표합니다. 태양광과 풍력 같은 재생 가능 에너지는 지속 가능한 발전에 필수적입니다.,kor,test
自然語言處理使電腦能夠以有價值的方式理解和處理人類語言。 民主需要公民的積極參與才能有效運作並代表不同的利益。,zho,test
"Data science combines statistics, programming, and domain expertise to extract insights from data.",eng,val
"Data science combines statistics, programming, and domain expertise to extract insights from data. Education is fundamental to personal growth and societal progress in the modern world.",eng,train
文藝復興時期是文化復興的時期，它改變了歐洲的藝術、文學和科學。 教育是現代世界個人成長和社會進步的基礎。,zho,train
La recherche médicale continue d'améliorer les traitements et la qualité de vie de millions de personnes. La diversité culturelle enrichit les communautés et favorise la compréhension entre différents groupes.,fra,val
의학 연구는 치료법을 지속적으로 발전시켜 수백만 명의 삶의 질을 향상시키고 있습니다. 자연어 처리는 컴퓨터가 인간 언어를 이해하고 가치 있게 다루도록 합니다.,kor,train
Las fuentes de energía renovable como la solar y eólica son esenciales para el desarrollo sostenible. Python es un lenguaje de programación de alto nivel conocido por su simplicidad y legibilidad.,spa,train
"인터넷은 전 세계의 소통, 상거래, 정보 접근을 혁신했습니다. 자연어 처리는 컴퓨터가 인간 언어를 이해하고 가치 있게 다루도록 합니다.",kor,test
データサイエンスは統計学、プログラミング、ドメイン知識を組み合わせて洞察を引き出します。 Python はその簡潔さと可読性で知られる高水準のプログラミング言語です。,jpn,val
양자 컴퓨팅은 계산 능력과 문제 해결 방식의 패러다임 전환을 의미합니다. 기계학습은 알고리즘과 통계 모델에 집중하는 인공지능의 한 분야입니다.,kor,test
數據科學結合了統計學、程式設計和領域專業知識，以從數據中提取見解。 互聯網徹底改變了全球的通訊、商業和資訊獲取方式。,zho,train
素早い茶色の狐が怠け者の犬を飛び越えました。これは言語識別のための日本語テキスト例です。 データサイエンスは統計学、プログラミング、ドメイン知識を組み合わせて洞察を引き出します。,jpn,train
醫學研究不斷推進治療方法，改善數百萬人的生活品質。 自然語言處理使電腦能夠以有價值的方式理解和處理人類語言。,zho,train
Las fuentes de energía renovable como la solar y eólica son esenciales para el desarrollo sostenible. El aprendizaje automático es un subconjunto de la inteligencia artificial que se enfoca en algoritmos.,spa,train
ルネサンスはヨーロッパの芸術、文学、科学を変えた文化的復興の時代でした。 Python はその簡潔さと可読性で知られる高水準のプログラミング言語です。,jpn,val
Natural language processing enables computers to understand and process human language in valuable ways. Machine learning is a subset of artificial intelligence that focuses on algorithms and statistical models.,eng,train
L'informatique quantique représente un changement de paradigme dans la puissance computationnelle. La recherche médicale continue d'améliorer les traitements et la qualité de vie de millions de personnes.,fra,train
素早い茶色の狐が怠け者の犬を飛び越えました。これは言語識別のための日本語テキスト例です。 量子計算は計算能力と問題解決力におけるパラダイムシフトを意味します。,jpn,test
La democracia requiere participación activa de los ciudadanos para funcionar efectivamente y representar diversos intereses.,spa,train
気候変動は21世紀に人類が直面する最も差し迫った課題の一つです。 ルネサンスはヨーロッパの芸術、文学、科学を変えた文化的復興の時代でした。,jpn,train
Python is a high-level programming language known for its simplicity and readability. The quick brown fox jumps over the lazy dog. This is a sample English text for language identification.,eng,test
La democracia requiere participación activa de los ciudadanos para funcionar efectivamente y representar diversos intereses. La diversidad cultural enriquece las comunidades y promueve la comprensión entre diferentes grupos.,spa,train
"Internet ha revolucionado la comunicación, el comercio y el acceso a la información a nivel global. La diversidad cultural enriquece las comunidades y promueve la comprensión entre diferentes grupos.",spa,train
自然言語処理により、コンピュータは人間の言語を理解し有効に処理できます。 宇宙探査は私たちの宇宙観と自分たちの位置に対する理解を広げました。,jpn,train
양자 컴퓨팅은 계산 능력과 문제 해결 방식의 패러다임 전환을 의미합니다. 기후 변화는 21세기 인류가 직면한 가장 시급한 과제 중 하나입니다。,kor,test
"The Renaissance was a period of cultural rebirth that transformed European art, literature, and science. Quantum computing represents a paradigm shift in computational power and problem-solving capabilities.",eng,train
Space exploration has expanded our understanding of the universe and our place within it. Medical research continues to advance treatments and improve quality of life for millions.,eng,train
파이썬은 간결성과 가독성으로 유명한 고수준 프로그래밍 언어입니다. 기후 변화는 21세기 인류가 직면한 가장 시급한 과제 중 하나입니다。,kor,train
"La Renaissance fut une période de renouveau culturel qui transforma l'art, la littérature et la science européennes. La diversité culturelle enrichit les communautés et favorise la compréhension entre différents groupes.",fra,train
機械学習はアルゴリズムと統計モデルに焦点を当てる人工知能の一分野です。 気候変動は21世紀に人類が直面する最も差し迫った課題の一つです。,jpn,train
Cultural diversity enriches communities and promotes understanding between different groups. Machine learning is a subset of artificial intelligence that focuses on algorithms and statistical models.,eng,train
L'éducation est fondamentale pour la croissance personnelle et le progrès sociétal dans le monde moderne. Le renard brun rapide saute par-dessus le chien paresseux. Ceci est un exemple de texte français.,fra,train
Python はその簡潔さと可読性で知られる高水準のプログラミング言語です。 太陽光や風力といった再生可能エネルギーは持続可能な発展に不可欠です。,jpn,train
太陽光や風力といった再生可能エネルギーは持続可能な発展に不可欠です。 Python はその簡潔さと可読性で知られる高水準のプログラミング言語です。,jpn,train
La democracia requiere participación activa de los ciudadanos para funcionar efectivamente y representar diversos intereses. El aprendizaje automático es un subconjunto de la inteligencia artificial que se enfoca en algoritmos.,spa,val
Python is a high-level programming language known for its simplicity and readability. Cultural diversity enriches communities and promotes understanding between different groups.,eng,train
醫學研究不斷推進治療方法，改善數百萬人的生活品質。 教育是現代世界個人成長和社會進步的基礎。,zho,train
數據科學結合了統計學、程式設計和領域專業知識，以從數據中提取見解。 氣候變遷是 21 世紀人類面臨的最緊迫的挑戰之一。,zho,train
"Python est un langage de programmation de haut niveau connu pour sa simplicité et sa lisibilité. La Renaissance fut une période de renouveau culturel qui transforma l'art, la littérature et la science européennes.",fra,train
民主主義は市民の積極的な参加によって効果的に機能し、多様な利益を代表します。 宇宙探査は私たちの宇宙観と自分たちの位置に対する理解を広げました。,jpn,val
敏捷的棕色狐狸跳過了懶惰的狗。這是一段用於語言識別的中文文本示例。 量子計算代表了計算能力和問題解決能力的範式轉移。,zho,train
Le traitement du langage naturel permet aux ordinateurs de comprendre le langage humain de manière précise.,fra,train
民主主義は市民の積極的な参加によって効果的に機能し、多様な利益を代表します。 機械学習はアルゴリズムと統計モデルに焦点を当てる人工知能の一分野です。,jpn,train
의학 연구는 치료법을 지속적으로 발전시켜 수백만 명의 삶의 질을 향상시키고 있습니다. 양자 컴퓨팅은 계산 능력과 문제 해결 방식의 패러다임 전환을 의미합니다.,kor,train
Python is a high-level programming language known for its simplicity and readability. Renewable energy sources like solar and wind power are essential for sustainable development.,eng,train
"인터넷은 전 세계의 소통, 상거래, 정보 접근을 혁신했습니다. 르네상스는 유럽의 예술, 문학, 과학을 변화시킨 문화적 부흥기였습니다.",kor,train
L'exploration spatiale a élargi notre compréhension de l'univers et de notre place dans celui-ci. L'apprentissage automatique est un sous-ensemble de l'intelligence artificielle qui se concentre sur les algorithmes.,fra,train
素早い茶色の狐が怠け者の犬を飛び越えました。これは言語識別のための日本語テキスト例です。 文化的多様性はコミュニティを豊かにし、異なるグループ間の理解を促進します。,jpn,train
Las fuentes de energía renovable como la solar y eólica son esenciales para el desarrollo sostenible. La educación es fundamental para el crecimiento personal y el progreso social en el mundo moderno.,spa,train
文化多樣性豐富了社區，促進了不同群體之間的相互理解。 數據科學結合了統計學、程式設計和領域專業知識，以從數據中提取見解。,zho,train
El cambio climático es uno de los desafíos más urgentes que enfrenta la humanidad en el siglo XXI. Las fuentes de energía renovable como la solar y eólica son esenciales para el desarrollo sostenible.,spa,test
Python is a high-level programming language known for its simplicity and readability. Medical research continues to advance treatments and improve quality of life for millions.,eng,train
Cultural diversity enriches communities and promotes understanding between different groups. Education is fundamental to personal growth and societal progress in the modern world.,eng,test
Las fuentes de energía renovable como la solar y eólica son esenciales para el desarrollo sostenible. La educación es fundamental para el crecimiento personal y el progreso social en el mundo moderno.,spa,train
"La démocratie nécessite une participation active des citoyens pour fonctionner efficacement. La science des données combine statistiques, programmation et expertise du domaine pour extraire des insights.",fra,train
醫學研究不斷推進治療方法，改善數百萬人的生活品質。 文化多樣性豐富了社區，促進了不同群體之間的相互理解。,zho,val
敏捷的棕色狐狸跳過了懶惰的狗。這是一段用於語言識別的中文文本示例。 氣候變遷是 21 世紀人類面臨的最緊迫的挑戰之一。,zho,train
宇宙探査は私たちの宇宙観と自分たちの位置に対する理解を広げました。 民主主義は市民の積極的な参加によって効果的に機能し、多様な利益を代表します。,jpn,val
L'exploration spatiale a élargi notre compréhension de l'univers et de notre place dans celui-ci. L'informatique quantique représente un changement de paradigme dans la puissance computationnelle.,fra,test
"파이썬은 간결성과 가독성으로 유명한 고수준 프로그래밍 언어입니다. 인터넷은 전 세계의 소통, 상거래, 정보 접근을 혁신했습니다.",kor,test
La exploración espacial ha ampliado nuestra comprensión del universo y nuestro lugar en él.,spa,test
太陽能和風能等再生能源對永續發展至關重要。 教育是現代世界個人成長和社會進步的基礎。,zho,train
素早い茶色の狐が怠け者の犬を飛び越えました。これは言語識別のための日本語テキスト例です。 教育は現代社会における個人の成長と社会の進歩の基盤です。,jpn,train
機械学習はアルゴリズムと統計モデルに焦点を当てる人工知能の一分野です。 気候変動は21世紀に人類が直面する最も差し迫った課題の一つです。,jpn,train
El zorro marrón rápido salta sobre el perro perezoso. Este es un ejemplo de texto en español. La diversidad cultural enriquece las comunidades y promueve la comprensión entre diferentes grupos.,spa,train
インターネットは世界のコミュニケーション、商取引、情報アクセスを一変させました。 素早い茶色の狐が怠け者の犬を飛び越えました。これは言語識別のための日本語テキスト例です。,jpn,train
Python es un lenguaje de programación de alto nivel conocido por su simplicidad y legibilidad. El cambio climático es uno de los desafíos más urgentes que enfrenta la humanidad en el siglo XXI.,spa,train
文藝復興時期是文化復興的時期，它改變了歐洲的藝術、文學和科學。 太陽能和風能等再生能源對永續發展至關重要。,zho,train
Le traitement du langage naturel permet aux ordinateurs de comprendre le langage humain de manière précise. Le changement climatique est l'un des défis les plus pressants auxquels l'humanité est confrontée.,fra,test
宇宙探査は私たちの宇宙観と自分たちの位置に対する理解を広げました。 量子計算は計算能力と問題解決力におけるパラダイムシフトを意味します。,jpn,train
기후 변화는 21세기 인류가 직면한 가장 시급한 과제 중 하나입니다。 민주주의는 시민의 적극적 참여를 통해 효과적으로 기능하며 다양한 이익을 대표합니다.,kor,train
量子計算代表了計算能力和問題解決能力的範式轉移。 機器學習是人工智慧的一個子集，專注於演算法和統計模型。,zho,train
"Quantum computing represents a paradigm shift in computational power and problem-solving capabilities. The internet has revolutionized communication, commerce, and access to information globally.",eng,test
L'éducation est fondamentale pour la croissance personnelle et le progrès sociétal dans le monde moderne. Le renard brun rapide saute par-dessus le chien paresseux. Ceci est un exemple de texte français.,fra,train
"La ciencia de datos combina estadísticas, programación y experiencia del dominio para extraer insights. La exploración espacial ha ampliado nuestra comprensión del universo y nuestro lugar en él.",spa,val
"La Renaissance fut une période de renouveau culturel qui transforma l'art, la littérature et la science européennes. La science des données combine statistiques, programmation et expertise du domaine pour extraire des insights.",fra,train
インターネットは世界のコミュニケーション、商取引、情報アクセスを一変させました。 機械学習はアルゴリズムと統計モデルに焦点を当てる人工知能の一分野です。,jpn,train
Le renard brun rapide saute par-dessus le chien paresseux. Ceci est un exemple de texte français. L'éducation est fondamentale pour la croissance personnelle et le progrès sociétal dans le monde moderne.,fra,test
"Data science combines statistics, programming, and domain expertise to extract insights from data. Renewable energy sources like solar and wind power are essential for sustainable development.",eng,train
Climate change is one of the most pressing challenges facing humanity in the 21st century. Renewable energy sources like solar and wind power are essential for sustainable development.,eng,val
氣候變遷是 21 世紀人類面臨的最緊迫的挑戰之一。 機器學習是人工智慧的一個子集，專注於演算法和統計模型。,zho,train
El procesamiento del lenguaje natural permite a las computadoras entender el lenguaje humano de manera valiosa. La educación es fundamental para el crecimiento personal y el progreso social en el mundo moderno.,spa,val
양자 컴퓨팅은 계산 능력과 문제 해결 방식의 패러다임 전환을 의미합니다. 기계학습은 알고리즘과 통계 모델에 집중하는 인공지능의 한 분야입니다.,kor,train
기후 변화는 21세기 인류가 직면한 가장 시급한 과제 중 하나입니다。 파이썬은 간결성과 가독성으로 유명한 고수준 프로그래밍 언어입니다.,kor,val
Las fuentes de energía renovable como la solar y eólica son esenciales para el desarrollo sostenible. Python es un lenguaje de programación de alto nivel conocido por su simplicidad y legibilidad.,spa,train
Medical research continues to advance treatments and improve quality of life for millions. Renewable energy sources like solar and wind power are essential for sustainable development.,eng,train
Renewable energy sources like solar and wind power are essential for sustainable development.,eng,train
互聯網徹底改變了全球的通訊、商業和資訊獲取方式。 民主需要公民的積極參與才能有效運作並代表不同的利益。,zho,train
"Natural language processing enables computers to understand and process human language in valuable ways. Data science combines statistics, programming, and domain expertise to extract insights from data.",eng,test
El zorro marrón rápido salta sobre el perro perezoso. Este es un ejemplo de texto en español. Python es un lenguaje de programación de alto nivel conocido por su simplicidad y legibilidad.,spa,train
"Las fuentes de energía renovable como la solar y eólica son esenciales para el desarrollo sostenible. La ciencia de datos combina estadísticas, programación y experiencia del dominio para extraer insights.",spa,train
Le traitement du langage naturel permet aux ordinateurs de comprendre le langage humain de manière précise. Les sources d'énergie renouvelable comme le solaire et l'éolien sont essentielles pour le développement durable.,fra,train
Python はその簡潔さと可読性で知られる高水準のプログラミング言語です。 素早い茶色の狐が怠け者の犬を飛び越えました。これは言語識別のための日本語テキスト例です。,jpn,train
El cambio climático es uno de los desafíos más urgentes que enfrenta la humanidad en el siglo XXI. El zorro marrón rápido salta sobre el perro perezoso. Este es un ejemplo de texto en español.,spa,train
Cultural diversity enriches communities and promotes understanding between different groups. Democracy requires active participation from citizens to function effectively and represent diverse interests.,eng,train
El aprendizaje automático es un subconjunto de la inteligencia artificial que se enfoca en algoritmos. El zorro marrón rápido salta sobre el perro perezoso. Este es un ejemplo de texto en español.,spa,train
"인터넷은 전 세계의 소통, 상거래, 정보 접근을 혁신했습니다. 태양광과 풍력 같은 재생 가능 에너지는 지속 가능한 발전에 필수적입니다.",kor,train
L'informatique quantique représente un changement de paradigme dans la puissance computationnelle. Les sources d'énergie renouvelable comme le solaire et l'éolien sont essentielles pour le développement durable.,fra,train
El zorro marrón rápido salta sobre el perro perezoso. Este es un ejemplo de texto en español. El aprendizaje automático es un subconjunto de la inteligencia artificial que se enfoca en algoritmos.,spa,val
El cambio climático es uno de los desafíos más urgentes que enfrenta la humanidad en el siglo XXI. La democracia requiere participación activa de los ciudadanos para funcionar efectivamente y representar diversos intereses.,spa,test
"The internet has revolutionized communication, commerce, and access to information globally. Renewable energy sources like solar and wind power are essential for sustainable development.",eng,train
量子計算代表了計算能力和問題解決能力的範式轉移。 文化多樣性豐富了社區，促進了不同群體之間的相互理解。,zho,train
気候変動は21世紀に人類が直面する最も差し迫った課題の一つです。 Python はその簡潔さと可読性で知られる高水準のプログラミング言語です。,jpn,train
Climate change is one of the most pressing challenges facing humanity in the 21st century. Renewable energy sources like solar and wind power are essential for sustainable development.,eng,train
"La science des données combine statistiques, programmation et expertise du domaine pour extraire des insights. La diversité culturelle enrichit les communautés et favorise la compréhension entre différents groupes.",fra,train
"The internet has revolutionized communication, commerce, and access to information globally. Natural language processing enables computers to understand and process human language in valuable ways.",eng,train
"La Renaissance fut une période de renouveau culturel qui transforma l'art, la littérature et la science européennes. L'exploration spatiale a élargi notre compréhension de l'univers et de notre place dans celui-ci.",fra,train
L'éducation est fondamentale pour la croissance personnelle et le progrès sociétal dans le monde moderne. L'exploration spatiale a élargi notre compréhension de l'univers et de notre place dans celui-ci.,fra,train
"양자 컴퓨팅은 계산 능력과 문제 해결 방식의 패러다임 전환을 의미합니다. 데이터 과학은 통계, 프로그래밍, 도메인 지식을 결합해 통찰을 이끌어냅니다.",kor,val
気候変動は21世紀に人類が直面する最も差し迫った課題の一つです。 インターネットは世界のコミュニケーション、商取引、情報アクセスを一変させました。,jpn,train
太陽能和風能等再生能源對永續發展至關重要。 機器學習是人工智慧的一個子集，專注於演算法和統計模型。,zho,val
民主主義は市民の積極的な参加によって効果的に機能し、多様な利益を代表します。 文化的多様性はコミュニティを豊かにし、異なるグループ間の理解を促進します。,jpn,train
Python 是一種高級程式語言，以其簡潔性和可讀性而聞名。 太陽能和風能等再生能源對永續發展至關重要。,zho,train
"La Renaissance fut une période de renouveau culturel qui transforma l'art, la littérature et la science européennes. L'apprentissage automatique est un sous-ensemble de l'intelligence artificielle qui se concentre sur les algorithmes.",fra,train
"La science des données combine statistiques, programmation et expertise du domaine pour extraire des insights. L'exploration spatiale a élargi notre compréhension de l'univers et de notre place dans celui-ci.",fra,train
La educación es fundamental para el crecimiento personal y el progreso social en el mundo moderno. El cambio climático es uno de los desafíos más urgentes que enfrenta la humanidad en el siglo XXI.,spa,val
Cultural diversity enriches communities and promotes understanding between different groups. Climate change is one of the most pressing challenges facing humanity in the 21st century.,eng,train
Python はその簡潔さと可読性で知られる高水準のプログラミング言語です。 太陽光や風力といった再生可能エネルギーは持続可能な発展に不可欠です。,jpn,test
La investigación médica continúa avanzando en tratamientos y mejorando la calidad de vida de millones. El aprendizaje automático es un subconjunto de la inteligencia artificial que se enfoca en algoritmos.,spa,train
民主主義は市民の積極的な参加によって効果的に機能し、多様な利益を代表します。 太陽光や風力といった再生可能エネルギーは持続可能な発展に不可欠です。,jpn,train
互聯網徹底改變了全球的通訊、商業和資訊獲取方式。 量子計算代表了計算能力和問題解決能力的範式轉移。,zho,train
太陽能和風能等再生能源對永續發展至關重要。 互聯網徹底改變了全球的通訊、商業和資訊獲取方式。,zho,val
Las fuentes de energía renovable como la solar y eólica son esenciales para el desarrollo sostenible. La exploración espacial ha ampliado nuestra comprensión del universo y nuestro lugar en él.,spa,train
量子計算は計算能力と問題解決力におけるパラダイムシフトを意味します。 文化的多様性はコミュニティを豊かにし、異なるグループ間の理解を促進します。,jpn,val
醫學研究不斷推進治療方法，改善數百萬人的生活品質。 自然語言處理使電腦能夠以有價值的方式理解和處理人類語言。,zho,test
Medical research continues to advance treatments and improve quality of life for millions. Machine learning is a subset of artificial intelligence that focuses on algorithms and statistical models.,eng,train
L'éducation est fondamentale pour la croissance personnelle et le progrès sociétal dans le monde moderne. La diversité culturelle enrichit les communautés et favorise la compréhension entre différents groupes.,fra,train
우주 탐사는 우주와 그 속에서의 우리의 위치에 대한 이해를 넓혔습니다. 파이썬은 간결성과 가독성으로 유명한 고수준 프로그래밍 언어입니다.,kor,train
Education is fundamental to personal growth and societal progress in the modern world. The quick brown fox jumps over the lazy dog. This is a sample English text for language identification.,eng,train
Climate change is one of the most pressing challenges facing humanity in the 21st century. Cultural diversity enriches communities and promotes understanding between different groups.,eng,test
文化多樣性豐富了社區，促進了不同群體之間的相互理解。 民主需要公民的積極參與才能有效運作並代表不同的利益。,zho,train
医療研究は治療を進歩させ、何百万人もの生活の質を向上させ続けています。 文化的多様性はコミュニティを豊かにし、異なるグループ間の理解を促進します。,jpn,test
"르네상스는 유럽의 예술, 문학, 과학을 변화시킨 문화적 부흥기였습니다. 의학 연구는 치료법을 지속적으로 발전시켜 수백만 명의 삶의 질을 향상시키고 있습니다.",kor,train
Democracy requires active participation from citizens to function effectively and represent diverse interests. Machine learning is a subset of artificial intelligence that focuses on algorithms and statistical models.,eng,val
敏捷的棕色狐狸跳過了懶惰的狗。這是一段用於語言識別的中文文本示例。 太空探索擴展了我們對宇宙以及我們在宇宙中位置的理解。,zho,train
医療研究は治療を進歩させ、何百万人もの生活の質を向上させ続けています。 ルネサンスはヨーロッパの芸術、文学、科学を変えた文化的復興の時代でした。,jpn,train
民主主義は市民の積極的な参加によって効果的に機能し、多様な利益を代表します。 データサイエンスは統計学、プログラミング、ドメイン知識を組み合わせて洞察を引き出します。,jpn,train
Democracy requires active participation from citizens to function effectively and represent diverse interests. Quantum computing represents a paradigm shift in computational power and problem-solving capabilities.,eng,train
Python est un langage de programmation de haut niveau connu pour sa simplicité et sa lisibilité. L'informatique quantique représente un changement de paradigme dans la puissance computationnelle.,fra,train
量子計算は計算能力と問題解決力におけるパラダイムシフトを意味します。 文化的多様性はコミュニティを豊かにし、異なるグループ間の理解を促進します。,jpn,test
Machine learning is a subset of artificial intelligence that focuses on algorithms and statistical models. Education is fundamental to personal growth and societal progress in the modern world.,eng,val
El zorro marrón rápido salta sobre el perro perezoso. Este es un ejemplo de texto en español. Python es un lenguaje de programación de alto nivel conocido por su simplicidad y legibilidad.,spa,train
民主需要公民的積極參與才能有效運作並代表不同的利益。 機器學習是人工智慧的一個子集，專注於演算法和統計模型。,zho,train
"The internet has revolutionized communication, commerce, and access to information globally. Machine learning is a subset of artificial intelligence that focuses on algorithms and statistical models.",eng,val
Python es un lenguaje de programación de alto nivel conocido por su simplicidad y legibilidad. La democracia requiere participación activa de los ciudadanos para funcionar efectivamente y representar diversos intereses.,spa,train
量子計算は計算能力と問題解決力におけるパラダイムシフトを意味します。 Python はその簡潔さと可読性で知られる高水準のプログラミング言語です。,jpn,train
"Las fuentes de energía renovable como la solar y eólica son esenciales para el desarrollo sostenible. El Renacimiento fue un período de renacimiento cultural que transformó el arte, la literatura y la ciencia europeas.",spa,train
L'exploration spatiale a élargi notre compréhension de l'univers et de notre place dans celui-ci. Le renard brun rapide saute par-dessus le chien paresseux. Ceci est un exemple de texte français.,fra,train
Space exploration has expanded our understanding of the universe and our place within it. Renewable energy sources like solar and wind power are essential for sustainable development.,eng,val
Cultural diversity enriches communities and promotes understanding between different groups. Quantum computing represents a paradigm shift in computational power and problem-solving capabilities.,eng,test
量子計算は計算能力と問題解決力におけるパラダイムシフトを意味します。 太陽光や風力といった再生可能エネルギーは持続可能な発展に不可欠です。,jpn,train
量子計算代表了計算能力和問題解決能力的範式轉移。 民主需要公民的積極參與才能有效運作並代表不同的利益。,zho,train
民主需要公民的積極參與才能有效運作並代表不同的利益。 數據科學結合了統計學、程式設計和領域專業知識，以從數據中提取見解。,zho,train
素早い茶色の狐が怠け者の犬を飛び越えました。これは言語識別のための日本語テキスト例です。 宇宙探査は私たちの宇宙観と自分たちの位置に対する理解を広げました。,jpn,val
Renewable energy sources like solar and wind power are essential for sustainable development. Education is fundamental to personal growth and societal progress in the modern world.,eng,train
Medical research continues to advance treatments and improve quality of life for millions. Natural language processing enables computers to understand and process human language in valuable ways.,eng,train
文藝復興時期是文化復興的時期，它改變了歐洲的藝術、文學和科學。 互聯網徹底改變了全球的通訊、商業和資訊獲取方式。,zho,train
"양자 컴퓨팅은 계산 능력과 문제 해결 방식의 패러다임 전환을 의미합니다. 인터넷은 전 세계의 소통, 상거래, 정보 접근을 혁신했습니다.",kor,train
"Les sources d'énergie renouvelable comme le solaire et l'éolien sont essentielles pour le développement durable. La science des données combine statistiques, programmation et expertise du domaine pour extraire des insights.",fra,val
"우주 탐사는 우주와 그 속에서의 우리의 위치에 대한 이해를 넓혔습니다. 데이터 과학은 통계, 프로그래밍, 도메인 지식을 결합해 통찰을 이끌어냅니다.",kor,train
"기후 변화는 21세기 인류가 직면한 가장 시급한 과제 중 하나입니다。 데이터 과학은 통계, 프로그래밍, 도메인 지식을 결합해 통찰을 이끌어냅니다.",kor,train
インターネットは世界のコミュニケーション、商取引、情報アクセスを一変させました。 医療研究は治療を進歩させ、何百万人もの生活の質を向上させ続けています。,jpn,train
Education is fundamental to personal growth and societal progress in the modern world. Renewable energy sources like solar and wind power are essential for sustainable development.,eng,val
Space exploration has expanded our understanding of the universe and our place within it. The quick brown fox jumps over the lazy dog. This is a sample English text for language identification.,eng,train
Python es un lenguaje de programación de alto nivel conocido por su simplicidad y legibilidad. La democracia requiere participación activa de los ciudadanos para funcionar efectivamente y representar diversos intereses.,spa,train
氣候變遷是 21 世紀人類面臨的最緊迫的挑戰之一。 Python 是一種高級程式語言，以其簡潔性和可讀性而聞名。,zho,val
La diversidad cultural enriquece las comunidades y promueve la comprensión entre diferentes grupos. El zorro marrón rápido salta sobre el perro perezoso. Este es un ejemplo de texto en español.,spa,train
機器學習是人工智慧的一個子集，專注於演算法和統計模型。 文化多樣性豐富了社區，促進了不同群體之間的相互理解。,zho,test
"재빠른 갈색 여우가 게으른 개를 뛰어넘었습니다. 이는 언어 식별을 위한 한국어 예문입니다. 르네상스는 유럽의 예술, 문학, 과학을 변화시킨 문화적 부흥기였습니다.",kor,val
氣候變遷是 21 世紀人類面臨的最緊迫的挑戰之一。 互聯網徹底改變了全球的通訊、商業和資訊獲取方式。,zho,train
素早い茶色の狐が怠け者の犬を飛び越えました。これは言語識別のための日本語テキスト例です。 文化的多様性はコミュニティを豊かにし、異なるグループ間の理解を促進します。,jpn,train
Las fuentes de energía renovable como la solar y eólica son esenciales para el desarrollo sostenible. El procesamiento del lenguaje natural permite a las computadoras entender el lenguaje humano de manera valiosa.,spa,train
El aprendizaje automático es un subconjunto de la inteligencia artificial que se enfoca en algoritmos. El zorro marrón rápido salta sobre el perro perezoso. Este es un ejemplo de texto en español.,spa,val
"La diversité culturelle enrichit les communautés et favorise la compréhension entre différents groupes. La Renaissance fut une période de renouveau culturel qui transforma l'art, la littérature et la science européennes.",fra,val
Climate change is one of the most pressing challenges facing humanity in the 21st century. Machine learning is a subset of artificial intelligence that focuses on algorithms and statistical models.,eng,val
教育は現代社会における個人の成長と社会の進歩の基盤です。 医療研究は治療を進歩させ、何百万人もの生活の質を向上させ続けています。,jpn,test
의학 연구는 치료법을 지속적으로 발전시켜 수백만 명의 삶의 질을 향상시키고 있습니다. 기계학습은 알고리즘과 통계 모델에 집중하는 인공지능의 한 분야입니다.,kor,val
敏捷的棕色狐狸跳過了懶惰的狗。這是一段用於語言識別的中文文本示例。 太陽能和風能等再生能源對永續發展至關重要。,zho,train
L'informatique quantique représente un changement de paradigme dans la puissance computationnelle.,fra,train
재빠른 갈색 여우가 게으른 개를 뛰어넘었습니다. 이는 언어 식별을 위한 한국어 예문입니다. 태양광과 풍력 같은 재생 가능 에너지는 지속 가능한 발전에 필수적입니다.,kor,train
Quantum computing represents a paradigm shift in computational power and problem-solving capabilities. Democracy requires active participation from citizens to function effectively and represent diverse interests.,eng,train
文藝復興時期是文化復興的時期，它改變了歐洲的藝術、文學和科學。 Python 是一種高級程式語言，以其簡潔性和可讀性而聞名。,zho,val
素早い茶色の狐が怠け者の犬を飛び越えました。これは言語識別のための日本語テキスト例です。 自然言語処理により、コンピュータは人間の言語を理解し有効に処理できます。,jpn,test
"La science des données combine statistiques, programmation et expertise du domaine pour extraire des insights. L'informatique quantique représente un changement de paradigme dans la puissance computationnelle.",fra,test
La recherche médicale continue d'améliorer les traitements et la qualité de vie de millions de personnes. Le changement climatique est l'un des défis les plus pressants auxquels l'humanité est confrontée.,fra,train
量子計算代表了計算能力和問題解決能力的範式轉移。 氣候變遷是 21 世紀人類面臨的最緊迫的挑戰之一。,zho,val
氣候變遷是 21 世紀人類面臨的最緊迫的挑戰之一。 太空探索擴展了我們對宇宙以及我們在宇宙中位置的理解。,zho,train
Le changement climatique est l'un des défis les plus pressants auxquels l'humanité est confrontée. Python est un langage de programmation de haut niveau connu pour sa simplicité et sa lisibilité.,fra,train
氣候變遷是 21 世紀人類面臨的最緊迫的挑戰之一。 文藝復興時期是文化復興的時期，它改變了歐洲的藝術、文學和科學。,zho,train
"인터넷은 전 세계의 소통, 상거래, 정보 접근을 혁신했습니다.",kor,test
互聯網徹底改變了全球的通訊、商業和資訊獲取方式。 機器學習是人工智慧的一個子集，專注於演算法和統計模型。,zho,train
문화적 다양성은 공동체를 풍요롭게 하며 서로 다른 집단 간의 이해를 촉진합니다。 의학 연구는 치료법을 지속적으로 발전시켜 수백만 명의 삶의 질을 향상시키고 있습니다.,kor,train
"El Renacimiento fue un período de renacimiento cultural que transformó el arte, la literatura y la ciencia europeas. La investigación médica continúa avanzando en tratamientos y mejorando la calidad de vida de millones.",spa,val
宇宙探査は私たちの宇宙観と自分たちの位置に対する理解を広げました。 医療研究は治療を進歩させ、何百万人もの生活の質を向上させ続けています。,jpn,train
量子計算は計算能力と問題解決力におけるパラダイムシフトを意味します。 素早い茶色の狐が怠け者の犬を飛び越えました。これは言語識別のための日本語テキスト例です。,jpn,val
互聯網徹底改變了全球的通訊、商業和資訊獲取方式。 敏捷的棕色狐狸跳過了懶惰的狗。這是一段用於語言識別的中文文本示例。,zho,val
"La ciencia de datos combina estadísticas, programación y experiencia del dominio para extraer insights. La computación cuántica representa un cambio de paradigma en el poder computacional y las capacidades de resolución.",spa,val
Les sources d'énergie renouvelable comme le solaire et l'éolien sont essentielles pour le développement durable. Le changement climatique est l'un des défis les plus pressants auxquels l'humanité est confrontée.,fra,train
民主需要公民的積極參與才能有效運作並代表不同的利益。 量子計算代表了計算能力和問題解決能力的範式轉移。,zho,train
データサイエンスは統計学、プログラミング、ドメイン知識を組み合わせて洞察を引き出します。 文化的多様性はコミュニティを豊かにし、異なるグループ間の理解を促進します。,jpn,train
インターネットは世界のコミュニケーション、商取引、情報アクセスを一変させました。 民主主義は市民の積極的な参加によって効果的に機能し、多様な利益を代表します。,jpn,val
재빠른 갈색 여우가 게으른 개를 뛰어넘었습니다. 이는 언어 식별을 위한 한국어 예문입니다. 파이썬은 간결성과 가독성으로 유명한 고수준 프로그래밍 언어입니다.,kor,val
의학 연구는 치료법을 지속적으로 발전시켜 수백만 명의 삶의 질을 향상시키고 있습니다. 자연어 처리는 컴퓨터가 인간 언어를 이해하고 가치 있게 다루도록 합니다.,kor,train
太陽光や風力といった再生可能エネルギーは持続可能な発展に不可欠です。 文化的多様性はコミュニティを豊かにし、異なるグループ間の理解を促進します。,jpn,train
"El Renacimiento fue un período de renacimiento cultural que transformó el arte, la literatura y la ciencia europeas. La ciencia de datos combina estadísticas, programación y experiencia del dominio para extraer insights.",spa,val
教育は現代社会における個人の成長と社会の進歩の基盤です。 自然言語処理により、コンピュータは人間の言語を理解し有効に処理できます。,jpn,train
医療研究は治療を進歩させ、何百万人もの生活の質を向上させ続けています。 教育は現代社会における個人の成長と社会の進歩の基盤です。,jpn,train
気候変動は21世紀に人類が直面する最も差し迫った課題の一つです。 ルネサンスはヨーロッパの芸術、文学、科学を変えた文化的復興の時代でした。,jpn,test
太陽光や風力といった再生可能エネルギーは持続可能な発展に不可欠です。 文化的多様性はコミュニティを豊かにし、異なるグループ間の理解を促進します。,jpn,val
"Education is fundamental to personal growth and societal progress in the modern world. The internet has revolutionized communication, commerce, and access to information globally.",eng,val
互聯網徹底改變了全球的通訊、商業和資訊獲取方式。 教育是現代世界個人成長和社會進步的基礎。,zho,train
Python est un langage de programmation de haut niveau connu pour sa simplicité et sa lisibilité. Le renard brun rapide saute par-dessus le chien paresseux. Ceci est un exemple de texte français.,fra,test
Natural language processing enables computers to understand and process human language in valuable ways. Democracy requires active participation from citizens to function effectively and represent diverse interests.,eng,test
ルネサンスはヨーロッパの芸術、文学、科学を変えた文化的復興の時代でした。 太陽光や風力といった再生可能エネルギーは持続可能な発展に不可欠です。,jpn,train
"El Renacimiento fue un período de renacimiento cultural que transformó el arte, la literatura y la ciencia europeas. La democracia requiere participación activa de los ciudadanos para funcionar efectivamente y representar diversos intereses.",spa,train
Python はその簡潔さと可読性で知られる高水準のプログラミング言語です。 医療研究は治療を進歩させ、何百万人もの生活の質を向上させ続けています。,jpn,train
Python はその簡潔さと可読性で知られる高水準のプログラミング言語です。,jpn,train
문화적 다양성은 공동체를 풍요롭게 하며 서로 다른 집단 간의 이해를 촉진합니다。 기계학습은 알고리즘과 통계 모델에 집중하는 인공지능의 한 분야입니다.,kor,train
Medical research continues to advance treatments and improve quality of life for millions. Democracy requires active participation from citizens to function effectively and represent diverse interests.,eng,train
素早い茶色の狐が怠け者の犬を飛び越えました。これは言語識別のための日本語テキスト例です。 気候変動は21世紀に人類が直面する最も差し迫った課題の一つです。,jpn,train
"르네상스는 유럽의 예술, 문학, 과학을 변화시킨 문화적 부흥기였습니다. 양자 컴퓨팅은 계산 능력과 문제 해결 방식의 패러다임 전환을 의미합니다.",kor,train
"Internet a révolutionné la communication, le commerce et l'accès à l'information à l'échelle mondiale. Le changement climatique est l'un des défis les plus pressants auxquels l'humanité est confrontée.",fra,val
파이썬은 간결성과 가독성으로 유명한 고수준 프로그래밍 언어입니다. 자연어 처리는 컴퓨터가 인간 언어를 이해하고 가치 있게 다루도록 합니다.,kor,val
L'exploration spatiale a élargi notre compréhension de l'univers et de notre place dans celui-ci. Le traitement du langage naturel permet aux ordinateurs de comprendre le langage humain de manière précise.,fra,train
"La diversidad cultural enriquece las comunidades y promueve la comprensión entre diferentes grupos. El Renacimiento fue un período de renacimiento cultural que transformó el arte, la literatura y la ciencia europeas.",spa,val
醫學研究不斷推進治療方法，改善數百萬人的生活品質。 文化多樣性豐富了社區，促進了不同群體之間的相互理解。,zho,val
"Data science combines statistics, programming, and domain expertise to extract insights from data. The internet has revolutionized communication, commerce, and access to information globally.",eng,train
El cambio climático es uno de los desafíos más urgentes que enfrenta la humanidad en el siglo XXI. La computación cuántica representa un cambio de paradigma en el poder computacional y las capacidades de resolución.,spa,train
의학 연구는 치료법을 지속적으로 발전시켜 수백만 명의 삶의 질을 향상시키고 있습니다. 태양광과 풍력 같은 재생 가능 에너지는 지속 가능한 발전에 필수적입니다.,kor,test
"La diversidad cultural enriquece las comunidades y promueve la comprensión entre diferentes grupos. Internet ha revolucionado la comunicación, el comercio y el acceso a la información a nivel global.",spa,train
La computación cuántica representa un cambio de paradigma en el poder computacional y las capacidades de resolución. La diversidad cultural enriquece las comunidades y promueve la comprensión entre diferentes grupos.,spa,train
氣候變遷是 21 世紀人類面臨的最緊迫的挑戰之一。 機器學習是人工智慧的一個子集，專注於演算法和統計模型。,zho,train
自然言語処理により、コンピュータは人間の言語を理解し有効に処理できます。 インターネットは世界のコミュニケーション、商取引、情報アクセスを一変させました。,jpn,train
民主需要公民的積極參與才能有效運作並代表不同的利益。 太陽能和風能等再生能源對永續發展至關重要。,zho,train
"Quantum computing represents a paradigm shift in computational power and problem-solving capabilities. The Renaissance was a period of cultural rebirth that transformed European art, literature, and science.",eng,train
Les sources d'énergie renouvelable comme le solaire et l'éolien sont essentielles pour le développement durable.,fra,val
"데이터 과학은 통계, 프로그래밍, 도메인 지식을 결합해 통찰을 이끌어냅니다. 문화적 다양성은 공동체를 풍요롭게 하며 서로 다른 집단 간의 이해를 촉진합니다。",kor,train
自然語言處理使電腦能夠以有價值的方式理解和處理人類語言。 互聯網徹底改變了全球的通訊、商業和資訊獲取方式。,zho,train
"Internet a révolutionné la communication, le commerce et l'accès à l'information à l'échelle mondiale. La Renaissance fut une période de renouveau culturel qui transforma l'art, la littérature et la science européennes.",fra,train
文化的多様性はコミュニティを豊かにし、異なるグループ間の理解を促進します。,jpn,val
El procesamiento del lenguaje natural permite a las computadoras entender el lenguaje humano de manera valiosa. El zorro marrón rápido salta sobre el perro perezoso. Este es un ejemplo de texto en español.,spa,train
Renewable energy sources like solar and wind power are essential for sustainable development. Python is a high-level programming language known for its simplicity and readability.,eng,train
La democracia requiere participación activa de los ciudadanos para funcionar efectivamente y representar diversos intereses. Las fuentes de energía renovable como la solar y eólica son esenciales para el desarrollo sostenible.,spa,train
自然言語処理により、コンピュータは人間の言語を理解し有効に処理できます。 太陽光や風力といった再生可能エネルギーは持続可能な発展に不可欠です。,jpn,train
"La exploración espacial ha ampliado nuestra comprensión del universo y nuestro lugar en él. La ciencia de datos combina estadísticas, programación y experiencia del dominio para extraer insights.",spa,train
醫學研究不斷推進治療方法，改善數百萬人的生活品質。 氣候變遷是 21 世紀人類面臨的最緊迫的挑戰之一。,zho,train
"El Renacimiento fue un período de renacimiento cultural que transformó el arte, la literatura y la ciencia europeas. La investigación médica continúa avanzando en tratamientos y mejorando la calidad de vida de millones.",spa,train
"La science des données combine statistiques, programmation et expertise du domaine pour extraire des insights. La diversité culturelle enrichit les communautés et favorise la compréhension entre différents groupes.",fra,train
The quick brown fox jumps over the lazy dog. This is a sample English text for language identification. Medical research continues to advance treatments and improve quality of life for millions.,eng,train
"El Renacimiento fue un período de renacimiento cultural que transformó el arte, la literatura y la ciencia europeas. La ciencia de datos combina estadísticas, programación y experiencia del dominio para extraer insights.",spa,train
民主主義は市民の積極的な参加によって効果的に機能し、多様な利益を代表します。,jpn,train
機器學習是人工智慧的一個子集，專注於演算法和統計模型。 文藝復興時期是文化復興的時期，它改變了歐洲的藝術、文學和科學。,zho,train
"르네상스는 유럽의 예술, 문학, 과학을 변화시킨 문화적 부흥기였습니다. 민주주의는 시민의 적극적 참여를 통해 효과적으로 기능하며 다양한 이익을 대표합니다.",kor,train
La computación cuántica representa un cambio de paradigma en el poder computacional y las capacidades de resolución. La educación es fundamental para el crecimiento personal y el progreso social en el mundo moderno.,spa,val
氣候變遷是 21 世紀人類面臨的最緊迫的挑戰之一。 太陽能和風能等再生能源對永續發展至關重要。,zho,train
La educación es fundamental para el crecimiento personal y el progreso social en el mundo moderno. La exploración espacial ha ampliado nuestra comprensión del universo y nuestro lugar en él.,spa,train
教育は現代社会における個人の成長と社会の進歩の基盤です。 気候変動は21世紀に人類が直面する最も差し迫った課題の一つです。,jpn,test
La exploración espacial ha ampliado nuestra comprensión del universo y nuestro lugar en él. El cambio climático es uno de los desafíos más urgentes que enfrenta la humanidad en el siglo XXI.,spa,val
"르네상스는 유럽의 예술, 문학, 과학을 변화시킨 문화적 부흥기였습니다. 기계학습은 알고리즘과 통계 모델에 집중하는 인공지능의 한 분야입니다.",kor,test
素早い茶色の狐が怠け者の犬を飛び越えました。これは言語識別のための日本語テキスト例です。 Python はその簡潔さと可読性で知られる高水準のプログラミング言語です。,jpn,val
"La diversidad cultural enriquece las comunidades y promueve la comprensión entre diferentes grupos. La ciencia de datos combina estadísticas, programación y experiencia del dominio para extraer insights.",spa,test
La exploración espacial ha ampliado nuestra comprensión del universo y nuestro lugar en él. La democracia requiere participación activa de los ciudadanos para funcionar efectivamente y representar diversos intereses.,spa,train
"The Renaissance was a period of cultural rebirth that transformed European art, literature, and science. Renewable energy sources like solar and wind power are essential for sustainable development.",eng,train
Python is a high-level programming language known for its simplicity and readability.,eng,train
文化多樣性豐富了社區，促進了不同群體之間的相互理解。 自然語言處理使電腦能夠以有價值的方式理解和處理人類語言。,zho,train
自然語言處理使電腦能夠以有價值的方式理解和處理人類語言。 氣候變遷是 21 世紀人類面臨的最緊迫的挑戰之一。,zho,train
"기계학습은 알고리즘과 통계 모델에 집중하는 인공지능의 한 분야입니다. 인터넷은 전 세계의 소통, 상거래, 정보 접근을 혁신했습니다.",kor,train
Democracy requires active participation from citizens to function effectively and represent diverse interests. Renewable energy sources like solar and wind power are essential for sustainable development.,eng,val
Python 是一種高級程式語言，以其簡潔性和可讀性而聞名。 太陽能和風能等再生能源對永續發展至關重要。,zho,train
互聯網徹底改變了全球的通訊、商業和資訊獲取方式。 民主需要公民的積極參與才能有效運作並代表不同的利益。,zho,train
"양자 컴퓨팅은 계산 능력과 문제 해결 방식의 패러다임 전환을 의미합니다. 인터넷은 전 세계의 소통, 상거래, 정보 접근을 혁신했습니다.",kor,train
自然言語処理により、コンピュータは人間の言語を理解し有効に処理できます。 文化的多様性はコミュニティを豊かにし、異なるグループ間の理解を促進します。,jpn,val
L'informatique quantique représente un changement de paradigme dans la puissance computationnelle. L'exploration spatiale a élargi notre compréhension de l'univers et de notre place dans celui-ci.,fra,train
"문화적 다양성은 공동체를 풍요롭게 하며 서로 다른 집단 간의 이해를 촉진합니다。 인터넷은 전 세계의 소통, 상거래, 정보 접근을 혁신했습니다.",kor,train
太陽能和風能等再生能源對永續發展至關重要。 量子計算代表了計算能力和問題解決能力的範式轉移。,zho,train
Democracy requires active participation from citizens to function effectively and represent diverse interests. Machine learning is a subset of artificial intelligence that focuses on algorithms and statistical models.,eng,train
La exploración espacial ha ampliado nuestra comprensión del universo y nuestro lugar en él. El cambio climático es uno de los desafíos más urgentes que enfrenta la humanidad en el siglo XXI.,spa,train
Climate change is one of the most pressing challenges facing humanity in the 21st century. Natural language processing enables computers to understand and process human language in valuable ways.,eng,val
"기후 변화는 21세기 인류가 직면한 가장 시급한 과제 중 하나입니다。 데이터 과학은 통계, 프로그래밍, 도메인 지식을 결합해 통찰을 이끌어냅니다.",kor,train
"La diversité culturelle enrichit les communautés et favorise la compréhension entre différents groupes. La science des données combine statistiques, programmation et expertise du domaine pour extraire des insights.",fra,train
Les sources d'énergie renouvelable comme le solaire et l'éolien sont essentielles pour le développement durable. La recherche médicale continue d'améliorer les traitements et la qualité de vie de millions de personnes.,fra,train
El aprendizaje automático es un subconjunto de la inteligencia artificial que se enfoca en algoritmos. El procesamiento del lenguaje natural permite a las computadoras entender el lenguaje humano de manera valiosa.,spa,train
医療研究は治療を進歩させ、何百万人もの生活の質を向上させ続けています。 ルネサンスはヨーロッパの芸術、文学、科学を変えた文化的復興の時代でした。,jpn,test
民主主義は市民の積極的な参加によって効果的に機能し、多様な利益を代表します。 Python はその簡潔さと可読性で知られる高水準のプログラミング言語です。,jpn,train
"L'informatique quantique représente un changement de paradigme dans la puissance computationnelle. Internet a révolutionné la communication, le commerce et l'accès à l'information à l'échelle mondiale.",fra,train
"인터넷은 전 세계의 소통, 상거래, 정보 접근을 혁신했습니다. 태양광과 풍력 같은 재생 가능 에너지는 지속 가능한 발전에 필수적입니다.",kor,train
Python はその簡潔さと可読性で知られる高水準のプログラミング言語です。 量子計算は計算能力と問題解決力におけるパラダイムシフトを意味します。,jpn,train
民主主義は市民の積極的な参加によって効果的に機能し、多様な利益を代表します。 機械学習はアルゴリズムと統計モデルに焦点を当てる人工知能の一分野です。,jpn,val
"르네상스는 유럽의 예술, 문학, 과학을 변화시킨 문화적 부흥기였습니다. 문화적 다양성은 공동체를 풍요롭게 하며 서로 다른 집단 간의 이해를 촉진합니다。",kor,train
Python is a high-level programming language known for its simplicity and readability. Cultural diversity enriches communities and promotes understanding between different groups.,eng,train
"The Renaissance was a period of cultural rebirth that transformed European art, literature, and science. Data science combines statistics, programming, and domain expertise to extract insights from data.",eng,train
"Internet ha revolucionado la comunicación, el comercio y el acceso a la información a nivel global. La exploración espacial ha ampliado nuestra comprensión del universo y nuestro lugar en él.",spa,test
"자연어 처리는 컴퓨터가 인간 언어를 이해하고 가치 있게 다루도록 합니다. 데이터 과학은 통계, 프로그래밍, 도메인 지식을 결합해 통찰을 이끌어냅니다.",kor,test
의학 연구는 치료법을 지속적으로 발전시켜 수백만 명의 삶의 질을 향상시키고 있습니다. 재빠른 갈색 여우가 게으른 개를 뛰어넘었습니다. 이는 언어 식별을 위한 한국어 예문입니다.,kor,test
L'exploration spatiale a élargi notre compréhension de l'univers et de notre place dans celui-ci. L'apprentissage automatique est un sous-ensemble de l'intelligence artificielle qui se concentre sur les algorithmes.,fra,train
자연어 처리는 컴퓨터가 인간 언어를 이해하고 가치 있게 다루도록 합니다. 문화적 다양성은 공동체를 풍요롭게 하며 서로 다른 집단 간의 이해를 촉진합니다。,kor,test
"인터넷은 전 세계의 소통, 상거래, 정보 접근을 혁신했습니다. 재빠른 갈색 여우가 게으른 개를 뛰어넘었습니다. 이는 언어 식별을 위한 한국어 예문입니다.",kor,train
機器學習是人工智慧的一個子集，專注於演算法和統計模型。 互聯網徹底改變了全球的通訊、商業和資訊獲取方式。,zho,train
La democracia requiere participación activa de los ciudadanos para funcionar efectivamente y representar diversos intereses. La educación es fundamental para el crecimiento personal y el progreso social en el mundo moderno.,spa,val
Le renard brun rapide saute par-dessus le chien paresseux. Ceci est un exemple de texte français. Les sources d'énergie renouvelable comme le solaire et l'éolien sont essentielles pour le développement durable.,fra,train
医療研究は治療を進歩させ、何百万人もの生活の質を向上させ続けています。 民主主義は市民の積極的な参加によって効果的に機能し、多様な利益を代表します。,jpn,val
機械学習はアルゴリズムと統計モデルに焦点を当てる人工知能の一分野です。 ルネサンスはヨーロッパの芸術、文学、科学を変えた文化的復興の時代でした。,jpn,test
Democracy requires active participation from citizens to function effectively and represent diverse interests. Natural language processing enables computers to understand and process human language in valuable ways.,eng,val
우주 탐사는 우주와 그 속에서의 우리의 위치에 대한 이해를 넓혔습니다. 기계학습은 알고리즘과 통계 모델에 집중하는 인공지능의 한 분야입니다.,kor,val
"Le changement climatique est l'un des défis les plus pressants auxquels l'humanité est confrontée. La Renaissance fut une période de renouveau culturel qui transforma l'art, la littérature et la science européennes.",fra,val
"La computación cuántica representa un cambio de paradigma en el poder computacional y las capacidades de resolución. La ciencia de datos combina estadísticas, programación y experiencia del dominio para extraer insights.",spa,train
La democracia requiere participación activa de los ciudadanos para funcionar efectivamente y representar diversos intereses. El zorro marrón rápido salta sobre el perro perezoso. Este es un ejemplo de texto en español.,spa,val
"기후 변화는 21세기 인류가 직면한 가장 시급한 과제 중 하나입니다。 데이터 과학은 통계, 프로그래밍, 도메인 지식을 결합해 통찰을 이끌어냅니다.",kor,train
재빠른 갈색 여우가 게으른 개를 뛰어넘었습니다. 이는 언어 식별을 위한 한국어 예문입니다. 양자 컴퓨팅은 계산 능력과 문제 해결 방식의 패러다임 전환을 의미합니다.,kor,test
"Natural language processing enables computers to understand and process human language in valuable ways. Data science combines statistics, programming, and domain expertise to extract insights from data.",eng,train
インターネットは世界のコミュニケーション、商取引、情報アクセスを一変させました。 医療研究は治療を進歩させ、何百万人もの生活の質を向上させ続けています。,jpn,train
Renewable energy sources like solar and wind power are essential for sustainable development. Climate change is one of the most pressing challenges facing humanity in the 21st century.,eng,train
L'exploration spatiale a élargi notre compréhension de l'univers et de notre place dans celui-ci. L'apprentissage automatique est un sous-ensemble de l'intelligence artificielle qui se concentre sur les algorithmes.,fra,val
數據科學結合了統計學、程式設計和領域專業知識，以從數據中提取見解。 量子計算代表了計算能力和問題解決能力的範式轉移。,zho,train
재빠른 갈색 여우가 게으른 개를 뛰어넘었습니다. 이는 언어 식별을 위한 한국어 예문입니다. 파이썬은 간결성과 가독성으로 유명한 고수준 프로그래밍 언어입니다.,kor,train
"인터넷은 전 세계의 소통, 상거래, 정보 접근을 혁신했습니다. 재빠른 갈색 여우가 게으른 개를 뛰어넘었습니다. 이는 언어 식별을 위한 한국어 예문입니다.",kor,train
教育是現代世界個人成長和社會進步的基礎。 互聯網徹底改變了全球的通訊、商業和資訊獲取方式。,zho,test
医療研究は治療を進歩させ、何百万人もの生活の質を向上させ続けています。 インターネットは世界のコミュニケーション、商取引、情報アクセスを一変させました。,jpn,train
"El Renacimiento fue un período de renacimiento cultural que transformó el arte, la literatura y la ciencia europeas. Internet ha revolucionado la comunicación, el comercio y el acceso a la información a nivel global.",spa,val
Education is fundamental to personal growth and societal progress in the modern world. Renewable energy sources like solar and wind power are essential for sustainable development.,eng,train
민주주의는 시민의 적극적 참여를 통해 효과적으로 기능하며 다양한 이익을 대표합니다. 교육은 현대 사회에서 개인의 성장과 사회 발전의 토대입니다.,kor,train
"La ciencia de datos combina estadísticas, programación y experiencia del dominio para extraer insights. La diversidad cultural enriquece las comunidades y promueve la comprensión entre diferentes grupos.",spa,train
"La science des données combine statistiques, programmation et expertise du domaine pour extraire des insights. Internet a révolutionné la communication, le commerce et l'accès à l'information à l'échelle mondiale.",fra,test
太空探索擴展了我們對宇宙以及我們在宇宙中位置的理解。 Python 是一種高級程式語言，以其簡潔性和可讀性而聞名。,zho,train
La computación cuántica representa un cambio de paradigma en el poder computacional y las capacidades de resolución. Las fuentes de energía renovable como la solar y eólica son esenciales para el desarrollo sostenible.,spa,train
La educación es fundamental para el crecimiento personal y el progreso social en el mundo moderno. El aprendizaje automático es un subconjunto de la inteligencia artificial que se enfoca en algoritmos.,spa,test
"Renewable energy sources like solar and wind power are essential for sustainable development. The internet has revolutionized communication, commerce, and access to information globally.",eng,train
파이썬은 간결성과 가독성으로 유명한 고수준 프로그래밍 언어입니다. 교육은 현대 사회에서 개인의 성장과 사회 발전의 토대입니다.,kor,train
La educación es fundamental para el crecimiento personal y el progreso social en el mundo moderno.,spa,train
"The Renaissance was a period of cultural rebirth that transformed European art, literature, and science. Medical research continues to advance treatments and improve quality of life for millions.",eng,train
La educación es fundamental para el crecimiento personal y el progreso social en el mundo moderno. El cambio climático es uno de los desafíos más urgentes que enfrenta la humanidad en el siglo XXI.,spa,train
"L'apprentissage automatique est un sous-ensemble de l'intelligence artificielle qui se concentre sur les algorithmes. Internet a révolutionné la communication, le commerce et l'accès à l'information à l'échelle mondiale.",fra,train
Les sources d'énergie renouvelable comme le solaire et l'éolien sont essentielles pour le développement durable. Le changement climatique est l'un des défis les plus pressants auxquels l'humanité est confrontée.,fra,train
宇宙探査は私たちの宇宙観と自分たちの位置に対する理解を広げました。 データサイエンスは統計学、プログラミング、ドメイン知識を組み合わせて洞察を引き出します。,jpn,train
Medical research continues to advance treatments and improve quality of life for millions. Machine learning is a subset of artificial intelligence that focuses on algorithms and statistical models.,eng,train
기후 변화는 21세기 인류가 직면한 가장 시급한 과제 중 하나입니다。 재빠른 갈색 여우가 게으른 개를 뛰어넘었습니다. 이는 언어 식별을 위한 한국어 예문입니다.,kor,train
"재빠른 갈색 여우가 게으른 개를 뛰어넘었습니다. 이는 언어 식별을 위한 한국어 예문입니다. 데이터 과학은 통계, 프로그래밍, 도메인 지식을 결합해 통찰을 이끌어냅니다.",kor,train
"The Renaissance was a period of cultural rebirth that transformed European art, literature, and science. The internet has revolutionized communication, commerce, and access to information globally.",eng,train
Python es un lenguaje de programación de alto nivel conocido por su simplicidad y legibilidad. La diversidad cultural enriquece las comunidades y promueve la comprensión entre diferentes grupos.,spa,train
Python 是一種高級程式語言，以其簡潔性和可讀性而聞名。 氣候變遷是 21 世紀人類面臨的最緊迫的挑戰之一。,zho,val
"Internet a révolutionné la communication, le commerce et l'accès à l'information à l'échelle mondiale. Python est un langage de programmation de haut niveau connu pour sa simplicité et sa lisibilité.",fra,train
Le changement climatique est l'un des défis les plus pressants auxquels l'humanité est confrontée. Le renard brun rapide saute par-dessus le chien paresseux. Ceci est un exemple de texte français.,fra,train
互聯網徹底改變了全球的通訊、商業和資訊獲取方式。 教育是現代世界個人成長和社會進步的基礎。,zho,val
"El Renacimiento fue un período de renacimiento cultural que transformó el arte, la literatura y la ciencia europeas. La educación es fundamental para el crecimiento personal y el progreso social en el mundo moderno.",spa,train
La démocratie nécessite une participation active des citoyens pour fonctionner efficacement. Le traitement du langage naturel permet aux ordinateurs de comprendre le langage humain de manière précise.,fra,test
El cambio climático es uno de los desafíos más urgentes que enfrenta la humanidad en el siglo XXI. Las fuentes de energía renovable como la solar y eólica son esenciales para el desarrollo sostenible.,spa,val
"La science des données combine statistiques, programmation et expertise du domaine pour extraire des insights. Python est un langage de programmation de haut niveau connu pour sa simplicité et sa lisibilité.",fra,train
Climate change is one of the most pressing challenges facing humanity in the 21st century. Medical research continues to advance treatments and improve quality of life for millions.,eng,train
量子計算は計算能力と問題解決力におけるパラダイムシフトを意味します。 ルネサンスはヨーロッパの芸術、文学、科学を変えた文化的復興の時代でした。,jpn,train
文藝復興時期是文化復興的時期，它改變了歐洲的藝術、文學和科學。 敏捷的棕色狐狸跳過了懶惰的狗。這是一段用於語言識別的中文文本示例。,zho,train
自然語言處理使電腦能夠以有價值的方式理解和處理人類語言。 醫學研究不斷推進治療方法，改善數百萬人的生活品質。,zho,train
"The Renaissance was a period of cultural rebirth that transformed European art, literature, and science. Cultural diversity enriches communities and promotes understanding between different groups.",eng,train
Le traitement du langage naturel permet aux ordinateurs de comprendre le langage humain de manière précise. La recherche médicale continue d'améliorer les traitements et la qualité de vie de millions de personnes.,fra,train
La computación cuántica representa un cambio de paradigma en el poder computacional y las capacidades de resolución.,spa,val
Space exploration has expanded our understanding of the universe and our place within it. Cultural diversity enriches communities and promotes understanding between different groups.,eng,val
L'exploration spatiale a élargi notre compréhension de l'univers et de notre place dans celui-ci. Python est un langage de programmation de haut niveau connu pour sa simplicité et sa lisibilité.,fra,val
自然言語処理により、コンピュータは人間の言語を理解し有効に処理できます。 気候変動は21世紀に人類が直面する最も差し迫った課題の一つです。,jpn,test
Python est un langage de programmation de haut niveau connu pour sa simplicité et sa lisibilité. L'informatique quantique représente un changement de paradigme dans la puissance computationnelle.,fra,train
"The Renaissance was a period of cultural rebirth that transformed European art, literature, and science. Python is a high-level programming language known for its simplicity and readability.",eng,train
氣候變遷是 21 世紀人類面臨的最緊迫的挑戰之一。 醫學研究不斷推進治療方法，改善數百萬人的生活品質。,zho,train
"재빠른 갈색 여우가 게으른 개를 뛰어넘었습니다. 이는 언어 식별을 위한 한국어 예문입니다. 인터넷은 전 세계의 소통, 상거래, 정보 접근을 혁신했습니다.",kor,train
Democracy requires active participation from citizens to function effectively and represent diverse interests. Quantum computing represents a paradigm shift in computational power and problem-solving capabilities.,eng,test
"La ciencia de datos combina estadísticas, programación y experiencia del dominio para extraer insights. La investigación médica continúa avanzando en tratamientos y mejorando la calidad de vida de millones.",spa,train
기후 변화는 21세기 인류가 직면한 가장 시급한 과제 중 하나입니다。 자연어 처리는 컴퓨터가 인간 언어를 이해하고 가치 있게 다루도록 합니다.,kor,train
互聯網徹底改變了全球的通訊、商業和資訊獲取方式。 教育是現代世界個人成長和社會進步的基礎。,zho,val
太陽能和風能等再生能源對永續發展至關重要。 互聯網徹底改變了全球的通訊、商業和資訊獲取方式。,zho,val
ルネサンスはヨーロッパの芸術、文学、科学を変えた文化的復興の時代でした。 気候変動は21世紀に人類が直面する最も差し迫った課題の一つです。,jpn,train
"The internet has revolutionized communication, commerce, and access to information globally. Medical research continues to advance treatments and improve quality of life for millions.",eng,train
民主主義は市民の積極的な参加によって効果的に機能し、多様な利益を代表します。 ルネサンスはヨーロッパの芸術、文学、科学を変えた文化的復興の時代でした。,jpn,val
자연어 처리는 컴퓨터가 인간 언어를 이해하고 가치 있게 다루도록 합니다. 파이썬은 간결성과 가독성으로 유명한 고수준 프로그래밍 언어입니다.,kor,train
Python is a high-level programming language known for its simplicity and readability. Quantum computing represents a paradigm shift in computational power and problem-solving capabilities.,eng,train
Climate change is one of the most pressing challenges facing humanity in the 21st century. Renewable energy sources like solar and wind power are essential for sustainable development.,eng,train
La educación es fundamental para el crecimiento personal y el progreso social en el mundo moderno. La diversidad cultural enriquece las comunidades y promueve la comprensión entre diferentes grupos.,spa,train
教育は現代社会における個人の成長と社会の進歩の基盤です。 素早い茶色の狐が怠け者の犬を飛び越えました。これは言語識別のための日本語テキスト例です。,jpn,test
"데이터 과학은 통계, 프로그래밍, 도메인 지식을 결합해 통찰을 이끌어냅니다. 기계학습은 알고리즘과 통계 모델에 집중하는 인공지능의 한 분야입니다.",kor,train
파이썬은 간결성과 가독성으로 유명한 고수준 프로그래밍 언어입니다. 우주 탐사는 우주와 그 속에서의 우리의 위치에 대한 이해를 넓혔습니다.,kor,train
自然言語処理により、コンピュータは人間の言語を理解し有効に処理できます。 インターネットは世界のコミュニケーション、商取引、情報アクセスを一変させました。,jpn,train
"르네상스는 유럽의 예술, 문학, 과학을 변화시킨 문화적 부흥기였습니다. 태양광과 풍력 같은 재생 가능 에너지는 지속 가능한 발전에 필수적입니다.",kor,train
Python 是一種高級程式語言，以其簡潔性和可讀性而聞名。 氣候變遷是 21 世紀人類面臨的最緊迫的挑戰之一。,zho,train
Python is a high-level programming language known for its simplicity and readability. Machine learning is a subset of artificial intelligence that focuses on algorithms and statistical models.,eng,test
Las fuentes de energía renovable como la solar y eólica son esenciales para el desarrollo sostenible. Python es un lenguaje de programación de alto nivel conocido por su simplicidad y legibilidad.,spa,train
교육은 현대 사회에서 개인의 성장과 사회 발전의 토대입니다. 의학 연구는 치료법을 지속적으로 발전시켜 수백만 명의 삶의 질을 향상시키고 있습니다.,kor,train
El cambio climático es uno de los desafíos más urgentes que enfrenta la humanidad en el siglo XXI. El zorro marrón rápido salta sobre el perro perezoso. Este es un ejemplo de texto en español.,spa,test
"인터넷은 전 세계의 소통, 상거래, 정보 접근을 혁신했습니다. 교육은 현대 사회에서 개인의 성장과 사회 발전의 토대입니다.",kor,val
"인터넷은 전 세계의 소통, 상거래, 정보 접근을 혁신했습니다. 자연어 처리는 컴퓨터가 인간 언어를 이해하고 가치 있게 다루도록 합니다.",kor,train
Medical research continues to advance treatments and improve quality of life for millions. Democracy requires active participation from citizens to function effectively and represent diverse interests.,eng,train
自然語言處理使電腦能夠以有價值的方式理解和處理人類語言。,zho,train
L'exploration spatiale a élargi notre compréhension de l'univers et de notre place dans celui-ci. La recherche médicale continue d'améliorer les traitements et la qualité de vie de millions de personnes.,fra,test
Python はその簡潔さと可読性で知られる高水準のプログラミング言語です。 宇宙探査は私たちの宇宙観と自分たちの位置に対する理解を広げました。,jpn,train
The quick brown fox jumps over the lazy dog. This is a sample English text for language identification. Democracy requires active participation from citizens to function effectively and represent diverse interests.,eng,train
互聯網徹底改變了全球的通訊、商業和資訊獲取方式。 文藝復興時期是文化復興的時期，它改變了歐洲的藝術、文學和科學。,zho,val
L'apprentissage automatique est un sous-ensemble de l'intelligence artificielle qui se concentre sur les algorithmes. La démocratie nécessite une participation active des citoyens pour fonctionner efficacement.,fra,train
宇宙探査は私たちの宇宙観と自分たちの位置に対する理解を広げました。 機械学習はアルゴリズムと統計モデルに焦点を当てる人工知能の一分野です。,jpn,train
教育是現代世界個人成長和社會進步的基礎。 氣候變遷是 21 世紀人類面臨的最緊迫的挑戰之一。,zho,train
태양광과 풍력 같은 재생 가능 에너지는 지속 가능한 발전에 필수적입니다. 재빠른 갈색 여우가 게으른 개를 뛰어넘었습니다. 이는 언어 식별을 위한 한국어 예문입니다.,kor,train
재빠른 갈색 여우가 게으른 개를 뛰어넘었습니다. 이는 언어 식별을 위한 한국어 예문입니다. 문화적 다양성은 공동체를 풍요롭게 하며 서로 다른 집단 간의 이해를 촉진합니다。,kor,train
自然語言處理使電腦能夠以有價值的方式理解和處理人類語言。 民主需要公民的積極參與才能有效運作並代表不同的利益。,zho,train
"Internet a révolutionné la communication, le commerce et l'accès à l'information à l'échelle mondiale. Le changement climatique est l'un des défis les plus pressants auxquels l'humanité est confrontée.",fra,train
量子計算は計算能力と問題解決力におけるパラダイムシフトを意味します。 インターネットは世界のコミュニケーション、商取引、情報アクセスを一変させました。,jpn,train
L'éducation est fondamentale pour la croissance personnelle et le progrès sociétal dans le monde moderne. Le changement climatique est l'un des défis les plus pressants auxquels l'humanité est confrontée.,fra,val
La computación cuántica representa un cambio de paradigma en el poder computacional y las capacidades de resolución. El cambio climático es uno de los desafíos más urgentes que enfrenta la humanidad en el siglo XXI.,spa,train
"La science des données combine statistiques, programmation et expertise du domaine pour extraire des insights. Le traitement du langage naturel permet aux ordinateurs de comprendre le langage humain de manière précise.",fra,test
医療研究は治療を進歩させ、何百万人もの生活の質を向上させ続けています。 ルネサンスはヨーロッパの芸術、文学、科学を変えた文化的復興の時代でした。,jpn,train
"Natural language processing enables computers to understand and process human language in valuable ways. The Renaissance was a period of cultural rebirth that transformed European art, literature, and science.",eng,train
"데이터 과학은 통계, 프로그래밍, 도메인 지식을 결합해 통찰을 이끌어냅니다. 자연어 처리는 컴퓨터가 인간 언어를 이해하고 가치 있게 다루도록 합니다.",kor,val
Python はその簡潔さと可読性で知られる高水準のプログラミング言語です。 宇宙探査は私たちの宇宙観と自分たちの位置に対する理解を広げました。,jpn,train
敏捷的棕色狐狸跳過了懶惰的狗。這是一段用於語言識別的中文文本示例。 教育是現代世界個人成長和社會進步的基礎。,zho,train
機械学習はアルゴリズムと統計モデルに焦点を当てる人工知能の一分野です。 自然言語処理により、コンピュータは人間の言語を理解し有効に処理できます。,jpn,train
敏捷的棕色狐狸跳過了懶惰的狗。這是一段用於語言識別的中文文本示例。 機器學習是人工智慧的一個子集，專注於演算法和統計模型。,zho,train
파이썬은 간결성과 가독성으로 유명한 고수준 프로그래밍 언어입니다. 교육은 현대 사회에서 개인의 성장과 사회 발전의 토대입니다.,kor,train
機械学習はアルゴリズムと統計モデルに焦点を当てる人工知能の一分野です。,jpn,train
La recherche médicale continue d'améliorer les traitements et la qualité de vie de millions de personnes. L'informatique quantique représente un changement de paradigme dans la puissance computationnelle.,fra,val
"의학 연구는 치료법을 지속적으로 발전시켜 수백만 명의 삶의 질을 향상시키고 있습니다. 데이터 과학은 통계, 프로그래밍, 도메인 지식을 결합해 통찰을 이끌어냅니다.",kor,train
"La science des données combine statistiques, programmation et expertise du domaine pour extraire des insights. La recherche médicale continue d'améliorer les traitements et la qualité de vie de millions de personnes.",fra,train
"L'éducation est fondamentale pour la croissance personnelle et le progrès sociétal dans le monde moderne. La Renaissance fut une période de renouveau culturel qui transforma l'art, la littérature et la science européennes.",fra,train
教育は現代社会における個人の成長と社会の進歩の基盤です。,jpn,test
"La recherche médicale continue d'améliorer les traitements et la qualité de vie de millions de personnes. La science des données combine statistiques, programmation et expertise du domaine pour extraire des insights.",fra,train
気候変動は21世紀に人類が直面する最も差し迫った課題の一つです。,jpn,train
Quantum computing represents a paradigm shift in computational power and problem-solving capabilities. Renewable energy sources like solar and wind power are essential for sustainable development.,eng,train
"Renewable energy sources like solar and wind power are essential for sustainable development. The internet has revolutionized communication, commerce, and access to information globally.",eng,train
"Les sources d'énergie renouvelable comme le solaire et l'éolien sont essentielles pour le développement durable. Internet a révolutionné la communication, le commerce et l'accès à l'information à l'échelle mondiale.",fra,train
La democracia requiere participación activa de los ciudadanos para funcionar efectivamente y representar diversos intereses. Python es un lenguaje de programación de alto nivel conocido por su simplicidad y legibilidad.,spa,train
"인터넷은 전 세계의 소통, 상거래, 정보 접근을 혁신했습니다. 의학 연구는 치료법을 지속적으로 발전시켜 수백만 명의 삶의 질을 향상시키고 있습니다.",kor,val
Cultural diversity enriches communities and promotes understanding between different groups. Space exploration has expanded our understanding of the universe and our place within it.,eng,train
"르네상스는 유럽의 예술, 문학, 과학을 변화시킨 문화적 부흥기였습니다. 양자 컴퓨팅은 계산 능력과 문제 해결 방식의 패러다임 전환을 의미합니다.",kor,train
"기후 변화는 21세기 인류가 직면한 가장 시급한 과제 중 하나입니다。 데이터 과학은 통계, 프로그래밍, 도메인 지식을 결합해 통찰을 이끌어냅니다.",kor,train
Las fuentes de energía renovable como la solar y eólica son esenciales para el desarrollo sostenible. El procesamiento del lenguaje natural permite a las computadoras entender el lenguaje humano de manera valiosa.,spa,val
"La ciencia de datos combina estadísticas, programación y experiencia del dominio para extraer insights. La democracia requiere participación activa de los ciudadanos para funcionar efectivamente y representar diversos intereses.",spa,val
"The Renaissance was a period of cultural rebirth that transformed European art, literature, and science. The internet has revolutionized communication, commerce, and access to information globally.",eng,train
"Python is a high-level programming language known for its simplicity and readability. The Renaissance was a period of cultural rebirth that transformed European art, literature, and science.",eng,train
"데이터 과학은 통계, 프로그래밍, 도메인 지식을 결합해 통찰을 이끌어냅니다. 양자 컴퓨팅은 계산 능력과 문제 해결 방식의 패러다임 전환을 의미합니다.",kor,train
文藝復興時期是文化復興的時期，它改變了歐洲的藝術、文學和科學。 Python 是一種高級程式語言，以其簡潔性和可讀性而聞名。,zho,train
"Internet ha revolucionado la comunicación, el comercio y el acceso a la información a nivel global. La exploración espacial ha ampliado nuestra comprensión del universo y nuestro lugar en él.",spa,val
"La ciencia de datos combina estadísticas, programación y experiencia del dominio para extraer insights. El zorro marrón rápido salta sobre el perro perezoso. Este es un ejemplo de texto en español.",spa,train
機器學習是人工智慧的一個子集，專注於演算法和統計模型。 文藝復興時期是文化復興的時期，它改變了歐洲的藝術、文學和科學。,zho,train
教育是現代世界個人成長和社會進步的基礎。 自然語言處理使電腦能夠以有價值的方式理解和處理人類語言。,zho,train
Las fuentes de energía renovable como la solar y eólica son esenciales para el desarrollo sostenible. La investigación médica continúa avanzando en tratamientos y mejorando la calidad de vida de millones.,spa,train
"La Renaissance fut une période de renouveau culturel qui transforma l'art, la littérature et la science européennes. L'informatique quantique représente un changement de paradigme dans la puissance computationnelle.",fra,train
La democracia requiere participación activa de los ciudadanos para funcionar efectivamente y representar diversos intereses. El zorro marrón rápido salta sobre el perro perezoso. Este es un ejemplo de texto en español.,spa,val
機器學習是人工智慧的一個子集，專注於演算法和統計模型。 太空探索擴展了我們對宇宙以及我們在宇宙中位置的理解。,zho,val
La diversité culturelle enrichit les communautés et favorise la compréhension entre différents groupes. L'exploration spatiale a élargi notre compréhension de l'univers et de notre place dans celui-ci.,fra,train
"The internet has revolutionized communication, commerce, and access to information globally. The Renaissance was a period of cultural rebirth that transformed European art, literature, and science.",eng,test
"양자 컴퓨팅은 계산 능력과 문제 해결 방식의 패러다임 전환을 의미합니다. 데이터 과학은 통계, 프로그래밍, 도메인 지식을 결합해 통찰을 이끌어냅니다.",kor,train
文化多樣性豐富了社區，促進了不同群體之間的相互理解。 民主需要公民的積極參與才能有效運作並代表不同的利益。,zho,train
太陽能和風能等再生能源對永續發展至關重要。 太空探索擴展了我們對宇宙以及我們在宇宙中位置的理解。,zho,test
太陽光や風力といった再生可能エネルギーは持続可能な発展に不可欠です。 気候変動は21世紀に人類が直面する最も差し迫った課題の一つです。,jpn,train
數據科學結合了統計學、程式設計和領域專業知識，以從數據中提取見解。 太陽能和風能等再生能源對永續發展至關重要。,zho,train
"Le renard brun rapide saute par-dessus le chien paresseux. Ceci est un exemple de texte français. La Renaissance fut une période de renouveau culturel qui transforma l'art, la littérature et la science européennes.",fra,test
Natural language processing enables computers to understand and process human language in valuable ways. Education is fundamental to personal growth and societal progress in the modern world.,eng,val
자연어 처리는 컴퓨터가 인간 언어를 이해하고 가치 있게 다루도록 합니다. 문화적 다양성은 공동체를 풍요롭게 하며 서로 다른 집단 간의 이해를 촉진합니다。,kor,val
"La Renaissance fut une période de renouveau culturel qui transforma l'art, la littérature et la science européennes. La diversité culturelle enrichit les communautés et favorise la compréhension entre différents groupes.",fra,val
"Internet ha revolucionado la comunicación, el comercio y el acceso a la información a nivel global. La democracia requiere participación activa de los ciudadanos para funcionar efectivamente y representar diversos intereses.",spa,train
La diversidad cultural enriquece las comunidades y promueve la comprensión entre diferentes grupos. La computación cuántica representa un cambio de paradigma en el poder computacional y las capacidades de resolución.,spa,test
"문화적 다양성은 공동체를 풍요롭게 하며 서로 다른 집단 간의 이해를 촉진합니다。 르네상스는 유럽의 예술, 문학, 과학을 변화시킨 문화적 부흥기였습니다.",kor,train
La exploración espacial ha ampliado nuestra comprensión del universo y nuestro lugar en él. Python es un lenguaje de programación de alto nivel conocido por su simplicidad y legibilidad.,spa,test
"Les sources d'énergie renouvelable comme le solaire et l'éolien sont essentielles pour le développement durable. La science des données combine statistiques, programmation et expertise du domaine pour extraire des insights.",fra,train
양자 컴퓨팅은 계산 능력과 문제 해결 방식의 패러다임 전환을 의미합니다. 재빠른 갈색 여우가 게으른 개를 뛰어넘었습니다. 이는 언어 식별을 위한 한국어 예문입니다.,kor,train
Les sources d'énergie renouvelable comme le solaire et l'éolien sont essentielles pour le développement durable. L'exploration spatiale a élargi notre compréhension de l'univers et de notre place dans celui-ci.,fra,val
機械学習はアルゴリズムと統計モデルに焦点を当てる人工知能の一分野です。 量子計算は計算能力と問題解決力におけるパラダイムシフトを意味します。,jpn,test
Space exploration has expanded our understanding of the universe and our place within it. Education is fundamental to personal growth and societal progress in the modern world.,eng,train
機械学習はアルゴリズムと統計モデルに焦点を当てる人工知能の一分野です。 Python はその簡潔さと可読性で知られる高水準のプログラミング言語です。,jpn,train
民主主義は市民の積極的な参加によって効果的に機能し、多様な利益を代表します。 ルネサンスはヨーロッパの芸術、文学、科学を変えた文化的復興の時代でした。,jpn,train
Renewable energy sources like solar and wind power are essential for sustainable development. The quick brown fox jumps over the lazy dog. This is a sample English text for language identification.,eng,train
"The internet has revolutionized communication, commerce, and access to information globally. Education is fundamental to personal growth and societal progress in the modern world.",eng,test
Le changement climatique est l'un des défis les plus pressants auxquels l'humanité est confrontée. L'éducation est fondamentale pour la croissance personnelle et le progrès sociétal dans le monde moderne.,fra,val
教育は現代社会における個人の成長と社会の進歩の基盤です。 民主主義は市民の積極的な参加によって効果的に機能し、多様な利益を代表します。,jpn,val
インターネットは世界のコミュニケーション、商取引、情報アクセスを一変させました。 太陽光や風力といった再生可能エネルギーは持続可能な発展に不可欠です。,jpn,train
La exploración espacial ha ampliado nuestra comprensión del universo y nuestro lugar en él. La computación cuántica representa un cambio de paradigma en el poder computacional y las capacidades de resolución.,spa,test
"El Renacimiento fue un período de renacimiento cultural que transformó el arte, la literatura y la ciencia europeas. Python es un lenguaje de programación de alto nivel conocido por su simplicidad y legibilidad.",spa,train
量子計算は計算能力と問題解決力におけるパラダイムシフトを意味します。 太陽光や風力といった再生可能エネルギーは持続可能な発展に不可欠です。,jpn,train
La diversidad cultural enriquece las comunidades y promueve la comprensión entre diferentes grupos. Python es un lenguaje de programación de alto nivel conocido por su simplicidad y legibilidad.,spa,train
數據科學結合了統計學、程式設計和領域專業知識，以從數據中提取見解。 太陽能和風能等再生能源對永續發展至關重要。,zho,test
La democracia requiere participación activa de los ciudadanos para funcionar efectivamente y representar diversos intereses. La investigación médica continúa avanzando en tratamientos y mejorando la calidad de vida de millones.,spa,train
太陽能和風能等再生能源對永續發展至關重要。 量子計算代表了計算能力和問題解決能力的範式轉移。,zho,train
"Internet ha revolucionado la comunicación, el comercio y el acceso a la información a nivel global. El aprendizaje automático es un subconjunto de la inteligencia artificial que se enfoca en algoritmos.",spa,test
量子計算は計算能力と問題解決力におけるパラダイムシフトを意味します。 医療研究は治療を進歩させ、何百万人もの生活の質を向上させ続けています。,jpn,val
Le renard brun rapide saute par-dessus le chien paresseux. Ceci est un exemple de texte français. L'informatique quantique représente un changement de paradigme dans la puissance computationnelle.,fra,train
기후 변화는 21세기 인류가 직면한 가장 시급한 과제 중 하나입니다。 재빠른 갈색 여우가 게으른 개를 뛰어넘었습니다. 이는 언어 식별을 위한 한국어 예문입니다.,kor,train
機器學習是人工智慧的一個子集，專注於演算法和統計模型。 Python 是一種高級程式語言，以其簡潔性和可讀性而聞名。,zho,train
자연어 처리는 컴퓨터가 인간 언어를 이해하고 가치 있게 다루도록 합니다. 민주주의는 시민의 적극적 참여를 통해 효과적으로 기능하며 다양한 이익을 대표합니다.,kor,train
"양자 컴퓨팅은 계산 능력과 문제 해결 방식의 패러다임 전환을 의미합니다. 인터넷은 전 세계의 소통, 상거래, 정보 접근을 혁신했습니다.",kor,train
民主主義は市民の積極的な参加によって効果的に機能し、多様な利益を代表します。 量子計算は計算能力と問題解決力におけるパラダイムシフトを意味します。,jpn,train
Le changement climatique est l'un des défis les plus pressants auxquels l'humanité est confrontée. La diversité culturelle enrichit les communautés et favorise la compréhension entre différents groupes.,fra,train
"르네상스는 유럽의 예술, 문학, 과학을 변화시킨 문화적 부흥기였습니다. 파이썬은 간결성과 가독성으로 유명한 고수준 프로그래밍 언어입니다.",kor,train
La investigación médica continúa avanzando en tratamientos y mejorando la calidad de vida de millones. La educación es fundamental para el crecimiento personal y el progreso social en el mundo moderno.,spa,train
"의학 연구는 치료법을 지속적으로 발전시켜 수백만 명의 삶의 질을 향상시키고 있습니다. 인터넷은 전 세계의 소통, 상거래, 정보 접근을 혁신했습니다.",kor,train
"Data science combines statistics, programming, and domain expertise to extract insights from data. Quantum computing represents a paradigm shift in computational power and problem-solving capabilities.",eng,train
太陽光や風力といった再生可能エネルギーは持続可能な発展に不可欠です。 機械学習はアルゴリズムと統計モデルに焦点を当てる人工知能の一分野です。,jpn,train
"Python est un langage de programmation de haut niveau connu pour sa simplicité et sa lisibilité. Internet a révolutionné la communication, le commerce et l'accès à l'information à l'échelle mondiale.",fra,train
機器學習是人工智慧的一個子集，專注於演算法和統計模型。 敏捷的棕色狐狸跳過了懶惰的狗。這是一段用於語言識別的中文文本示例。,zho,val
Natural language processing enables computers to understand and process human language in valuable ways. Climate change is one of the most pressing challenges facing humanity in the 21st century.,eng,train
La recherche médicale continue d'améliorer les traitements et la qualité de vie de millions de personnes. Le renard brun rapide saute par-dessus le chien paresseux. Ceci est un exemple de texte français.,fra,train
Education is fundamental to personal growth and societal progress in the modern world. Quantum computing represents a paradigm shift in computational power and problem-solving capabilities.,eng,test
L'apprentissage automatique est un sous-ensemble de l'intelligence artificielle qui se concentre sur les algorithmes. Les sources d'énergie renouvelable comme le solaire et l'éolien sont essentielles pour le développement durable.,fra,val
Quantum computing represents a paradigm shift in computational power and problem-solving capabilities. Democracy requires active participation from citizens to function effectively and represent diverse interests.,eng,val
量子計算代表了計算能力和問題解決能力的範式轉移。 氣候變遷是 21 世紀人類面臨的最緊迫的挑戰之一。,zho,train
L'éducation est fondamentale pour la croissance personnelle et le progrès sociétal dans le monde moderne. L'apprentissage automatique est un sous-ensemble de l'intelligence artificielle qui se concentre sur les algorithmes.,fra,train
氣候變遷是 21 世紀人類面臨的最緊迫的挑戰之一。 Python 是一種高級程式語言，以其簡潔性和可讀性而聞名。,zho,train
La investigación médica continúa avanzando en tratamientos y mejorando la calidad de vida de millones. Las fuentes de energía renovable como la solar y eólica son esenciales para el desarrollo sostenible.,spa,train
民主主義は市民の積極的な参加によって効果的に機能し、多様な利益を代表します。 医療研究は治療を進歩させ、何百万人もの生活の質を向上させ続けています。,jpn,train
ルネサンスはヨーロッパの芸術、文学、科学を変えた文化的復興の時代でした。 教育は現代社会における個人の成長と社会の進歩の基盤です。,jpn,train
"파이썬은 간결성과 가독성으로 유명한 고수준 프로그래밍 언어입니다. 르네상스는 유럽의 예술, 문학, 과학을 변화시킨 문화적 부흥기였습니다.",kor,val
자연어 처리는 컴퓨터가 인간 언어를 이해하고 가치 있게 다루도록 합니다. 파이썬은 간결성과 가독성으로 유명한 고수준 프로그래밍 언어입니다.,kor,test
"Data science combines statistics, programming, and domain expertise to extract insights from data. The internet has revolutionized communication, commerce, and access to information globally.",eng,train
Natural language processing enables computers to understand and process human language in valuable ways. The quick brown fox jumps over the lazy dog. This is a sample English text for language identification.,eng,val
의학 연구는 치료법을 지속적으로 발전시켜 수백만 명의 삶의 질을 향상시키고 있습니다. 문화적 다양성은 공동체를 풍요롭게 하며 서로 다른 집단 간의 이해를 촉진합니다。,kor,train
太空探索擴展了我們對宇宙以及我們在宇宙中位置的理解。 醫學研究不斷推進治療方法，改善數百萬人的生活品質。,zho,train
Space exploration has expanded our understanding of the universe and our place within it. Quantum computing represents a paradigm shift in computational power and problem-solving capabilities.,eng,train
文藝復興時期是文化復興的時期，它改變了歐洲的藝術、文學和科學。 太陽能和風能等再生能源對永續發展至關重要。,zho,train
醫學研究不斷推進治療方法，改善數百萬人的生活品質。 敏捷的棕色狐狸跳過了懶惰的狗。這是一段用於語言識別的中文文本示例。,zho,val
"Python es un lenguaje de programación de alto nivel conocido por su simplicidad y legibilidad. El Renacimiento fue un período de renacimiento cultural que transformó el arte, la literatura y la ciencia europeas.",spa,val
Python is a high-level programming language known for its simplicity and readability. Cultural diversity enriches communities and promotes understanding between different groups.,eng,test
"Le traitement du langage naturel permet aux ordinateurs de comprendre le langage humain de manière précise. Internet a révolutionné la communication, le commerce et l'accès à l'information à l'échelle mondiale.",fra,train
氣候變遷是 21 世紀人類面臨的最緊迫的挑戰之一。,zho,train
La democracia requiere participación activa de los ciudadanos para funcionar efectivamente y representar diversos intereses. El procesamiento del lenguaje natural permite a las computadoras entender el lenguaje humano de manera valiosa.,spa,test
医療研究は治療を進歩させ、何百万人もの生活の質を向上させ続けています。 インターネットは世界のコミュニケーション、商取引、情報アクセスを一変させました。,jpn,train
民主需要公民的積極參與才能有效運作並代表不同的利益。 文化多樣性豐富了社區，促進了不同群體之間的相互理解。,zho,test
文化的多様性はコミュニティを豊かにし、異なるグループ間の理解を促進します。 宇宙探査は私たちの宇宙観と自分たちの位置に対する理解を広げました。,jpn,train
太陽光や風力といった再生可能エネルギーは持続可能な発展に不可欠です。 宇宙探査は私たちの宇宙観と自分たちの位置に対する理解を広げました。,jpn,train
La computación cuántica representa un cambio de paradigma en el poder computacional y las capacidades de resolución. El aprendizaje automático es un subconjunto de la inteligencia artificial que se enfoca en algoritmos.,spa,train
기계학습은 알고리즘과 통계 모델에 집중하는 인공지능의 한 분야입니다. 의학 연구는 치료법을 지속적으로 발전시켜 수백만 명의 삶의 질을 향상시키고 있습니다.,kor,train
データサイエンスは統計学、プログラミング、ドメイン知識を組み合わせて洞察を引き出します。 宇宙探査は私たちの宇宙観と自分たちの位置に対する理解を広げました。,jpn,train
民主主義は市民の積極的な参加によって効果的に機能し、多様な利益を代表します。 インターネットは世界のコミュニケーション、商取引、情報アクセスを一変させました。,jpn,train
"El aprendizaje automático es un subconjunto de la inteligencia artificial que se enfoca en algoritmos. Internet ha revolucionado la comunicación, el comercio y el acceso a la información a nivel global.",spa,train
기계학습은 알고리즘과 통계 모델에 집중하는 인공지능의 한 분야입니다. 교육은 현대 사회에서 개인의 성장과 사회 발전의 토대입니다.,kor,train
"La Renaissance fut une période de renouveau culturel qui transforma l'art, la littérature et la science européennes. Python est un langage de programmation de haut niveau connu pour sa simplicité et sa lisibilité.",fra,test
自然言語処理により、コンピュータは人間の言語を理解し有効に処理できます。,jpn,train
素早い茶色の狐が怠け者の犬を飛び越えました。これは言語識別のための日本語テキスト例です。 医療研究は治療を進歩させ、何百万人もの生活の質を向上させ続けています。,jpn,train
"르네상스는 유럽의 예술, 문학, 과학을 변화시킨 문화적 부흥기였습니다. 민주주의는 시민의 적극적 참여를 통해 효과적으로 기능하며 다양한 이익을 대표합니다.",kor,train
Python 是一種高級程式語言，以其簡潔性和可讀性而聞名。 氣候變遷是 21 世紀人類面臨的最緊迫的挑戰之一。,zho,test
Space exploration has expanded our understanding of the universe and our place within it. Medical research continues to advance treatments and improve quality of life for millions.,eng,train
太空探索擴展了我們對宇宙以及我們在宇宙中位置的理解。 氣候變遷是 21 世紀人類面臨的最緊迫的挑戰之一。,zho,train
"Internet a révolutionné la communication, le commerce et l'accès à l'information à l'échelle mondiale. Le renard brun rapide saute par-dessus le chien paresseux. Ceci est un exemple de texte français.",fra,train
"Python es un lenguaje de programación de alto nivel conocido por su simplicidad y legibilidad. Internet ha revolucionado la comunicación, el comercio y el acceso a la información a nivel global.",spa,val
太空探索擴展了我們對宇宙以及我們在宇宙中位置的理解。 文藝復興時期是文化復興的時期，它改變了歐洲的藝術、文學和科學。,zho,train
El zorro marrón rápido salta sobre el perro perezoso. Este es un ejemplo de texto en español. La computación cuántica representa un cambio de paradigma en el poder computacional y las capacidades de resolución.,spa,test
L'éducation est fondamentale pour la croissance personnelle et le progrès sociétal dans le monde moderne. Le renard brun rapide saute par-dessus le chien paresseux. Ceci est un exemple de texte français.,fra,train
機器學習是人工智慧的一個子集，專注於演算法和統計模型。,zho,train
Space exploration has expanded our understanding of the universe and our place within it. Python is a high-level programming language known for its simplicity and readability.,eng,train
Le changement climatique est l'un des défis les plus pressants auxquels l'humanité est confrontée.,fra,train
文藝復興時期是文化復興的時期，它改變了歐洲的藝術、文學和科學。 數據科學結合了統計學、程式設計和領域專業知識，以從數據中提取見解。,zho,train
재빠른 갈색 여우가 게으른 개를 뛰어넘었습니다. 이는 언어 식별을 위한 한국어 예문입니다. 기계학습은 알고리즘과 통계 모델에 집중하는 인공지능의 한 분야입니다.,kor,train
Python is a high-level programming language known for its simplicity and readability. Education is fundamental to personal growth and societal progress in the modern world.,eng,train
ルネサンスはヨーロッパの芸術、文学、科学を変えた文化的復興の時代でした。 インターネットは世界のコミュニケーション、商取引、情報アクセスを一変させました。,jpn,val
數據科學結合了統計學、程式設計和領域專業知識，以從數據中提取見解。 教育是現代世界個人成長和社會進步的基礎。,zho,train
医療研究は治療を進歩させ、何百万人もの生活の質を向上させ続けています。 太陽光や風力といった再生可能エネルギーは持続可能な発展に不可欠です。,jpn,val
La diversité culturelle enrichit les communautés et favorise la compréhension entre différents groupes. La recherche médicale continue d'améliorer les traitements et la qualité de vie de millions de personnes.,fra,train
La investigación médica continúa avanzando en tratamientos y mejorando la calidad de vida de millones. El procesamiento del lenguaje natural permite a las computadoras entender el lenguaje humano de manera valiosa.,spa,train
"우주 탐사는 우주와 그 속에서의 우리의 위치에 대한 이해를 넓혔습니다. 르네상스는 유럽의 예술, 문학, 과학을 변화시킨 문화적 부흥기였습니다.",kor,test
Python est un langage de programmation de haut niveau connu pour sa simplicité et sa lisibilité. Les sources d'énergie renouvelable comme le solaire et l'éolien sont essentielles pour le développement durable.,fra,train
Renewable energy sources like solar and wind power are essential for sustainable development. Cultural diversity enriches communities and promotes understanding between different groups.,eng,train
"The internet has revolutionized communication, commerce, and access to information globally. Space exploration has expanded our understanding of the universe and our place within it.",eng,train
교육은 현대 사회에서 개인의 성장과 사회 발전의 토대입니다. 의학 연구는 치료법을 지속적으로 발전시켜 수백만 명의 삶의 질을 향상시키고 있습니다.,kor,val
L'éducation est fondamentale pour la croissance personnelle et le progrès sociétal dans le monde moderne. L'informatique quantique représente un changement de paradigme dans la puissance computationnelle.,fra,train
"Internet ha revolucionado la comunicación, el comercio y el acceso a la información a nivel global. La democracia requiere participación activa de los ciudadanos para funcionar efectivamente y representar diversos intereses.",spa,val
Le renard brun rapide saute par-dessus le chien paresseux. Ceci est un exemple de texte français. L'informatique quantique représente un changement de paradigme dans la puissance computationnelle.,fra,train
"La science des données combine statistiques, programmation et expertise du domaine pour extraire des insights. Le changement climatique est l'un des défis les plus pressants auxquels l'humanité est confrontée.",fra,train
量子計算は計算能力と問題解決力におけるパラダイムシフトを意味します。 気候変動は21世紀に人類が直面する最も差し迫った課題の一つです。,jpn,train
医療研究は治療を進歩させ、何百万人もの生活の質を向上させ続けています。 Python はその簡潔さと可読性で知られる高水準のプログラミング言語です。,jpn,train
自然言語処理により、コンピュータは人間の言語を理解し有効に処理できます。 ルネサンスはヨーロッパの芸術、文学、科学を変えた文化的復興の時代でした。,jpn,train
민주주의는 시민의 적극적 참여를 통해 효과적으로 기능하며 다양한 이익을 대표합니다. 재빠른 갈색 여우가 게으른 개를 뛰어넘었습니다. 이는 언어 식별을 위한 한국어 예문입니다.,kor,train
教育是現代世界個人成長和社會進步的基礎。 自然語言處理使電腦能夠以有價值的方式理解和處理人類語言。,zho,train
Python est un langage de programmation de haut niveau connu pour sa simplicité et sa lisibilité. L'éducation est fondamentale pour la croissance personnelle et le progrès sociétal dans le monde moderne.,fra,train
"Python est un langage de programmation de haut niveau connu pour sa simplicité et sa lisibilité. Internet a révolutionné la communication, le commerce et l'accès à l'information à l'échelle mondiale.",fra,train
"L'informatique quantique représente un changement de paradigme dans la puissance computationnelle. La Renaissance fut une période de renouveau culturel qui transforma l'art, la littérature et la science européennes.",fra,test
"인터넷은 전 세계의 소통, 상거래, 정보 접근을 혁신했습니다. 민주주의는 시민의 적극적 참여를 통해 효과적으로 기능하며 다양한 이익을 대표합니다.",kor,train
Climate change is one of the most pressing challenges facing humanity in the 21st century. Machine learning is a subset of artificial intelligence that focuses on algorithms and statistical models.,eng,train
"The internet has revolutionized communication, commerce, and access to information globally. Quantum computing represents a paradigm shift in computational power and problem-solving capabilities.",eng,val
"La recherche médicale continue d'améliorer les traitements et la qualité de vie de millions de personnes. La science des données combine statistiques, programmation et expertise du domaine pour extraire des insights.",fra,train
"Internet ha revolucionado la comunicación, el comercio y el acceso a la información a nivel global. Las fuentes de energía renovable como la solar y eólica son esenciales para el desarrollo sostenible.",spa,val
"The Renaissance was a period of cultural rebirth that transformed European art, literature, and science. Machine learning is a subset of artificial intelligence that focuses on algorithms and statistical models.",eng,train
データサイエンスは統計学、プログラミング、ドメイン知識を組み合わせて洞察を引き出します。 量子計算は計算能力と問題解決力におけるパラダイムシフトを意味します。,jpn,train
"La recherche médicale continue d'améliorer les traitements et la qualité de vie de millions de personnes. La Renaissance fut une période de renouveau culturel qui transforma l'art, la littérature et la science européennes.",fra,train
機械学習はアルゴリズムと統計モデルに焦点を当てる人工知能の一分野です。 素早い茶色の狐が怠け者の犬を飛び越えました。これは言語識別のための日本語テキスト例です。,jpn,test
自然語言處理使電腦能夠以有價值的方式理解和處理人類語言。 太空探索擴展了我們對宇宙以及我們在宇宙中位置的理解。,zho,train
自然言語処理により、コンピュータは人間の言語を理解し有効に処理できます。 民主主義は市民の積極的な参加によって効果的に機能し、多様な利益を代表します。,jpn,train
"데이터 과학은 통계, 프로그래밍, 도메인 지식을 결합해 통찰을 이끌어냅니다. 재빠른 갈색 여우가 게으른 개를 뛰어넘었습니다. 이는 언어 식별을 위한 한국어 예문입니다.",kor,train
Education is fundamental to personal growth and societal progress in the modern world. The quick brown fox jumps over the lazy dog. This is a sample English text for language identification.,eng,test
"데이터 과학은 통계, 프로그래밍, 도메인 지식을 결합해 통찰을 이끌어냅니다. 파이썬은 간결성과 가독성으로 유명한 고수준 프로그래밍 언어입니다.",kor,train
機械学習はアルゴリズムと統計モデルに焦点を当てる人工知能の一分野です。 気候変動は21世紀に人類が直面する最も差し迫った課題の一つです。,jpn,test
"양자 컴퓨팅은 계산 능력과 문제 해결 방식의 패러다임 전환을 의미합니다. 인터넷은 전 세계의 소통, 상거래, 정보 접근을 혁신했습니다.",kor,test
太陽能和風能等再生能源對永續發展至關重要。 醫學研究不斷推進治療方法，改善數百萬人的生活品質。,zho,train
"El Renacimiento fue un período de renacimiento cultural que transformó el arte, la literatura y la ciencia europeas. Las fuentes de energía renovable como la solar y eólica son esenciales para el desarrollo sostenible.",spa,train
Democracy requires active participation from citizens to function effectively and represent diverse interests. Natural language processing enables computers to understand and process human language in valuable ways.,eng,train
La diversidad cultural enriquece las comunidades y promueve la comprensión entre diferentes grupos. El aprendizaje automático es un subconjunto de la inteligencia artificial que se enfoca en algoritmos.,spa,train
素早い茶色の狐が怠け者の犬を飛び越えました。これは言語識別のための日本語テキスト例です。 太陽光や風力といった再生可能エネルギーは持続可能な発展に不可欠です。,jpn,test
양자 컴퓨팅은 계산 능력과 문제 해결 방식의 패러다임 전환을 의미합니다. 민주주의는 시민의 적극적 참여를 통해 효과적으로 기능하며 다양한 이익을 대표합니다.,kor,val
Cultural diversity enriches communities and promotes understanding between different groups. The quick brown fox jumps over the lazy dog. This is a sample English text for language identification.,eng,train
Python はその簡潔さと可読性で知られる高水準のプログラミング言語です。 宇宙探査は私たちの宇宙観と自分たちの位置に対する理解を広げました。,jpn,test
Le changement climatique est l'un des défis les plus pressants auxquels l'humanité est confrontée. Le traitement du langage naturel permet aux ordinateurs de comprendre le langage humain de manière précise.,fra,train
Python 是一種高級程式語言，以其簡潔性和可讀性而聞名。 文藝復興時期是文化復興的時期，它改變了歐洲的藝術、文學和科學。,zho,train
Le changement climatique est l'un des défis les plus pressants auxquels l'humanité est confrontée. L'exploration spatiale a élargi notre compréhension de l'univers et de notre place dans celui-ci.,fra,train
El cambio climático es uno de los desafíos más urgentes que enfrenta la humanidad en el siglo XXI. La educación es fundamental para el crecimiento personal y el progreso social en el mundo moderno.,spa,train
太陽光や風力といった再生可能エネルギーは持続可能な発展に不可欠です。 自然言語処理により、コンピュータは人間の言語を理解し有効に処理できます。,jpn,train
素早い茶色の狐が怠け者の犬を飛び越えました。これは言語識別のための日本語テキスト例です。 教育は現代社会における個人の成長と社会の進歩の基盤です。,jpn,train
太陽能和風能等再生能源對永續發展至關重要。 氣候變遷是 21 世紀人類面臨的最緊迫的挑戰之一。,zho,val
"The internet has revolutionized communication, commerce, and access to information globally. Python is a high-level programming language known for its simplicity and readability.",eng,test
"El Renacimiento fue un período de renacimiento cultural que transformó el arte, la literatura y la ciencia europeas. El aprendizaje automático es un subconjunto de la inteligencia artificial que se enfoca en algoritmos.",spa,train
太空探索擴展了我們對宇宙以及我們在宇宙中位置的理解。 互聯網徹底改變了全球的通訊、商業和資訊獲取方式。,zho,train
Las fuentes de energía renovable como la solar y eólica son esenciales para el desarrollo sostenible. La educación es fundamental para el crecimiento personal y el progreso social en el mundo moderno.,spa,train
"El Renacimiento fue un período de renacimiento cultural que transformó el arte, la literatura y la ciencia europeas. La exploración espacial ha ampliado nuestra comprensión del universo y nuestro lugar en él.",spa,test
Climate change is one of the most pressing challenges facing humanity in the 21st century. Cultural diversity enriches communities and promotes understanding between different groups.,eng,val
L'éducation est fondamentale pour la croissance personnelle et le progrès sociétal dans le monde moderne. Les sources d'énergie renouvelable comme le solaire et l'éolien sont essentielles pour le développement durable.,fra,train
インターネットは世界のコミュニケーション、商取引、情報アクセスを一変させました。 自然言語処理により、コンピュータは人間の言語を理解し有効に処理できます。,jpn,train
"Data science combines statistics, programming, and domain expertise to extract insights from data. Machine learning is a subset of artificial intelligence that focuses on algorithms and statistical models.",eng,train
Las fuentes de energía renovable como la solar y eólica son esenciales para el desarrollo sostenible. La educación es fundamental para el crecimiento personal y el progreso social en el mundo moderno.,spa,val
宇宙探査は私たちの宇宙観と自分たちの位置に対する理解を広げました。 教育は現代社会における個人の成長と社会の進歩の基盤です。,jpn,test
La diversidad cultural enriquece las comunidades y promueve la comprensión entre diferentes grupos. La computación cuántica representa un cambio de paradigma en el poder computacional y las capacidades de resolución.,spa,train
L'informatique quantique représente un changement de paradigme dans la puissance computationnelle. Le changement climatique est l'un des défis les plus pressants auxquels l'humanité est confrontée.,fra,train
El aprendizaje automático es un subconjunto de la inteligencia artificial que se enfoca en algoritmos. El zorro marrón rápido salta sobre el perro perezoso. Este es un ejemplo de texto en español.,spa,test
敏捷的棕色狐狸跳過了懶惰的狗。這是一段用於語言識別的中文文本示例。 Python 是一種高級程式語言，以其簡潔性和可讀性而聞名。,zho,train
Quantum computing represents a paradigm shift in computational power and problem-solving capabilities. Machine learning is a subset of artificial intelligence that focuses on algorithms and statistical models.,eng,val
La diversité culturelle enrichit les communautés et favorise la compréhension entre différents groupes. L'apprentissage automatique est un sous-ensemble de l'intelligence artificielle qui se concentre sur les algorithmes.,fra,test
L'apprentissage automatique est un sous-ensemble de l'intelligence artificielle qui se concentre sur les algorithmes. La démocratie nécessite une participation active des citoyens pour fonctionner efficacement.,fra,train
"르네상스는 유럽의 예술, 문학, 과학을 변화시킨 문화적 부흥기였습니다. 인터넷은 전 세계의 소통, 상거래, 정보 접근을 혁신했습니다.",kor,train
El cambio climático es uno de los desafíos más urgentes que enfrenta la humanidad en el siglo XXI. La diversidad cultural enriquece las comunidades y promueve la comprensión entre diferentes grupos.,spa,train
"르네상스는 유럽의 예술, 문학, 과학을 변화시킨 문화적 부흥기였습니다. 양자 컴퓨팅은 계산 능력과 문제 해결 방식의 패러다임 전환을 의미합니다.",kor,val
氣候變遷是 21 世紀人類面臨的最緊迫的挑戰之一。 敏捷的棕色狐狸跳過了懶惰的狗。這是一段用於語言識別的中文文本示例。,zho,train
L'exploration spatiale a élargi notre compréhension de l'univers et de notre place dans celui-ci. L'éducation est fondamentale pour la croissance personnelle et le progrès sociétal dans le monde moderne.,fra,train
機器學習是人工智慧的一個子集，專注於演算法和統計模型。 文藝復興時期是文化復興的時期，它改變了歐洲的藝術、文學和科學。,zho,train
醫學研究不斷推進治療方法，改善數百萬人的生活品質。 文化多樣性豐富了社區，促進了不同群體之間的相互理解。,zho,train
"Internet a révolutionné la communication, le commerce et l'accès à l'information à l'échelle mondiale. Le changement climatique est l'un des défis les plus pressants auxquels l'humanité est confrontée.",fra,val
La educación es fundamental para el crecimiento personal y el progreso social en el mundo moderno. La investigación médica continúa avanzando en tratamientos y mejorando la calidad de vida de millones.,spa,train
医療研究は治療を進歩させ、何百万人もの生活の質を向上させ続けています。 インターネットは世界のコミュニケーション、商取引、情報アクセスを一変させました。,jpn,train
太陽光や風力といった再生可能エネルギーは持続可能な発展に不可欠です。 機械学習はアルゴリズムと統計モデルに焦点を当てる人工知能の一分野です。,jpn,train
L'informatique quantique représente un changement de paradigme dans la puissance computationnelle. L'apprentissage automatique est un sous-ensemble de l'intelligence artificielle qui se concentre sur les algorithmes.,fra,train
"르네상스는 유럽의 예술, 문학, 과학을 변화시킨 문화적 부흥기였습니다. 교육은 현대 사회에서 개인의 성장과 사회 발전의 토대입니다.",kor,train
Las fuentes de energía renovable como la solar y eólica son esenciales para el desarrollo sostenible. Python es un lenguaje de programación de alto nivel conocido por su simplicidad y legibilidad.,spa,train
기계학습은 알고리즘과 통계 모델에 집중하는 인공지능의 한 분야입니다. 양자 컴퓨팅은 계산 능력과 문제 해결 방식의 패러다임 전환을 의미합니다.,kor,train
Python es un lenguaje de programación de alto nivel conocido por su simplicidad y legibilidad. El procesamiento del lenguaje natural permite a las computadoras entender el lenguaje humano de manera valiosa.,spa,train
La democracia requiere participación activa de los ciudadanos para funcionar efectivamente y representar diversos intereses. La computación cuántica representa un cambio de paradigma en el poder computacional y las capacidades de resolución.,spa,train
"Space exploration has expanded our understanding of the universe and our place within it. Data science combines statistics, programming, and domain expertise to extract insights from data.",eng,train
機器學習是人工智慧的一個子集，專注於演算法和統計模型。 互聯網徹底改變了全球的通訊、商業和資訊獲取方式。,zho,val
ルネサンスはヨーロッパの芸術、文学、科学を変えた文化的復興の時代でした。 医療研究は治療を進歩させ、何百万人もの生活の質を向上させ続けています。,jpn,val
민주주의는 시민의 적극적 참여를 통해 효과적으로 기능하며 다양한 이익을 대표합니다. 기후 변화는 21세기 인류가 직면한 가장 시급한 과제 중 하나입니다。,kor,train
El cambio climático es uno de los desafíos más urgentes que enfrenta la humanidad en el siglo XXI. El aprendizaje automático es un subconjunto de la inteligencia artificial que se enfoca en algoritmos.,spa,train
"Data science combines statistics, programming, and domain expertise to extract insights from data. Python is a high-level programming language known for its simplicity and readability.",eng,train
Le renard brun rapide saute par-dessus le chien paresseux. Ceci est un exemple de texte français. Le changement climatique est l'un des défis les plus pressants auxquels l'humanité est confrontée.,fra,train
機器學習是人工智慧的一個子集，專注於演算法和統計模型。 氣候變遷是 21 世紀人類面臨的最緊迫的挑戰之一。,zho,train
Python est un langage de programmation de haut niveau connu pour sa simplicité et sa lisibilité. Les sources d'énergie renouvelable comme le solaire et l'éolien sont essentielles pour le développement durable.,fra,val
Les sources d'énergie renouvelable comme le solaire et l'éolien sont essentielles pour le développement durable. Le traitement du langage naturel permet aux ordinateurs de comprendre le langage humain de manière précise.,fra,test
"Education is fundamental to personal growth and societal progress in the modern world. The internet has revolutionized communication, commerce, and access to information globally.",eng,train
우주 탐사는 우주와 그 속에서의 우리의 위치에 대한 이해를 넓혔습니다. 기계학습은 알고리즘과 통계 모델에 집중하는 인공지능의 한 분야입니다.,kor,val
醫學研究不斷推進治療方法，改善數百萬人的生活品質。 太空探索擴展了我們對宇宙以及我們在宇宙中位置的理解。,zho,train
La educación es fundamental para el crecimiento personal y el progreso social en el mundo moderno. La computación cuántica representa un cambio de paradigma en el poder computacional y las capacidades de resolución.,spa,test
La exploración espacial ha ampliado nuestra comprensión del universo y nuestro lugar en él. Python es un lenguaje de programación de alto nivel conocido por su simplicidad y legibilidad.,spa,train
민주주의는 시민의 적극적 참여를 통해 효과적으로 기능하며 다양한 이익을 대표합니다. 양자 컴퓨팅은 계산 능력과 문제 해결 방식의 패러다임 전환을 의미합니다.,kor,train
民主主義は市民の積極的な参加によって効果的に機能し、多様な利益を代表します。 自然言語処理により、コンピュータは人間の言語を理解し有効に処理できます。,jpn,train
"La Renaissance fut une période de renouveau culturel qui transforma l'art, la littérature et la science européennes. L'éducation est fondamentale pour la croissance personnelle et le progrès sociétal dans le monde moderne.",fra,train
Python is a high-level programming language known for its simplicity and readability. Medical research continues to advance treatments and improve quality of life for millions.,eng,train
Le renard brun rapide saute par-dessus le chien paresseux. Ceci est un exemple de texte français. L'éducation est fondamentale pour la croissance personnelle et le progrès sociétal dans le monde moderne.,fra,train
Climate change is one of the most pressing challenges facing humanity in the 21st century. Quantum computing represents a paradigm shift in computational power and problem-solving capabilities.,eng,train
교육은 현대 사회에서 개인의 성장과 사회 발전의 토대입니다. 태양광과 풍력 같은 재생 가능 에너지는 지속 가능한 발전에 필수적입니다.,kor,train
Les sources d'énergie renouvelable comme le solaire et l'éolien sont essentielles pour le développement durable. L'apprentissage automatique est un sous-ensemble de l'intelligence artificielle qui se concentre sur les algorithmes.,fra,train
量子計算代表了計算能力和問題解決能力的範式轉移。 醫學研究不斷推進治療方法，改善數百萬人的生活品質。,zho,train
"인터넷은 전 세계의 소통, 상거래, 정보 접근을 혁신했습니다. 교육은 현대 사회에서 개인의 성장과 사회 발전의 토대입니다.",kor,train
Les sources d'énergie renouvelable comme le solaire et l'éolien sont essentielles pour le développement durable. Le traitement du langage naturel permet aux ordinateurs de comprendre le langage humain de manière précise.,fra,train
量子計算は計算能力と問題解決力におけるパラダイムシフトを意味します。 自然言語処理により、コンピュータは人間の言語を理解し有効に処理できます。,jpn,train
의학 연구는 치료법을 지속적으로 발전시켜 수백만 명의 삶의 질을 향상시키고 있습니다. 우주 탐사는 우주와 그 속에서의 우리의 위치에 대한 이해를 넓혔습니다.,kor,train
Le changement climatique est l'un des défis les plus pressants auxquels l'humanité est confrontée. Python est un langage de programmation de haut niveau connu pour sa simplicité et sa lisibilité.,fra,train
"Democracy requires active participation from citizens to function effectively and represent diverse interests. Data science combines statistics, programming, and domain expertise to extract insights from data.",eng,train
La exploración espacial ha ampliado nuestra comprensión del universo y nuestro lugar en él. La investigación médica continúa avanzando en tratamientos y mejorando la calidad de vida de millones.,spa,train
재빠른 갈색 여우가 게으른 개를 뛰어넘었습니다. 이는 언어 식별을 위한 한국어 예문입니다. 민주주의는 시민의 적극적 참여를 통해 효과적으로 기능하며 다양한 이익을 대표합니다.,kor,train
기계학습은 알고리즘과 통계 모델에 집중하는 인공지능의 한 분야입니다. 자연어 처리는 컴퓨터가 인간 언어를 이해하고 가치 있게 다루도록 합니다.,kor,train
Education is fundamental to personal growth and societal progress in the modern world. Renewable energy sources like solar and wind power are essential for sustainable development.,eng,test
"기계학습은 알고리즘과 통계 모델에 집중하는 인공지능의 한 분야입니다. 르네상스는 유럽의 예술, 문학, 과학을 변화시킨 문화적 부흥기였습니다.",kor,train
"La ciencia de datos combina estadísticas, programación y experiencia del dominio para extraer insights. La democracia requiere participación activa de los ciudadanos para funcionar efectivamente y representar diversos intereses.",spa,val
文化的多様性はコミュニティを豊かにし、異なるグループ間の理解を促進します。 宇宙探査は私たちの宇宙観と自分たちの位置に対する理解を広げました。,jpn,train
データサイエンスは統計学、プログラミング、ドメイン知識を組み合わせて洞察を引き出します。 インターネットは世界のコミュニケーション、商取引、情報アクセスを一変させました。,jpn,train
"La Renaissance fut une période de renouveau culturel qui transforma l'art, la littérature et la science européennes. L'informatique quantique représente un changement de paradigme dans la puissance computationnelle.",fra,test
La recherche médicale continue d'améliorer les traitements et la qualité de vie de millions de personnes. L'éducation est fondamentale pour la croissance personnelle et le progrès sociétal dans le monde moderne.,fra,val
互聯網徹底改變了全球的通訊、商業和資訊獲取方式。 氣候變遷是 21 世紀人類面臨的最緊迫的挑戰之一。,zho,val
El aprendizaje automático es un subconjunto de la inteligencia artificial que se enfoca en algoritmos. Las fuentes de energía renovable como la solar y eólica son esenciales para el desarrollo sostenible.,spa,train
L'informatique quantique représente un changement de paradigme dans la puissance computationnelle. Le changement climatique est l'un des défis les plus pressants auxquels l'humanité est confrontée.,fra,val
気候変動は21世紀に人類が直面する最も差し迫った課題の一つです。 教育は現代社会における個人の成長と社会の進歩の基盤です。,jpn,train
Democracy requires active participation from citizens to function effectively and represent diverse interests. The quick brown fox jumps over the lazy dog. This is a sample English text for language identification.,eng,train
태양광과 풍력 같은 재생 가능 에너지는 지속 가능한 발전에 필수적입니다. 자연어 처리는 컴퓨터가 인간 언어를 이해하고 가치 있게 다루도록 합니다.,kor,train
Quantum computing represents a paradigm shift in computational power and problem-solving capabilities.,eng,train
재빠른 갈색 여우가 게으른 개를 뛰어넘었습니다. 이는 언어 식별을 위한 한국어 예문입니다. 기후 변화는 21세기 인류가 직면한 가장 시급한 과제 중 하나입니다。,kor,train
教育是現代世界個人成長和社會進步的基礎。 民主需要公民的積極參與才能有效運作並代表不同的利益。,zho,val
民主主義は市民の積極的な参加によって効果的に機能し、多様な利益を代表します。 気候変動は21世紀に人類が直面する最も差し迫った課題の一つです。,jpn,train
"르네상스는 유럽의 예술, 문학, 과학을 변화시킨 문화적 부흥기였습니다. 민주주의는 시민의 적극적 참여를 통해 효과적으로 기능하며 다양한 이익을 대표합니다.",kor,train
Quantum computing represents a paradigm shift in computational power and problem-solving capabilities. Cultural diversity enriches communities and promotes understanding between different groups.,eng,val
L'apprentissage automatique est un sous-ensemble de l'intelligence artificielle qui se concentre sur les algorithmes. Le traitement du langage naturel permet aux ordinateurs de comprendre le langage humain de manière précise.,fra,train
양자 컴퓨팅은 계산 능력과 문제 해결 방식의 패러다임 전환을 의미합니다. 기계학습은 알고리즘과 통계 모델에 집중하는 인공지능의 한 분야입니다.,kor,val
El cambio climático es uno de los desafíos más urgentes que enfrenta la humanidad en el siglo XXI. El aprendizaje automático es un subconjunto de la inteligencia artificial que se enfoca en algoritmos.,spa,train
"Python es un lenguaje de programación de alto nivel conocido por su simplicidad y legibilidad. La ciencia de datos combina estadísticas, programación y experiencia del dominio para extraer insights.",spa,train
La démocratie nécessite une participation active des citoyens pour fonctionner efficacement. La recherche médicale continue d'améliorer les traitements et la qualité de vie de millions de personnes.,fra,test
氣候變遷是 21 世紀人類面臨的最緊迫的挑戰之一。 民主需要公民的積極參與才能有效運作並代表不同的利益。,zho,train
敏捷的棕色狐狸跳過了懶惰的狗。這是一段用於語言識別的中文文本示例。 機器學習是人工智慧的一個子集，專注於演算法和統計模型。,zho,val
互聯網徹底改變了全球的通訊、商業和資訊獲取方式。 太空探索擴展了我們對宇宙以及我們在宇宙中位置的理解。,zho,train
기후 변화는 21세기 인류가 직면한 가장 시급한 과제 중 하나입니다。 파이썬은 간결성과 가독성으로 유명한 고수준 프로그래밍 언어입니다.,kor,train
數據科學結合了統計學、程式設計和領域專業知識，以從數據中提取見解。 民主需要公民的積極參與才能有效運作並代表不同的利益。,zho,val
"La investigación médica continúa avanzando en tratamientos y mejorando la calidad de vida de millones. La ciencia de datos combina estadísticas, programación y experiencia del dominio para extraer insights.",spa,train
"La recherche médicale continue d'améliorer les traitements et la qualité de vie de millions de personnes. La Renaissance fut une période de renouveau culturel qui transforma l'art, la littérature et la science européennes.",fra,val
"Machine learning is a subset of artificial intelligence that focuses on algorithms and statistical models. The internet has revolutionized communication, commerce, and access to information globally.",eng,train
El procesamiento del lenguaje natural permite a las computadoras entender el lenguaje humano de manera valiosa. El cambio climático es uno de los desafíos más urgentes que enfrenta la humanidad en el siglo XXI.,spa,val
機器學習是人工智慧的一個子集，專注於演算法和統計模型。 數據科學結合了統計學、程式設計和領域專業知識，以從數據中提取見解。,zho,val
L'exploration spatiale a élargi notre compréhension de l'univers et de notre place dans celui-ci. L'informatique quantique représente un changement de paradigme dans la puissance computationnelle.,fra,train
La computación cuántica representa un cambio de paradigma en el poder computacional y las capacidades de resolución. La diversidad cultural enriquece las comunidades y promueve la comprensión entre diferentes grupos.,spa,train
Les sources d'énergie renouvelable comme le solaire et l'éolien sont essentielles pour le développement durable. Le renard brun rapide saute par-dessus le chien paresseux. Ceci est un exemple de texte français.,fra,train
Las fuentes de energía renovable como la solar y eólica son esenciales para el desarrollo sostenible. El aprendizaje automático es un subconjunto de la inteligencia artificial que se enfoca en algoritmos.,spa,test
L'apprentissage automatique est un sous-ensemble de l'intelligence artificielle qui se concentre sur les algorithmes. La démocratie nécessite une participation active des citoyens pour fonctionner efficacement.,fra,val
"La ciencia de datos combina estadísticas, programación y experiencia del dominio para extraer insights. Python es un lenguaje de programación de alto nivel conocido por su simplicidad y legibilidad.",spa,val
Democracy requires active participation from citizens to function effectively and represent diverse interests. The quick brown fox jumps over the lazy dog. This is a sample English text for language identification.,eng,train
Quantum computing represents a paradigm shift in computational power and problem-solving capabilities. Python is a high-level programming language known for its simplicity and readability.,eng,train
氣候變遷是 21 世紀人類面臨的最緊迫的挑戰之一。 Python 是一種高級程式語言，以其簡潔性和可讀性而聞名。,zho,train
La educación es fundamental para el crecimiento personal y el progreso social en el mundo moderno. La exploración espacial ha ampliado nuestra comprensión del universo y nuestro lugar en él.,spa,train
La investigación médica continúa avanzando en tratamientos y mejorando la calidad de vida de millones. El aprendizaje automático es un subconjunto de la inteligencia artificial que se enfoca en algoritmos.,spa,train
Les sources d'énergie renouvelable comme le solaire et l'éolien sont essentielles pour le développement durable. La diversité culturelle enrichit les communautés et favorise la compréhension entre différents groupes.,fra,train
"El procesamiento del lenguaje natural permite a las computadoras entender el lenguaje humano de manera valiosa. La ciencia de datos combina estadísticas, programación y experiencia del dominio para extraer insights.",spa,train
"우주 탐사는 우주와 그 속에서의 우리의 위치에 대한 이해를 넓혔습니다. 르네상스는 유럽의 예술, 문학, 과학을 변화시킨 문화적 부흥기였습니다.",kor,val
医療研究は治療を進歩させ、何百万人もの生活の質を向上させ続けています。 民主主義は市民の積極的な参加によって効果的に機能し、多様な利益を代表します。,jpn,train
太陽能和風能等再生能源對永續發展至關重要。 機器學習是人工智慧的一個子集，專注於演算法和統計模型。,zho,val
"Python est un langage de programmation de haut niveau connu pour sa simplicité et sa lisibilité. La Renaissance fut une période de renouveau culturel qui transforma l'art, la littérature et la science européennes.",fra,train
文藝復興時期是文化復興的時期，它改變了歐洲的藝術、文學和科學。 氣候變遷是 21 世紀人類面臨的最緊迫的挑戰之一。,zho,train
"파이썬은 간결성과 가독성으로 유명한 고수준 프로그래밍 언어입니다. 데이터 과학은 통계, 프로그래밍, 도메인 지식을 결합해 통찰을 이끌어냅니다.",kor,train
醫學研究不斷推進治療方法，改善數百萬人的生活品質。 自然語言處理使電腦能夠以有價值的方式理解和處理人類語言。,zho,train
"Internet a révolutionné la communication, le commerce et l'accès à l'information à l'échelle mondiale. Les sources d'énergie renouvelable comme le solaire et l'éolien sont essentielles pour le développement durable.",fra,train
宇宙探査は私たちの宇宙観と自分たちの位置に対する理解を広げました。 素早い茶色の狐が怠け者の犬を飛び越えました。これは言語識別のための日本語テキスト例です。,jpn,train
太空探索擴展了我們對宇宙以及我們在宇宙中位置的理解。 教育是現代世界個人成長和社會進步的基礎。,zho,train
教育是現代世界個人成長和社會進步的基礎。 自然語言處理使電腦能夠以有價值的方式理解和處理人類語言。,zho,test
기후 변화는 21세기 인류가 직면한 가장 시급한 과제 중 하나입니다。 파이썬은 간결성과 가독성으로 유명한 고수준 프로그래밍 언어입니다.,kor,train
民主主義は市民の積極的な参加によって効果的に機能し、多様な利益を代表します。 文化的多様性はコミュニティを豊かにし、異なるグループ間の理解を促進します。,jpn,test
La investigación médica continúa avanzando en tratamientos y mejorando la calidad de vida de millones. Las fuentes de energía renovable como la solar y eólica son esenciales para el desarrollo sostenible.,spa,train
El procesamiento del lenguaje natural permite a las computadoras entender el lenguaje humano de manera valiosa. La diversidad cultural enriquece las comunidades y promueve la comprensión entre diferentes grupos.,spa,train
"Internet a révolutionné la communication, le commerce et l'accès à l'information à l'échelle mondiale. L'informatique quantique représente un changement de paradigme dans la puissance computationnelle.",fra,train
Quantum computing represents a paradigm shift in computational power and problem-solving capabilities. The quick brown fox jumps over the lazy dog. This is a sample English text for language identification.,eng,train
"르네상스는 유럽의 예술, 문학, 과학을 변화시킨 문화적 부흥기였습니다. 교육은 현대 사회에서 개인의 성장과 사회 발전의 토대입니다.",kor,train
L'exploration spatiale a élargi notre compréhension de l'univers et de notre place dans celui-ci. L'éducation est fondamentale pour la croissance personnelle et le progrès sociétal dans le monde moderne.,fra,train
太空探索擴展了我們對宇宙以及我們在宇宙中位置的理解。 Python 是一種高級程式語言，以其簡潔性和可讀性而聞名。,zho,train
"Le changement climatique est l'un des défis les plus pressants auxquels l'humanité est confrontée. La Renaissance fut une période de renouveau culturel qui transforma l'art, la littérature et la science européennes.",fra,train
文藝復興時期是文化復興的時期，它改變了歐洲的藝術、文學和科學。 自然語言處理使電腦能夠以有價值的方式理解和處理人類語言。,zho,train
太陽能和風能等再生能源對永續發展至關重要。 氣候變遷是 21 世紀人類面臨的最緊迫的挑戰之一。,zho,test
"L'exploration spatiale a élargi notre compréhension de l'univers et de notre place dans celui-ci. La Renaissance fut une période de renouveau culturel qui transforma l'art, la littérature et la science européennes.",fra,train
"La science des données combine statistiques, programmation et expertise du domaine pour extraire des insights. L'exploration spatiale a élargi notre compréhension de l'univers et de notre place dans celui-ci.",fra,train
文藝復興時期是文化復興的時期，它改變了歐洲的藝術、文學和科學。 太陽能和風能等再生能源對永續發展至關重要。,zho,train
Quantum computing represents a paradigm shift in computational power and problem-solving capabilities. Natural language processing enables computers to understand and process human language in valuable ways.,eng,train
"The quick brown fox jumps over the lazy dog. This is a sample English text for language identification. The internet has revolutionized communication, commerce, and access to information globally.",eng,train
醫學研究不斷推進治療方法，改善數百萬人的生活品質。 教育是現代世界個人成長和社會進步的基礎。,zho,train
Python est un langage de programmation de haut niveau connu pour sa simplicité et sa lisibilité. L'informatique quantique représente un changement de paradigme dans la puissance computationnelle.,fra,test
自然語言處理使電腦能夠以有價值的方式理解和處理人類語言。 太空探索擴展了我們對宇宙以及我們在宇宙中位置的理解。,zho,train
양자 컴퓨팅은 계산 능력과 문제 해결 방식의 패러다임 전환을 의미합니다. 파이썬은 간결성과 가독성으로 유명한 고수준 프로그래밍 언어입니다.,kor,train
"La ciencia de datos combina estadísticas, programación y experiencia del dominio para extraer insights.",spa,val
"La science des données combine statistiques, programmation et expertise du domaine pour extraire des insights. L'éducation est fondamentale pour la croissance personnelle et le progrès sociétal dans le monde moderne.",fra,train
醫學研究不斷推進治療方法，改善數百萬人的生活品質。 量子計算代表了計算能力和問題解決能力的範式轉移。,zho,test
文化多樣性豐富了社區，促進了不同群體之間的相互理解。 教育是現代世界個人成長和社會進步的基礎。,zho,train
太陽光や風力といった再生可能エネルギーは持続可能な発展に不可欠です。 宇宙探査は私たちの宇宙観と自分たちの位置に対する理解を広げました。,jpn,train
의학 연구는 치료법을 지속적으로 발전시켜 수백만 명의 삶의 질을 향상시키고 있습니다. 양자 컴퓨팅은 계산 능력과 문제 해결 방식의 패러다임 전환을 의미합니다.,kor,train
문화적 다양성은 공동체를 풍요롭게 하며 서로 다른 집단 간의 이해를 촉진합니다。 파이썬은 간결성과 가독성으로 유명한 고수준 프로그래밍 언어입니다.,kor,train
太空探索擴展了我們對宇宙以及我們在宇宙中位置的理解。 文化多樣性豐富了社區，促進了不同群體之間的相互理解。,zho,train
"L'exploration spatiale a élargi notre compréhension de l'univers et de notre place dans celui-ci. La science des données combine statistiques, programmation et expertise du domaine pour extraire des insights.",fra,train
"The Renaissance was a period of cultural rebirth that transformed European art, literature, and science. Climate change is one of the most pressing challenges facing humanity in the 21st century.",eng,train
Medical research continues to advance treatments and improve quality of life for millions. Democracy requires active participation from citizens to function effectively and represent diverse interests.,eng,train
医療研究は治療を進歩させ、何百万人もの生活の質を向上させ続けています。 ルネサンスはヨーロッパの芸術、文学、科学を変えた文化的復興の時代でした。,jpn,train
"인터넷은 전 세계의 소통, 상거래, 정보 접근을 혁신했습니다. 양자 컴퓨팅은 계산 능력과 문제 해결 방식의 패러다임 전환을 의미합니다.",kor,train
データサイエンスは統計学、プログラミング、ドメイン知識を組み合わせて洞察を引き出します。 自然言語処理により、コンピュータは人間の言語を理解し有効に処理できます。,jpn,test
Quantum computing represents a paradigm shift in computational power and problem-solving capabilities. Machine learning is a subset of artificial intelligence that focuses on algorithms and statistical models.,eng,train
医療研究は治療を進歩させ、何百万人もの生活の質を向上させ続けています。 民主主義は市民の積極的な参加によって効果的に機能し、多様な利益を代表します。,jpn,val
Python est un langage de programmation de haut niveau connu pour sa simplicité et sa lisibilité.,fra,test
素早い茶色の狐が怠け者の犬を飛び越えました。これは言語識別のための日本語テキスト例です。 ルネサンスはヨーロッパの芸術、文学、科学を変えた文化的復興の時代でした。,jpn,train
Python 是一種高級程式語言，以其簡潔性和可讀性而聞名。 氣候變遷是 21 世紀人類面臨的最緊迫的挑戰之一。,zho,val
機器學習是人工智慧的一個子集，專注於演算法和統計模型。 太陽能和風能等再生能源對永續發展至關重要。,zho,train
Python is a high-level programming language known for its simplicity and readability. Democracy requires active participation from citizens to function effectively and represent diverse interests.,eng,train
"Le renard brun rapide saute par-dessus le chien paresseux. Ceci est un exemple de texte français. Internet a révolutionné la communication, le commerce et l'accès à l'information à l'échelle mondiale.",fra,val
自然語言處理使電腦能夠以有價值的方式理解和處理人類語言。 機器學習是人工智慧的一個子集，專注於演算法和統計模型。,zho,train
"La science des données combine statistiques, programmation et expertise du domaine pour extraire des insights. L'informatique quantique représente un changement de paradigme dans la puissance computationnelle.",fra,train
文化多樣性豐富了社區，促進了不同群體之間的相互理解。 文藝復興時期是文化復興的時期，它改變了歐洲的藝術、文學和科學。,zho,val
"양자 컴퓨팅은 계산 능력과 문제 해결 방식의 패러다임 전환을 의미합니다. 인터넷은 전 세계의 소통, 상거래, 정보 접근을 혁신했습니다.",kor,val
Climate change is one of the most pressing challenges facing humanity in the 21st century. Python is a high-level programming language known for its simplicity and readability.,eng,train
民主需要公民的積極參與才能有效運作並代表不同的利益。 量子計算代表了計算能力和問題解決能力的範式轉移。,zho,train
"The internet has revolutionized communication, commerce, and access to information globally. Education is fundamental to personal growth and societal progress in the modern world.",eng,val
"La ciencia de datos combina estadísticas, programación y experiencia del dominio para extraer insights. El aprendizaje automático es un subconjunto de la inteligencia artificial que se enfoca en algoritmos.",spa,val
기계학습은 알고리즘과 통계 모델에 집중하는 인공지능의 한 분야입니다. 우주 탐사는 우주와 그 속에서의 우리의 위치에 대한 이해를 넓혔습니다.,kor,train
"교육은 현대 사회에서 개인의 성장과 사회 발전의 토대입니다. 르네상스는 유럽의 예술, 문학, 과학을 변화시킨 문화적 부흥기였습니다.",kor,train
"La democracia requiere participación activa de los ciudadanos para funcionar efectivamente y representar diversos intereses. La ciencia de datos combina estadísticas, programación y experiencia del dominio para extraer insights.",spa,train
量子計算代表了計算能力和問題解決能力的範式轉移。 太陽能和風能等再生能源對永續發展至關重要。,zho,val
Les sources d'énergie renouvelable comme le solaire et l'éolien sont essentielles pour le développement durable. La démocratie nécessite une participation active des citoyens pour fonctionner efficacement.,fra,train
ルネサンスはヨーロッパの芸術、文学、科学を変えた文化的復興の時代でした。 文化的多様性はコミュニティを豊かにし、異なるグループ間の理解を促進します。,jpn,train
재빠른 갈색 여우가 게으른 개를 뛰어넘었습니다. 이는 언어 식별을 위한 한국어 예문입니다. 양자 컴퓨팅은 계산 능력과 문제 해결 방식의 패러다임 전환을 의미합니다.,kor,train
L'éducation est fondamentale pour la croissance personnelle et le progrès sociétal dans le monde moderne.,fra,train
ルネサンスはヨーロッパの芸術、文学、科学を変えた文化的復興の時代でした。 機械学習はアルゴリズムと統計モデルに焦点を当てる人工知能の一分野です。,jpn,train
"La exploración espacial ha ampliado nuestra comprensión del universo y nuestro lugar en él. Internet ha revolucionado la comunicación, el comercio y el acceso a la información a nivel global.",spa,train
Space exploration has expanded our understanding of the universe and our place within it. Cultural diversity enriches communities and promotes understanding between different groups.,eng,val
La démocratie nécessite une participation active des citoyens pour fonctionner efficacement. L'exploration spatiale a élargi notre compréhension de l'univers et de notre place dans celui-ci.,fra,train
文藝復興時期是文化復興的時期，它改變了歐洲的藝術、文學和科學。 文化多樣性豐富了社區，促進了不同群體之間的相互理解。,zho,test
민주주의는 시민의 적극적 참여를 통해 효과적으로 기능하며 다양한 이익을 대표합니다. 기후 변화는 21세기 인류가 직면한 가장 시급한 과제 중 하나입니다。,kor,val
태양광과 풍력 같은 재생 가능 에너지는 지속 가능한 발전에 필수적입니다. 양자 컴퓨팅은 계산 능력과 문제 해결 방식의 패러다임 전환을 의미합니다.,kor,train
"Machine learning is a subset of artificial intelligence that focuses on algorithms and statistical models. The internet has revolutionized communication, commerce, and access to information globally.",eng,val
Cultural diversity enriches communities and promotes understanding between different groups. Quantum computing represents a paradigm shift in computational power and problem-solving capabilities.,eng,train
文化多樣性豐富了社區，促進了不同群體之間的相互理解。 民主需要公民的積極參與才能有效運作並代表不同的利益。,zho,val
文藝復興時期是文化復興的時期，它改變了歐洲的藝術、文學和科學。 太空探索擴展了我們對宇宙以及我們在宇宙中位置的理解。,zho,test
氣候變遷是 21 世紀人類面臨的最緊迫的挑戰之一。 互聯網徹底改變了全球的通訊、商業和資訊獲取方式。,zho,train
La investigación médica continúa avanzando en tratamientos y mejorando la calidad de vida de millones. Las fuentes de energía renovable como la solar y eólica son esenciales para el desarrollo sostenible.,spa,train
태양광과 풍력 같은 재생 가능 에너지는 지속 가능한 발전에 필수적입니다. 민주주의는 시민의 적극적 참여를 통해 효과적으로 기능하며 다양한 이익을 대표합니다.,kor,train
"Climate change is one of the most pressing challenges facing humanity in the 21st century. The Renaissance was a period of cultural rebirth that transformed European art, literature, and science.",eng,train
Python はその簡潔さと可読性で知られる高水準のプログラミング言語です。 素早い茶色の狐が怠け者の犬を飛び越えました。これは言語識別のための日本語テキスト例です。,jpn,test
Natural language processing enables computers to understand and process human language in valuable ways. Space exploration has expanded our understanding of the universe and our place within it.,eng,train
"La science des données combine statistiques, programmation et expertise du domaine pour extraire des insights. La diversité culturelle enrichit les communautés et favorise la compréhension entre différents groupes.",fra,train
"La science des données combine statistiques, programmation et expertise du domaine pour extraire des insights. Le renard brun rapide saute par-dessus le chien paresseux. Ceci est un exemple de texte français.",fra,train
La educación es fundamental para el crecimiento personal y el progreso social en el mundo moderno. Las fuentes de energía renovable como la solar y eólica son esenciales para el desarrollo sostenible.,spa,val
Democracy requires active participation from citizens to function effectively and represent diverse interests. Natural language processing enables computers to understand and process human language in valuable ways.,eng,train
Machine learning is a subset of artificial intelligence that focuses on algorithms and statistical models. Medical research continues to advance treatments and improve quality of life for millions.,eng,train
自然語言處理使電腦能夠以有價值的方式理解和處理人類語言。 醫學研究不斷推進治療方法，改善數百萬人的生活品質。,zho,train
医療研究は治療を進歩させ、何百万人もの生活の質を向上させ続けています。 自然言語処理により、コンピュータは人間の言語を理解し有効に処理できます。,jpn,val
"El Renacimiento fue un período de renacimiento cultural que transformó el arte, la literatura y la ciencia europeas. La democracia requiere participación activa de los ciudadanos para funcionar efectivamente y representar diversos intereses.",spa,train
Space exploration has expanded our understanding of the universe and our place within it. Natural language processing enables computers to understand and process human language in valuable ways.,eng,val
"El aprendizaje automático es un subconjunto de la inteligencia artificial que se enfoca en algoritmos. Internet ha revolucionado la comunicación, el comercio y el acceso a la información a nivel global.",spa,train
"Internet a révolutionné la communication, le commerce et l'accès à l'information à l'échelle mondiale. Le traitement du langage naturel permet aux ordinateurs de comprendre le langage humain de manière précise.",fra,test
L'éducation est fondamentale pour la croissance personnelle et le progrès sociétal dans le monde moderne. L'apprentissage automatique est un sous-ensemble de l'intelligence artificielle qui se concentre sur les algorithmes.,fra,test
機械学習はアルゴリズムと統計モデルに焦点を当てる人工知能の一分野です。 気候変動は21世紀に人類が直面する最も差し迫った課題の一つです。,jpn,test
Cultural diversity enriches communities and promotes understanding between different groups. Space exploration has expanded our understanding of the universe and our place within it.,eng,train
文化多樣性豐富了社區，促進了不同群體之間的相互理解。 文藝復興時期是文化復興的時期，它改變了歐洲的藝術、文學和科學。,zho,train
"Data science combines statistics, programming, and domain expertise to extract insights from data. Democracy requires active participation from citizens to function effectively and represent diverse interests.",eng,train
"El Renacimiento fue un período de renacimiento cultural que transformó el arte, la literatura y la ciencia europeas. El cambio climático es uno de los desafíos más urgentes que enfrenta la humanidad en el siglo XXI.",spa,val
Democracy requires active participation from citizens to function effectively and represent diverse interests. The quick brown fox jumps over the lazy dog. This is a sample English text for language identification.,eng,test
Machine learning is a subset of artificial intelligence that focuses on algorithms and statistical models. Space exploration has expanded our understanding of the universe and our place within it.,eng,train
"La science des données combine statistiques, programmation et expertise du domaine pour extraire des insights. Le changement climatique est l'un des défis les plus pressants auxquels l'humanité est confrontée.",fra,train
La démocratie nécessite une participation active des citoyens pour fonctionner efficacement. L'apprentissage automatique est un sous-ensemble de l'intelligence artificielle qui se concentre sur les algorithmes.,fra,train
The quick brown fox jumps over the lazy dog. This is a sample English text for language identification. Education is fundamental to personal growth and societal progress in the modern world.,eng,train
L'apprentissage automatique est un sous-ensemble de l'intelligence artificielle qui se concentre sur les algorithmes. L'éducation est fondamentale pour la croissance personnelle et le progrès sociétal dans le monde moderne.,fra,val
自然語言處理使電腦能夠以有價值的方式理解和處理人類語言。 數據科學結合了統計學、程式設計和領域專業知識，以從數據中提取見解。,zho,train
"Les sources d'énergie renouvelable comme le solaire et l'éolien sont essentielles pour le développement durable. La Renaissance fut une période de renouveau culturel qui transforma l'art, la littérature et la science européennes.",fra,train
數據科學結合了統計學、程式設計和領域專業知識，以從數據中提取見解。 Python 是一種高級程式語言，以其簡潔性和可讀性而聞名。,zho,train
互聯網徹底改變了全球的通訊、商業和資訊獲取方式。 氣候變遷是 21 世紀人類面臨的最緊迫的挑戰之一。,zho,train
"민주주의는 시민의 적극적 참여를 통해 효과적으로 기능하며 다양한 이익을 대표합니다. 인터넷은 전 세계의 소통, 상거래, 정보 접근을 혁신했습니다.",kor,train
互聯網徹底改變了全球的通訊、商業和資訊獲取方式。 文藝復興時期是文化復興的時期，它改變了歐洲的藝術、文學和科學。,zho,train
민주주의는 시민의 적극적 참여를 통해 효과적으로 기능하며 다양한 이익을 대표합니다. 의학 연구는 치료법을 지속적으로 발전시켜 수백만 명의 삶의 질을 향상시키고 있습니다.,kor,train
Quantum computing represents a paradigm shift in computational power and problem-solving capabilities. Education is fundamental to personal growth and societal progress in the modern world.,eng,train
민주주의는 시민의 적극적 참여를 통해 효과적으로 기능하며 다양한 이익을 대표합니다. 태양광과 풍력 같은 재생 가능 에너지는 지속 가능한 발전에 필수적입니다.,kor,test
Le traitement du langage naturel permet aux ordinateurs de comprendre le langage humain de manière précise. L'éducation est fondamentale pour la croissance personnelle et le progrès sociétal dans le monde moderne.,fra,val
기후 변화는 21세기 인류가 직면한 가장 시급한 과제 중 하나입니다。 의학 연구는 치료법을 지속적으로 발전시켜 수백만 명의 삶의 질을 향상시키고 있습니다.,kor,train
Python est un langage de programmation de haut niveau connu pour sa simplicité et sa lisibilité. Le changement climatique est l'un des défis les plus pressants auxquels l'humanité est confrontée.,fra,test
Le traitement du langage naturel permet aux ordinateurs de comprendre le langage humain de manière précise. La diversité culturelle enrichit les communautés et favorise la compréhension entre différents groupes.,fra,train
"기계학습은 알고리즘과 통계 모델에 집중하는 인공지능의 한 분야입니다. 데이터 과학은 통계, 프로그래밍, 도메인 지식을 결합해 통찰을 이끌어냅니다.",kor,train
"La démocratie nécessite une participation active des citoyens pour fonctionner efficacement. Internet a révolutionné la communication, le commerce et l'accès à l'information à l'échelle mondiale.",fra,train
"La diversidad cultural enriquece las comunidades y promueve la comprensión entre diferentes grupos. La ciencia de datos combina estadísticas, programación y experiencia del dominio para extraer insights.",spa,train
"Quantum computing represents a paradigm shift in computational power and problem-solving capabilities. Data science combines statistics, programming, and domain expertise to extract insights from data.",eng,test
의학 연구는 치료법을 지속적으로 발전시켜 수백만 명의 삶의 질을 향상시키고 있습니다. 파이썬은 간결성과 가독성으로 유명한 고수준 프로그래밍 언어입니다.,kor,val
Python はその簡潔さと可読性で知られる高水準のプログラミング言語です。 素早い茶色の狐が怠け者の犬を飛び越えました。これは言語識別のための日本語テキスト例です。,jpn,train
"The internet has revolutionized communication, commerce, and access to information globally. Medical research continues to advance treatments and improve quality of life for millions.",eng,train
파이썬은 간결성과 가독성으로 유명한 고수준 프로그래밍 언어입니다. 태양광과 풍력 같은 재생 가능 에너지는 지속 가능한 발전에 필수적입니다.,kor,val
數據科學結合了統計學、程式設計和領域專業知識，以從數據中提取見解。 機器學習是人工智慧的一個子集，專注於演算法和統計模型。,zho,train
Las fuentes de energía renovable como la solar y eólica son esenciales para el desarrollo sostenible. La diversidad cultural enriquece las comunidades y promueve la comprensión entre diferentes grupos.,spa,train
"문화적 다양성은 공동체를 풍요롭게 하며 서로 다른 집단 간의 이해를 촉진합니다。 데이터 과학은 통계, 프로그래밍, 도메인 지식을 결합해 통찰을 이끌어냅니다.",kor,val
El procesamiento del lenguaje natural permite a las computadoras entender el lenguaje humano de manera valiosa. Python es un lenguaje de programación de alto nivel conocido por su simplicidad y legibilidad.,spa,test
"The Renaissance was a period of cultural rebirth that transformed European art, literature, and science. Quantum computing represents a paradigm shift in computational power and problem-solving capabilities.",eng,test
Democracy requires active participation from citizens to function effectively and represent diverse interests. Cultural diversity enriches communities and promotes understanding between different groups.,eng,test
"Las fuentes de energía renovable como la solar y eólica son esenciales para el desarrollo sostenible. La ciencia de datos combina estadísticas, programación y experiencia del dominio para extraer insights.",spa,train
氣候變遷是 21 世紀人類面臨的最緊迫的挑戰之一。 教育是現代世界個人成長和社會進步的基礎。,zho,train
양자 컴퓨팅은 계산 능력과 문제 해결 방식의 패러다임 전환을 의미합니다. 재빠른 갈색 여우가 게으른 개를 뛰어넘었습니다. 이는 언어 식별을 위한 한국어 예문입니다.,kor,train
機械学習はアルゴリズムと統計モデルに焦点を当てる人工知能の一分野です。 宇宙探査は私たちの宇宙観と自分たちの位置に対する理解を広げました。,jpn,train
문화적 다양성은 공동체를 풍요롭게 하며 서로 다른 집단 간의 이해를 촉진합니다。 파이썬은 간결성과 가독성으로 유명한 고수준 프로그래밍 언어입니다.,kor,train
El cambio climático es uno de los desafíos más urgentes que enfrenta la humanidad en el siglo XXI. El aprendizaje automático es un subconjunto de la inteligencia artificial que se enfoca en algoritmos.,spa,train
La recherche médicale continue d'améliorer les traitements et la qualité de vie de millions de personnes. Le renard brun rapide saute par-dessus le chien paresseux. Ceci est un exemple de texte français.,fra,train
La exploración espacial ha ampliado nuestra comprensión del universo y nuestro lugar en él. La democracia requiere participación activa de los ciudadanos para funcionar efectivamente y representar diversos intereses.,spa,train
太空探索擴展了我們對宇宙以及我們在宇宙中位置的理解。 自然語言處理使電腦能夠以有價值的方式理解和處理人類語言。,zho,train
El cambio climático es uno de los desafíos más urgentes que enfrenta la humanidad en el siglo XXI. La computación cuántica representa un cambio de paradigma en el poder computacional y las capacidades de resolución.,spa,train
L'éducation est fondamentale pour la croissance personnelle et le progrès sociétal dans le monde moderne. L'apprentissage automatique est un sous-ensemble de l'intelligence artificielle qui se concentre sur les algorithmes.,fra,val
El procesamiento del lenguaje natural permite a las computadoras entender el lenguaje humano de manera valiosa. La exploración espacial ha ampliado nuestra comprensión del universo y nuestro lugar en él.,spa,train
"La Renaissance fut une période de renouveau culturel qui transforma l'art, la littérature et la science européennes. L'exploration spatiale a élargi notre compréhension de l'univers et de notre place dans celui-ci.",fra,train
"르네상스는 유럽의 예술, 문학, 과학을 변화시킨 문화적 부흥기였습니다. 기계학습은 알고리즘과 통계 모델에 집중하는 인공지능의 한 분야입니다.",kor,train
La diversité culturelle enrichit les communautés et favorise la compréhension entre différents groupes. L'exploration spatiale a élargi notre compréhension de l'univers et de notre place dans celui-ci.,fra,train
機械学習はアルゴリズムと統計モデルに焦点を当てる人工知能の一分野です。 気候変動は21世紀に人類が直面する最も差し迫った課題の一つです。,jpn,train
"데이터 과학은 통계, 프로그래밍, 도메인 지식을 결합해 통찰을 이끌어냅니다. 자연어 처리는 컴퓨터가 인간 언어를 이해하고 가치 있게 다루도록 합니다.",kor,train
氣候變遷是 21 世紀人類面臨的最緊迫的挑戰之一。 醫學研究不斷推進治療方法，改善數百萬人的生活品質。,zho,val
La investigación médica continúa avanzando en tratamientos y mejorando la calidad de vida de millones. La diversidad cultural enriquece las comunidades y promueve la comprensión entre diferentes grupos.,spa,train
La démocratie nécessite une participation active des citoyens pour fonctionner efficacement. Python est un langage de programmation de haut niveau connu pour sa simplicité et sa lisibilité.,fra,train
教育は現代社会における個人の成長と社会の進歩の基盤です。 素早い茶色の狐が怠け者の犬を飛び越えました。これは言語識別のための日本語テキスト例です。,jpn,train
Python はその簡潔さと可読性で知られる高水準のプログラミング言語です。 文化的多様性はコミュニティを豊かにし、異なるグループ間の理解を促進します。,jpn,train
医療研究は治療を進歩させ、何百万人もの生活の質を向上させ続けています。 インターネットは世界のコミュニケーション、商取引、情報アクセスを一変させました。,jpn,train
El aprendizaje automático es un subconjunto de la inteligencia artificial que se enfoca en algoritmos. La educación es fundamental para el crecimiento personal y el progreso social en el mundo moderno.,spa,train
Quantum computing represents a paradigm shift in computational power and problem-solving capabilities. Cultural diversity enriches communities and promotes understanding between different groups.,eng,train
The quick brown fox jumps over the lazy dog. This is a sample English text for language identification. Python is a high-level programming language known for its simplicity and readability.,eng,train
Las fuentes de energía renovable como la solar y eólica son esenciales para el desarrollo sostenible. El aprendizaje automático es un subconjunto de la inteligencia artificial que se enfoca en algoritmos.,spa,train
Python はその簡潔さと可読性で知られる高水準のプログラミング言語です。 自然言語処理により、コンピュータは人間の言語を理解し有効に処理できます。,jpn,train
Python est un langage de programmation de haut niveau connu pour sa simplicité et sa lisibilité. Le changement climatique est l'un des défis les plus pressants auxquels l'humanité est confrontée.,fra,train
文藝復興時期是文化復興的時期，它改變了歐洲的藝術、文學和科學。 文化多樣性豐富了社區，促進了不同群體之間的相互理解。,zho,test
民主需要公民的積極參與才能有效運作並代表不同的利益。 太陽能和風能等再生能源對永續發展至關重要。,zho,train
文藝復興時期是文化復興的時期，它改變了歐洲的藝術、文學和科學。 Python 是一種高級程式語言，以其簡潔性和可讀性而聞名。,zho,train
Python es un lenguaje de programación de alto nivel conocido por su simplicidad y legibilidad. La educación es fundamental para el crecimiento personal y el progreso social en el mundo moderno.,spa,train
"La Renaissance fut une période de renouveau culturel qui transforma l'art, la littérature et la science européennes. Les sources d'énergie renouvelable comme le solaire et l'éolien sont essentielles pour le développement durable.",fra,train
Python はその簡潔さと可読性で知られる高水準のプログラミング言語です。 太陽光や風力といった再生可能エネルギーは持続可能な発展に不可欠です。,jpn,test
El cambio climático es uno de los desafíos más urgentes que enfrenta la humanidad en el siglo XXI. El aprendizaje automático es un subconjunto de la inteligencia artificial que se enfoca en algoritmos.,spa,train
"Data science combines statistics, programming, and domain expertise to extract insights from data. The quick brown fox jumps over the lazy dog. This is a sample English text for language identification.",eng,train
機器學習是人工智慧的一個子集，專注於演算法和統計模型。 太陽能和風能等再生能源對永續發展至關重要。,zho,train
"Data science combines statistics, programming, and domain expertise to extract insights from data. Medical research continues to advance treatments and improve quality of life for millions.",eng,test
Python is a high-level programming language known for its simplicity and readability. Education is fundamental to personal growth and societal progress in the modern world.,eng,train
文化的多様性はコミュニティを豊かにし、異なるグループ間の理解を促進します。 ルネサンスはヨーロッパの芸術、文学、科学を変えた文化的復興の時代でした。,jpn,train
우주 탐사는 우주와 그 속에서의 우리의 위치에 대한 이해를 넓혔습니다. 재빠른 갈색 여우가 게으른 개를 뛰어넘었습니다. 이는 언어 식별을 위한 한국어 예문입니다.,kor,train
機器學習是人工智慧的一個子集，專注於演算法和統計模型。 Python 是一種高級程式語言，以其簡潔性和可讀性而聞名。,zho,train
La recherche médicale continue d'améliorer les traitements et la qualité de vie de millions de personnes. Le traitement du langage naturel permet aux ordinateurs de comprendre le langage humain de manière précise.,fra,val
文化多樣性豐富了社區，促進了不同群體之間的相互理解。,zho,test
파이썬은 간결성과 가독성으로 유명한 고수준 프로그래밍 언어입니다. 기후 변화는 21세기 인류가 직면한 가장 시급한 과제 중 하나입니다。,kor,val
Natural language processing enables computers to understand and process human language in valuable ways. Quantum computing represents a paradigm shift in computational power and problem-solving capabilities.,eng,train
"El Renacimiento fue un período de renacimiento cultural que transformó el arte, la literatura y la ciencia europeas. La educación es fundamental para el crecimiento personal y el progreso social en el mundo moderno.",spa,train
"La ciencia de datos combina estadísticas, programación y experiencia del dominio para extraer insights. La democracia requiere participación activa de los ciudadanos para funcionar efectivamente y representar diversos intereses.",spa,train
機器學習是人工智慧的一個子集，專注於演算法和統計模型。 Python 是一種高級程式語言，以其簡潔性和可讀性而聞名。,zho,train
醫學研究不斷推進治療方法，改善數百萬人的生活品質。 文化多樣性豐富了社區，促進了不同群體之間的相互理解。,zho,train
Cultural diversity enriches communities and promotes understanding between different groups. Python is a high-level programming language known for its simplicity and readability.,eng,train
"르네상스는 유럽의 예술, 문학, 과학을 변화시킨 문화적 부흥기였습니다. 인터넷은 전 세계의 소통, 상거래, 정보 접근을 혁신했습니다.",kor,train
La computación cuántica representa un cambio de paradigma en el poder computacional y las capacidades de resolución. La democracia requiere participación activa de los ciudadanos para funcionar efectivamente y representar diversos intereses.,spa,train
量子計算は計算能力と問題解決力におけるパラダイムシフトを意味します。 気候変動は21世紀に人類が直面する最も差し迫った課題の一つです。,jpn,test
El cambio climático es uno de los desafíos más urgentes que enfrenta la humanidad en el siglo XXI. La computación cuántica representa un cambio de paradigma en el poder computacional y las capacidades de resolución.,spa,val
Medical research continues to advance treatments and improve quality of life for millions. Democracy requires active participation from citizens to function effectively and represent diverse interests.,eng,train
"민주주의는 시민의 적극적 참여를 통해 효과적으로 기능하며 다양한 이익을 대표합니다. 데이터 과학은 통계, 프로그래밍, 도메인 지식을 결합해 통찰을 이끌어냅니다.",kor,train
La democracia requiere participación activa de los ciudadanos para funcionar efectivamente y representar diversos intereses. La educación es fundamental para el crecimiento personal y el progreso social en el mundo moderno.,spa,train
Les sources d'énergie renouvelable comme le solaire et l'éolien sont essentielles pour le développement durable. Le renard brun rapide saute par-dessus le chien paresseux. Ceci est un exemple de texte français.,fra,train
"Data science combines statistics, programming, and domain expertise to extract insights from data. Cultural diversity enriches communities and promotes understanding between different groups.",eng,train
量子計算は計算能力と問題解決力におけるパラダイムシフトを意味します。 インターネットは世界のコミュニケーション、商取引、情報アクセスを一変させました。,jpn,test
자연어 처리는 컴퓨터가 인간 언어를 이해하고 가치 있게 다루도록 합니다. 민주주의는 시민의 적극적 참여를 통해 효과적으로 기능하며 다양한 이익을 대표합니다.,kor,train
教育是現代世界個人成長和社會進步的基礎。 太陽能和風能等再生能源對永續發展至關重要。,zho,test
"L'exploration spatiale a élargi notre compréhension de l'univers et de notre place dans celui-ci. La science des données combine statistiques, programmation et expertise du domaine pour extraire des insights.",fra,test
Education is fundamental to personal growth and societal progress in the modern world. Democracy requires active participation from citizens to function effectively and represent diverse interests.,eng,test
"El cambio climático es uno de los desafíos más urgentes que enfrenta la humanidad en el siglo XXI. El Renacimiento fue un período de renacimiento cultural que transformó el arte, la literatura y la ciencia europeas.",spa,train
自然言語処理により、コンピュータは人間の言語を理解し有効に処理できます。 太陽光や風力といった再生可能エネルギーは持続可能な発展に不可欠です。,jpn,train
La educación es fundamental para el crecimiento personal y el progreso social en el mundo moderno. El cambio climático es uno de los desafíos más urgentes que enfrenta la humanidad en el siglo XXI.,spa,train
Space exploration has expanded our understanding of the universe and our place within it. Cultural diversity enriches communities and promotes understanding between different groups.,eng,test
우주 탐사는 우주와 그 속에서의 우리의 위치에 대한 이해를 넓혔습니다. 태양광과 풍력 같은 재생 가능 에너지는 지속 가능한 발전에 필수적입니다.,kor,train
"The internet has revolutionized communication, commerce, and access to information globally. The quick brown fox jumps over the lazy dog. This is a sample English text for language identification.",eng,train
기후 변화는 21세기 인류가 직면한 가장 시급한 과제 중 하나입니다。 문화적 다양성은 공동체를 풍요롭게 하며 서로 다른 집단 간의 이해를 촉진합니다。,kor,test
Medical research continues to advance treatments and improve quality of life for millions. Python is a high-level programming language known for its simplicity and readability.,eng,train
医療研究は治療を進歩させ、何百万人もの生活の質を向上させ続けています。 量子計算は計算能力と問題解決力におけるパラダイムシフトを意味します。,jpn,test
互聯網徹底改變了全球的通訊、商業和資訊獲取方式。,zho,train
La recherche médicale continue d'améliorer les traitements et la qualité de vie de millions de personnes. Le traitement du langage naturel permet aux ordinateurs de comprendre le langage humain de manière précise.,fra,train
太陽能和風能等再生能源對永續發展至關重要。 文藝復興時期是文化復興的時期，它改變了歐洲的藝術、文學和科學。,zho,train
"기후 변화는 21세기 인류가 직면한 가장 시급한 과제 중 하나입니다。 인터넷은 전 세계의 소통, 상거래, 정보 접근을 혁신했습니다.",kor,train
El cambio climático es uno de los desafíos más urgentes que enfrenta la humanidad en el siglo XXI. La democracia requiere participación activa de los ciudadanos para funcionar efectivamente y representar diversos intereses.,spa,train
"파이썬은 간결성과 가독성으로 유명한 고수준 프로그래밍 언어입니다. 인터넷은 전 세계의 소통, 상거래, 정보 접근을 혁신했습니다.",kor,train
"의학 연구는 치료법을 지속적으로 발전시켜 수백만 명의 삶의 질을 향상시키고 있습니다. 르네상스는 유럽의 예술, 문학, 과학을 변화시킨 문화적 부흥기였습니다.",kor,train
L'informatique quantique représente un changement de paradigme dans la puissance computationnelle. L'exploration spatiale a élargi notre compréhension de l'univers et de notre place dans celui-ci.,fra,val
"Climate change is one of the most pressing challenges facing humanity in the 21st century. The Renaissance was a period of cultural rebirth that transformed European art, literature, and science.",eng,train
L'apprentissage automatique est un sous-ensemble de l'intelligence artificielle qui se concentre sur les algorithmes. L'informatique quantique représente un changement de paradigme dans la puissance computationnelle.,fra,train
L'exploration spatiale a élargi notre compréhension de l'univers et de notre place dans celui-ci. Le renard brun rapide saute par-dessus le chien paresseux. Ceci est un exemple de texte français.,fra,train
기후 변화는 21세기 인류가 직면한 가장 시급한 과제 중 하나입니다。 양자 컴퓨팅은 계산 능력과 문제 해결 방식의 패러다임 전환을 의미합니다.,kor,val
"La Renaissance fut une période de renouveau culturel qui transforma l'art, la littérature et la science européennes. La science des données combine statistiques, programmation et expertise du domaine pour extraire des insights.",fra,test
민주주의는 시민의 적극적 참여를 통해 효과적으로 기능하며 다양한 이익을 대표합니다. 양자 컴퓨팅은 계산 능력과 문제 해결 방식의 패러다임 전환을 의미합니다.,kor,train
民主需要公民的積極參與才能有效運作並代表不同的利益。 數據科學結合了統計學、程式設計和領域專業知識，以從數據中提取見解。,zho,train
"Internet ha revolucionado la comunicación, el comercio y el acceso a la información a nivel global.",spa,train
문화적 다양성은 공동체를 풍요롭게 하며 서로 다른 집단 간의 이해를 촉진합니다。 기계학습은 알고리즘과 통계 모델에 집중하는 인공지능의 한 분야입니다.,kor,train
"Internet a révolutionné la communication, le commerce et l'accès à l'information à l'échelle mondiale. L'apprentissage automatique est un sous-ensemble de l'intelligence artificielle qui se concentre sur les algorithmes.",fra,val
氣候變遷是 21 世紀人類面臨的最緊迫的挑戰之一。 民主需要公民的積極參與才能有效運作並代表不同的利益。,zho,val
ルネサンスはヨーロッパの芸術、文学、科学を変えた文化的復興の時代でした。 民主主義は市民の積極的な参加によって効果的に機能し、多様な利益を代表します。,jpn,train
互聯網徹底改變了全球的通訊、商業和資訊獲取方式。 民主需要公民的積極參與才能有效運作並代表不同的利益。,zho,train
La educación es fundamental para el crecimiento personal y el progreso social en el mundo moderno. El cambio climático es uno de los desafíos más urgentes que enfrenta la humanidad en el siglo XXI.,spa,train
Python はその簡潔さと可読性で知られる高水準のプログラミング言語です。 文化的多様性はコミュニティを豊かにし、異なるグループ間の理解を促進します。,jpn,train
"La Renaissance fut une période de renouveau culturel qui transforma l'art, la littérature et la science européennes. Internet a révolutionné la communication, le commerce et l'accès à l'information à l'échelle mondiale.",fra,train
우주 탐사는 우주와 그 속에서의 우리의 위치에 대한 이해를 넓혔습니다. 자연어 처리는 컴퓨터가 인간 언어를 이해하고 가치 있게 다루도록 합니다.,kor,train
교육은 현대 사회에서 개인의 성장과 사회 발전의 토대입니다. 민주주의는 시민의 적극적 참여를 통해 효과적으로 기능하며 다양한 이익을 대표합니다.,kor,train
기후 변화는 21세기 인류가 직면한 가장 시급한 과제 중 하나입니다。 재빠른 갈색 여우가 게으른 개를 뛰어넘었습니다. 이는 언어 식별을 위한 한국어 예문입니다.,kor,test
"Internet a révolutionné la communication, le commerce et l'accès à l'information à l'échelle mondiale. L'exploration spatiale a élargi notre compréhension de l'univers et de notre place dans celui-ci.",fra,train
El procesamiento del lenguaje natural permite a las computadoras entender el lenguaje humano de manera valiosa. El zorro marrón rápido salta sobre el perro perezoso. Este es un ejemplo de texto en español.,spa,test
太空探索擴展了我們對宇宙以及我們在宇宙中位置的理解。 機器學習是人工智慧的一個子集，專注於演算法和統計模型。,zho,val
Medical research continues to advance treatments and improve quality of life for millions. The quick brown fox jumps over the lazy dog. This is a sample English text for language identification.,eng,train
Las fuentes de energía renovable como la solar y eólica son esenciales para el desarrollo sostenible. La computación cuántica representa un cambio de paradigma en el poder computacional y las capacidades de resolución.,spa,train
"Space exploration has expanded our understanding of the universe and our place within it. The Renaissance was a period of cultural rebirth that transformed European art, literature, and science.",eng,val
"데이터 과학은 통계, 프로그래밍, 도메인 지식을 결합해 통찰을 이끌어냅니다. 교육은 현대 사회에서 개인의 성장과 사회 발전의 토대입니다.",kor,train
El procesamiento del lenguaje natural permite a las computadoras entender el lenguaje humano de manera valiosa. El cambio climático es uno de los desafíos más urgentes que enfrenta la humanidad en el siglo XXI.,spa,train
"Python est un langage de programmation de haut niveau connu pour sa simplicité et sa lisibilité. La science des données combine statistiques, programmation et expertise du domaine pour extraire des insights.",fra,train
文化的多様性はコミュニティを豊かにし、異なるグループ間の理解を促進します。 太陽光や風力といった再生可能エネルギーは持続可能な発展に不可欠です。,jpn,val
"르네상스는 유럽의 예술, 문학, 과학을 변화시킨 문화적 부흥기였습니다.",kor,train
Python est un langage de programmation de haut niveau connu pour sa simplicité et sa lisibilité. Le traitement du langage naturel permet aux ordinateurs de comprendre le langage humain de manière précise.,fra,train
Python is a high-level programming language known for its simplicity and readability. Quantum computing represents a paradigm shift in computational power and problem-solving capabilities.,eng,test
La educación es fundamental para el crecimiento personal y el progreso social en el mundo moderno. El zorro marrón rápido salta sobre el perro perezoso. Este es un ejemplo de texto en español.,spa,train
"양자 컴퓨팅은 계산 능력과 문제 해결 방식의 패러다임 전환을 의미합니다. 데이터 과학은 통계, 프로그래밍, 도메인 지식을 결합해 통찰을 이끌어냅니다.",kor,train
Medical research continues to advance treatments and improve quality of life for millions. Cultural diversity enriches communities and promotes understanding between different groups.,eng,test
Education is fundamental to personal growth and societal progress in the modern world. Renewable energy sources like solar and wind power are essential for sustainable development.,eng,train
"La science des données combine statistiques, programmation et expertise du domaine pour extraire des insights. Le changement climatique est l'un des défis les plus pressants auxquels l'humanité est confrontée.",fra,train
우주 탐사는 우주와 그 속에서의 우리의 위치에 대한 이해를 넓혔습니다. 자연어 처리는 컴퓨터가 인간 언어를 이해하고 가치 있게 다루도록 합니다.,kor,train
El zorro marrón rápido salta sobre el perro perezoso. Este es un ejemplo de texto en español. El cambio climático es uno de los desafíos más urgentes que enfrenta la humanidad en el siglo XXI.,spa,test
素早い茶色の狐が怠け者の犬を飛び越えました。これは言語識別のための日本語テキスト例です。 ルネサンスはヨーロッパの芸術、文学、科学を変えた文化的復興の時代でした。,jpn,val
Python はその簡潔さと可読性で知られる高水準のプログラミング言語です。 データサイエンスは統計学、プログラミング、ドメイン知識を組み合わせて洞察を引き出します。,jpn,test
Python 是一種高級程式語言，以其簡潔性和可讀性而聞名。 自然語言處理使電腦能夠以有價值的方式理解和處理人類語言。,zho,train
敏捷的棕色狐狸跳過了懶惰的狗。這是一段用於語言識別的中文文本示例。 民主需要公民的積極參與才能有效運作並代表不同的利益。,zho,train
教育是現代世界個人成長和社會進步的基礎。 太陽能和風能等再生能源對永續發展至關重要。,zho,val
敏捷的棕色狐狸跳過了懶惰的狗。這是一段用於語言識別的中文文本示例。,zho,train
素早い茶色の狐が怠け者の犬を飛び越えました。これは言語識別のための日本語テキスト例です。 太陽光や風力といった再生可能エネルギーは持続可能な発展に不可欠です。,jpn,train
Python 是一種高級程式語言，以其簡潔性和可讀性而聞名。 敏捷的棕色狐狸跳過了懶惰的狗。這是一段用於語言識別的中文文本示例。,zho,val
教育は現代社会における個人の成長と社会の進歩の基盤です。 Python はその簡潔さと可読性で知られる高水準のプログラミング言語です。,jpn,train
L'exploration spatiale a élargi notre compréhension de l'univers et de notre place dans celui-ci. L'apprentissage automatique est un sous-ensemble de l'intelligence artificielle qui se concentre sur les algorithmes.,fra,train
"인터넷은 전 세계의 소통, 상거래, 정보 접근을 혁신했습니다. 기계학습은 알고리즘과 통계 모델에 집중하는 인공지능의 한 분야입니다.",kor,train
太陽能和風能等再生能源對永續發展至關重要。 量子計算代表了計算能力和問題解決能力的範式轉移。,zho,test
재빠른 갈색 여우가 게으른 개를 뛰어넘었습니다. 이는 언어 식별을 위한 한국어 예문입니다. 자연어 처리는 컴퓨터가 인간 언어를 이해하고 가치 있게 다루도록 합니다.,kor,val
Medical research continues to advance treatments and improve quality of life for millions. Machine learning is a subset of artificial intelligence that focuses on algorithms and statistical models.,eng,train
Python はその簡潔さと可読性で知られる高水準のプログラミング言語です。 ルネサンスはヨーロッパの芸術、文学、科学を変えた文化的復興の時代でした。,jpn,train
気候変動は21世紀に人類が直面する最も差し迫った課題の一つです。 Python はその簡潔さと可読性で知られる高水準のプログラミング言語です。,jpn,val
Python is a high-level programming language known for its simplicity and readability. Democracy requires active participation from citizens to function effectively and represent diverse interests.,eng,val
文化多樣性豐富了社區，促進了不同群體之間的相互理解。 教育是現代世界個人成長和社會進步的基礎。,zho,test
Natural language processing enables computers to understand and process human language in valuable ways. The quick brown fox jumps over the lazy dog. This is a sample English text for language identification.,eng,train
Democracy requires active participation from citizens to function effectively and represent diverse interests. Renewable energy sources like solar and wind power are essential for sustainable development.,eng,train
Democracy requires active participation from citizens to function effectively and represent diverse interests. Natural language processing enables computers to understand and process human language in valuable ways.,eng,train
Le renard brun rapide saute par-dessus le chien paresseux. Ceci est un exemple de texte français. Le traitement du langage naturel permet aux ordinateurs de comprendre le langage humain de manière précise.,fra,val
Python is a high-level programming language known for its simplicity and readability. Space exploration has expanded our understanding of the universe and our place within it.,eng,train
民主主義は市民の積極的な参加によって効果的に機能し、多様な利益を代表します。 ルネサンスはヨーロッパの芸術、文学、科学を変えた文化的復興の時代でした。,jpn,train
太空探索擴展了我們對宇宙以及我們在宇宙中位置的理解。 文藝復興時期是文化復興的時期，它改變了歐洲的藝術、文學和科學。,zho,train
"La science des données combine statistiques, programmation et expertise du domaine pour extraire des insights. Python est un langage de programmation de haut niveau connu pour sa simplicité et sa lisibilité.",fra,train
El zorro marrón rápido salta sobre el perro perezoso. Este es un ejemplo de texto en español. La diversidad cultural enriquece las comunidades y promueve la comprensión entre diferentes grupos.,spa,train
La exploración espacial ha ampliado nuestra comprensión del universo y nuestro lugar en él. El zorro marrón rápido salta sobre el perro perezoso. Este es un ejemplo de texto en español.,spa,train
Quantum computing represents a paradigm shift in computational power and problem-solving capabilities. Python is a high-level programming language known for its simplicity and readability.,eng,train
"Cultural diversity enriches communities and promotes understanding between different groups. The internet has revolutionized communication, commerce, and access to information globally.",eng,train
"The internet has revolutionized communication, commerce, and access to information globally. Democracy requires active participation from citizens to function effectively and represent diverse interests.",eng,train
太陽能和風能等再生能源對永續發展至關重要。 民主需要公民的積極參與才能有效運作並代表不同的利益。,zho,train
文化的多様性はコミュニティを豊かにし、異なるグループ間の理解を促進します。 素早い茶色の狐が怠け者の犬を飛び越えました。これは言語識別のための日本語テキスト例です。,jpn,train
民主主義は市民の積極的な参加によって効果的に機能し、多様な利益を代表します。 教育は現代社会における個人の成長と社会の進歩の基盤です。,jpn,test
La démocratie nécessite une participation active des citoyens pour fonctionner efficacement. L'exploration spatiale a élargi notre compréhension de l'univers et de notre place dans celui-ci.,fra,train
민주주의는 시민의 적극적 참여를 통해 효과적으로 기능하며 다양한 이익을 대표합니다. 파이썬은 간결성과 가독성으로 유명한 고수준 프로그래밍 언어입니다.,kor,train
宇宙探査は私たちの宇宙観と自分たちの位置に対する理解を広げました。 量子計算は計算能力と問題解決力におけるパラダイムシフトを意味します。,jpn,train
의학 연구는 치료법을 지속적으로 발전시켜 수백만 명의 삶의 질을 향상시키고 있습니다. 파이썬은 간결성과 가독성으로 유명한 고수준 프로그래밍 언어입니다.,kor,train
太陽能和風能等再生能源對永續發展至關重要。 文藝復興時期是文化復興的時期，它改變了歐洲的藝術、文學和科學。,zho,train
Climate change is one of the most pressing challenges facing humanity in the 21st century. Natural language processing enables computers to understand and process human language in valuable ways.,eng,val
"El Renacimiento fue un período de renacimiento cultural que transformó el arte, la literatura y la ciencia europeas. La computación cuántica representa un cambio de paradigma en el poder computacional y las capacidades de resolución.",spa,train
기계학습은 알고리즘과 통계 모델에 집중하는 인공지능의 한 분야입니다. 의학 연구는 치료법을 지속적으로 발전시켜 수백만 명의 삶의 질을 향상시키고 있습니다.,kor,train
"La démocratie nécessite une participation active des citoyens pour fonctionner efficacement. La Renaissance fut une période de renouveau culturel qui transforma l'art, la littérature et la science européennes.",fra,train
文藝復興時期是文化復興的時期，它改變了歐洲的藝術、文學和科學。 互聯網徹底改變了全球的通訊、商業和資訊獲取方式。,zho,train
"Le renard brun rapide saute par-dessus le chien paresseux. Ceci est un exemple de texte français. La science des données combine statistiques, programmation et expertise du domaine pour extraire des insights.",fra,test
"La Renaissance fut une période de renouveau culturel qui transforma l'art, la littérature et la science européennes. La diversité culturelle enrichit les communautés et favorise la compréhension entre différents groupes.",fra,test
民主主義は市民の積極的な参加によって効果的に機能し、多様な利益を代表します。 宇宙探査は私たちの宇宙観と自分たちの位置に対する理解を広げました。,jpn,test
La diversidad cultural enriquece las comunidades y promueve la comprensión entre diferentes grupos. La democracia requiere participación activa de los ciudadanos para funcionar efectivamente y representar diversos intereses.,spa,train
Climate change is one of the most pressing challenges facing humanity in the 21st century. Education is fundamental to personal growth and societal progress in the modern world.,eng,val
"Python es un lenguaje de programación de alto nivel conocido por su simplicidad y legibilidad. La ciencia de datos combina estadísticas, programación y experiencia del dominio para extraer insights.",spa,test
文藝復興時期是文化復興的時期，它改變了歐洲的藝術、文學和科學。 文化多樣性豐富了社區，促進了不同群體之間的相互理解。,zho,train
"데이터 과학은 통계, 프로그래밍, 도메인 지식을 결합해 통찰을 이끌어냅니다. 기후 변화는 21세기 인류가 직면한 가장 시급한 과제 중 하나입니다。",kor,train
"Cultural diversity enriches communities and promotes understanding between different groups. Data science combines statistics, programming, and domain expertise to extract insights from data.",eng,val
文藝復興時期是文化復興的時期，它改變了歐洲的藝術、文學和科學。 太陽能和風能等再生能源對永續發展至關重要。,zho,train
Climate change is one of the most pressing challenges facing humanity in the 21st century. Python is a high-level programming language known for its simplicity and readability.,eng,train
"La science des données combine statistiques, programmation et expertise du domaine pour extraire des insights. La démocratie nécessite une participation active des citoyens pour fonctionner efficacement.",fra,val
Quantum computing represents a paradigm shift in computational power and problem-solving capabilities. Cultural diversity enriches communities and promotes understanding between different groups.,eng,train
民主需要公民的積極參與才能有效運作並代表不同的利益。 量子計算代表了計算能力和問題解決能力的範式轉移。,zho,train
La diversidad cultural enriquece las comunidades y promueve la comprensión entre diferentes grupos. El aprendizaje automático es un subconjunto de la inteligencia artificial que se enfoca en algoritmos.,spa,train
양자 컴퓨팅은 계산 능력과 문제 해결 방식의 패러다임 전환을 의미합니다. 자연어 처리는 컴퓨터가 인간 언어를 이해하고 가치 있게 다루도록 합니다.,kor,train
機器學習是人工智慧的一個子集，專注於演算法和統計模型。 醫學研究不斷推進治療方法，改善數百萬人的生活品質。,zho,train
Python es un lenguaje de programación de alto nivel conocido por su simplicidad y legibilidad. El aprendizaje automático es un subconjunto de la inteligencia artificial que se enfoca en algoritmos.,spa,test
医療研究は治療を進歩させ、何百万人もの生活の質を向上させ続けています。 Python はその簡潔さと可読性で知られる高水準のプログラミング言語です。,jpn,test
La recherche médicale continue d'améliorer les traitements et la qualité de vie de millions de personnes. L'apprentissage automatique est un sous-ensemble de l'intelligence artificielle qui se concentre sur les algorithmes.,fra,train
The quick brown fox jumps over the lazy dog. This is a sample English text for language identification. Natural language processing enables computers to understand and process human language in valuable ways.,eng,train
재빠른 갈색 여우가 게으른 개를 뛰어넘었습니다. 이는 언어 식별을 위한 한국어 예문입니다. 교육은 현대 사회에서 개인의 성장과 사회 발전의 토대입니다.,kor,train
Natural language processing enables computers to understand and process human language in valuable ways. Python is a high-level programming language known for its simplicity and readability.,eng,train
"데이터 과학은 통계, 프로그래밍, 도메인 지식을 결합해 통찰을 이끌어냅니다. 교육은 현대 사회에서 개인의 성장과 사회 발전의 토대입니다.",kor,test
La investigación médica continúa avanzando en tratamientos y mejorando la calidad de vida de millones. El zorro marrón rápido salta sobre el perro perezoso. Este es un ejemplo de texto en español.,spa,train
"Le traitement du langage naturel permet aux ordinateurs de comprendre le langage humain de manière précise. Internet a révolutionné la communication, le commerce et l'accès à l'information à l'échelle mondiale.",fra,train
La recherche médicale continue d'améliorer les traitements et la qualité de vie de millions de personnes. Les sources d'énergie renouvelable comme le solaire et l'éolien sont essentielles pour le développement durable.,fra,train
敏捷的棕色狐狸跳過了懶惰的狗。這是一段用於語言識別的中文文本示例。 氣候變遷是 21 世紀人類面臨的最緊迫的挑戰之一。,zho,val
재빠른 갈색 여우가 게으른 개를 뛰어넘었습니다. 이는 언어 식별을 위한 한국어 예문입니다. 기계학습은 알고리즘과 통계 모델에 집중하는 인공지능의 한 분야입니다.,kor,val
太空探索擴展了我們對宇宙以及我們在宇宙中位置的理解。 量子計算代表了計算能力和問題解決能力的範式轉移。,zho,val
ルネサンスはヨーロッパの芸術、文学、科学を変えた文化的復興の時代でした。 医療研究は治療を進歩させ、何百万人もの生活の質を向上させ続けています。,jpn,val
"La Renaissance fut une période de renouveau culturel qui transforma l'art, la littérature et la science européennes. L'éducation est fondamentale pour la croissance personnelle et le progrès sociétal dans le monde moderne.",fra,train
기후 변화는 21세기 인류가 직면한 가장 시급한 과제 중 하나입니다。 재빠른 갈색 여우가 게으른 개를 뛰어넘었습니다. 이는 언어 식별을 위한 한국어 예문입니다.,kor,test
Le traitement du langage naturel permet aux ordinateurs de comprendre le langage humain de manière précise. L'éducation est fondamentale pour la croissance personnelle et le progrès sociétal dans le monde moderne.,fra,train
太空探索擴展了我們對宇宙以及我們在宇宙中位置的理解。 自然語言處理使電腦能夠以有價值的方式理解和處理人類語言。,zho,train
교육은 현대 사회에서 개인의 성장과 사회 발전의 토대입니다. 의학 연구는 치료법을 지속적으로 발전시켜 수백만 명의 삶의 질을 향상시키고 있습니다.,kor,val
敏捷的棕色狐狸跳過了懶惰的狗。這是一段用於語言識別的中文文本示例。 機器學習是人工智慧的一個子集，專注於演算法和統計模型。,zho,train
數據科學結合了統計學、程式設計和領域專業知識，以從數據中提取見解。 太陽能和風能等再生能源對永續發展至關重要。,zho,train
El aprendizaje automático es un subconjunto de la inteligencia artificial que se enfoca en algoritmos. La investigación médica continúa avanzando en tratamientos y mejorando la calidad de vida de millones.,spa,test
La exploración espacial ha ampliado nuestra comprensión del universo y nuestro lugar en él. El zorro marrón rápido salta sobre el perro perezoso. Este es un ejemplo de texto en español.,spa,train
量子計算は計算能力と問題解決力におけるパラダイムシフトを意味します。 Python はその簡潔さと可読性で知られる高水準のプログラミング言語です。,jpn,train
Les sources d'énergie renouvelable comme le solaire et l'éolien sont essentielles pour le développement durable. Le changement climatique est l'un des défis les plus pressants auxquels l'humanité est confrontée.,fra,train
"La educación es fundamental para el crecimiento personal y el progreso social en el mundo moderno. Internet ha revolucionado la comunicación, el comercio y el acceso a la información a nivel global.",spa,test
"The internet has revolutionized communication, commerce, and access to information globally. Data science combines statistics, programming, and domain expertise to extract insights from data.",eng,train
"Internet ha revolucionado la comunicación, el comercio y el acceso a la información a nivel global. La educación es fundamental para el crecimiento personal y el progreso social en el mundo moderno.",spa,train
"르네상스는 유럽의 예술, 문학, 과학을 변화시킨 문화적 부흥기였습니다. 자연어 처리는 컴퓨터가 인간 언어를 이해하고 가치 있게 다루도록 합니다.",kor,train
El cambio climático es uno de los desafíos más urgentes que enfrenta la humanidad en el siglo XXI. La diversidad cultural enriquece las comunidades y promueve la comprensión entre diferentes grupos.,spa,train
文化的多様性はコミュニティを豊かにし、異なるグループ間の理解を促進します。 素早い茶色の狐が怠け者の犬を飛び越えました。これは言語識別のための日本語テキスト例です。,jpn,train
データサイエンスは統計学、プログラミング、ドメイン知識を組み合わせて洞察を引き出します。 教育は現代社会における個人の成長と社会の進歩の基盤です。,jpn,train
L'éducation est fondamentale pour la croissance personnelle et le progrès sociétal dans le monde moderne. La diversité culturelle enrichit les communautés et favorise la compréhension entre différents groupes.,fra,train
太陽能和風能等再生能源對永續發展至關重要。 敏捷的棕色狐狸跳過了懶惰的狗。這是一段用於語言識別的中文文本示例。,zho,train
"Internet a révolutionné la communication, le commerce et l'accès à l'information à l'échelle mondiale. La démocratie nécessite une participation active des citoyens pour fonctionner efficacement.",fra,train
La exploración espacial ha ampliado nuestra comprensión del universo y nuestro lugar en él. El cambio climático es uno de los desafíos más urgentes que enfrenta la humanidad en el siglo XXI.,spa,train
El zorro marrón rápido salta sobre el perro perezoso. Este es un ejemplo de texto en español. La diversidad cultural enriquece las comunidades y promueve la comprensión entre diferentes grupos.,spa,train
"El Renacimiento fue un período de renacimiento cultural que transformó el arte, la literatura y la ciencia europeas. Internet ha revolucionado la comunicación, el comercio y el acceso a la información a nivel global.",spa,test
"La ciencia de datos combina estadísticas, programación y experiencia del dominio para extraer insights. Las fuentes de energía renovable como la solar y eólica son esenciales para el desarrollo sostenible.",spa,train
"L'apprentissage automatique est un sous-ensemble de l'intelligence artificielle qui se concentre sur les algorithmes. La science des données combine statistiques, programmation et expertise du domaine pour extraire des insights.",fra,train
El zorro marrón rápido salta sobre el perro perezoso. Este es un ejemplo de texto en español. Python es un lenguaje de programación de alto nivel conocido por su simplicidad y legibilidad.,spa,train
La democracia requiere participación activa de los ciudadanos para funcionar efectivamente y representar diversos intereses. La educación es fundamental para el crecimiento personal y el progreso social en el mundo moderno.,spa,train
의학 연구는 치료법을 지속적으로 발전시켜 수백만 명의 삶의 질을 향상시키고 있습니다. 교육은 현대 사회에서 개인의 성장과 사회 발전의 토대입니다.,kor,test
기계학습은 알고리즘과 통계 모델에 집중하는 인공지능의 한 분야입니다. 교육은 현대 사회에서 개인의 성장과 사회 발전의 토대입니다.,kor,train
기계학습은 알고리즘과 통계 모델에 집중하는 인공지능의 한 분야입니다. 문화적 다양성은 공동체를 풍요롭게 하며 서로 다른 집단 간의 이해를 촉진합니다。,kor,train
"The internet has revolutionized communication, commerce, and access to information globally. The Renaissance was a period of cultural rebirth that transformed European art, literature, and science.",eng,test
Le changement climatique est l'un des défis les plus pressants auxquels l'humanité est confrontée. L'éducation est fondamentale pour la croissance personnelle et le progrès sociétal dans le monde moderne.,fra,train
교육은 현대 사회에서 개인의 성장과 사회 발전의 토대입니다. 양자 컴퓨팅은 계산 능력과 문제 해결 방식의 패러다임 전환을 의미합니다.,kor,train
Le traitement du langage naturel permet aux ordinateurs de comprendre le langage humain de manière précise. Python est un langage de programmation de haut niveau connu pour sa simplicité et sa lisibilité.,fra,train
"Le renard brun rapide saute par-dessus le chien paresseux. Ceci est un exemple de texte français. Internet a révolutionné la communication, le commerce et l'accès à l'information à l'échelle mondiale.",fra,train
"L'apprentissage automatique est un sous-ensemble de l'intelligence artificielle qui se concentre sur les algorithmes. Internet a révolutionné la communication, le commerce et l'accès à l'information à l'échelle mondiale.",fra,train
El zorro marrón rápido salta sobre el perro perezoso. Este es un ejemplo de texto en español. La computación cuántica representa un cambio de paradigma en el poder computacional y las capacidades de resolución.,spa,train
Python 是一種高級程式語言，以其簡潔性和可讀性而聞名。 醫學研究不斷推進治療方法，改善數百萬人的生活品質。,zho,test
"The internet has revolutionized communication, commerce, and access to information globally. Machine learning is a subset of artificial intelligence that focuses on algorithms and statistical models.",eng,test
"Le changement climatique est l'un des défis les plus pressants auxquels l'humanité est confrontée. La science des données combine statistiques, programmation et expertise du domaine pour extraire des insights.",fra,test
太陽光や風力といった再生可能エネルギーは持続可能な発展に不可欠です。 Python はその簡潔さと可読性で知られる高水準のプログラミング言語です。,jpn,train
Renewable energy sources like solar and wind power are essential for sustainable development. Climate change is one of the most pressing challenges facing humanity in the 21st century.,eng,train
"인터넷은 전 세계의 소통, 상거래, 정보 접근을 혁신했습니다. 르네상스는 유럽의 예술, 문학, 과학을 변화시킨 문화적 부흥기였습니다.",kor,train
データサイエンスは統計学、プログラミング、ドメイン知識を組み合わせて洞察を引き出します。 インターネットは世界のコミュニケーション、商取引、情報アクセスを一変させました。,jpn,train
敏捷的棕色狐狸跳過了懶惰的狗。這是一段用於語言識別的中文文本示例。 量子計算代表了計算能力和問題解決能力的範式轉移。,zho,train
파이썬은 간결성과 가독성으로 유명한 고수준 프로그래밍 언어입니다. 기계학습은 알고리즘과 통계 모델에 집중하는 인공지능의 한 분야입니다.,kor,train
"기후 변화는 21세기 인류가 직면한 가장 시급한 과제 중 하나입니다。 인터넷은 전 세계의 소통, 상거래, 정보 접근을 혁신했습니다.",kor,train
교육은 현대 사회에서 개인의 성장과 사회 발전의 토대입니다. 기계학습은 알고리즘과 통계 모델에 집중하는 인공지능의 한 분야입니다.,kor,train
Le traitement du langage naturel permet aux ordinateurs de comprendre le langage humain de manière précise. L'éducation est fondamentale pour la croissance personnelle et le progrès sociétal dans le monde moderne.,fra,train
"La democracia requiere participación activa de los ciudadanos para funcionar efectivamente y representar diversos intereses. La ciencia de datos combina estadísticas, programación y experiencia del dominio para extraer insights.",spa,train
Le renard brun rapide saute par-dessus le chien paresseux. Ceci est un exemple de texte français. L'apprentissage automatique est un sous-ensemble de l'intelligence artificielle qui se concentre sur les algorithmes.,fra,train
"La ciencia de datos combina estadísticas, programación y experiencia del dominio para extraer insights. El Renacimiento fue un período de renacimiento cultural que transformó el arte, la literatura y la ciencia europeas.",spa,val
"르네상스는 유럽의 예술, 문학, 과학을 변화시킨 문화적 부흥기였습니다. 기계학습은 알고리즘과 통계 모델에 집중하는 인공지능의 한 분야입니다.",kor,val
量子計算代表了計算能力和問題解決能力的範式轉移。 自然語言處理使電腦能夠以有價值的方式理解和處理人類語言。,zho,train
"Natural language processing enables computers to understand and process human language in valuable ways. Data science combines statistics, programming, and domain expertise to extract insights from data.",eng,train
Python 是一種高級程式語言，以其簡潔性和可讀性而聞名。 文藝復興時期是文化復興的時期，它改變了歐洲的藝術、文學和科學。,zho,train
醫學研究不斷推進治療方法，改善數百萬人的生活品質。 Python 是一種高級程式語言，以其簡潔性和可讀性而聞名。,zho,train
醫學研究不斷推進治療方法，改善數百萬人的生活品質。 氣候變遷是 21 世紀人類面臨的最緊迫的挑戰之一。,zho,val
自然言語処理により、コンピュータは人間の言語を理解し有効に処理できます。 太陽光や風力といった再生可能エネルギーは持続可能な発展に不可欠です。,jpn,val
태양광과 풍력 같은 재생 가능 에너지는 지속 가능한 발전에 필수적입니다. 양자 컴퓨팅은 계산 능력과 문제 해결 방식의 패러다임 전환을 의미합니다.,kor,val
Python 是一種高級程式語言，以其簡潔性和可讀性而聞名。 機器學習是人工智慧的一個子集，專注於演算法和統計模型。,zho,train
自然言語処理により、コンピュータは人間の言語を理解し有効に処理できます。 太陽光や風力といった再生可能エネルギーは持続可能な発展に不可欠です。,jpn,train
"Las fuentes de energía renovable como la solar y eólica son esenciales para el desarrollo sostenible. El Renacimiento fue un período de renacimiento cultural que transformó el arte, la literatura y la ciencia europeas.",spa,train
機器學習是人工智慧的一個子集，專注於演算法和統計模型。 太空探索擴展了我們對宇宙以及我們在宇宙中位置的理解。,zho,train
자연어 처리는 컴퓨터가 인간 언어를 이해하고 가치 있게 다루도록 합니다. 의학 연구는 치료법을 지속적으로 발전시켜 수백만 명의 삶의 질을 향상시키고 있습니다.,kor,train
La investigación médica continúa avanzando en tratamientos y mejorando la calidad de vida de millones. El cambio climático es uno de los desafíos más urgentes que enfrenta la humanidad en el siglo XXI.,spa,train
The quick brown fox jumps over the lazy dog. This is a sample English text for language identification. Cultural diversity enriches communities and promotes understanding between different groups.,eng,train
民主主義は市民の積極的な参加によって効果的に機能し、多様な利益を代表します。 ルネサンスはヨーロッパの芸術、文学、科学を変えた文化的復興の時代でした。,jpn,train
Le changement climatique est l'un des défis les plus pressants auxquels l'humanité est confrontée. Les sources d'énergie renouvelable comme le solaire et l'éolien sont essentielles pour le développement durable.,fra,train
"Renewable energy sources like solar and wind power are essential for sustainable development. The internet has revolutionized communication, commerce, and access to information globally.",eng,val
La democracia requiere participación activa de los ciudadanos para funcionar efectivamente y representar diversos intereses. El aprendizaje automático es un subconjunto de la inteligencia artificial que se enfoca en algoritmos.,spa,train
Python is a high-level programming language known for its simplicity and readability. Cultural diversity enriches communities and promotes understanding between different groups.,eng,train
氣候變遷是 21 世紀人類面臨的最緊迫的挑戰之一。 文化多樣性豐富了社區，促進了不同群體之間的相互理解。,zho,train
教育は現代社会における個人の成長と社会の進歩の基盤です。 素早い茶色の狐が怠け者の犬を飛び越えました。これは言語識別のための日本語テキスト例です。,jpn,test
양자 컴퓨팅은 계산 능력과 문제 해결 방식의 패러다임 전환을 의미합니다. 태양광과 풍력 같은 재생 가능 에너지는 지속 가능한 발전에 필수적입니다.,kor,val
氣候變遷是 21 世紀人類面臨的最緊迫的挑戰之一。 機器學習是人工智慧的一個子集，專注於演算法和統計模型。,zho,train
"La ciencia de datos combina estadísticas, programación y experiencia del dominio para extraer insights. La computación cuántica representa un cambio de paradigma en el poder computacional y las capacidades de resolución.",spa,train
"L'exploration spatiale a élargi notre compréhension de l'univers et de notre place dans celui-ci. La Renaissance fut une période de renouveau culturel qui transforma l'art, la littérature et la science européennes.",fra,train
"Natural language processing enables computers to understand and process human language in valuable ways. Data science combines statistics, programming, and domain expertise to extract insights from data.",eng,test
La exploración espacial ha ampliado nuestra comprensión del universo y nuestro lugar en él. El zorro marrón rápido salta sobre el perro perezoso. Este es un ejemplo de texto en español.,spa,train
La computación cuántica representa un cambio de paradigma en el poder computacional y las capacidades de resolución. El cambio climático es uno de los desafíos más urgentes que enfrenta la humanidad en el siglo XXI.,spa,val
L'exploration spatiale a élargi notre compréhension de l'univers et de notre place dans celui-ci. L'informatique quantique représente un changement de paradigme dans la puissance computationnelle.,fra,train
敏捷的棕色狐狸跳過了懶惰的狗。這是一段用於語言識別的中文文本示例。 Python 是一種高級程式語言，以其簡潔性和可讀性而聞名。,zho,train
文化的多様性はコミュニティを豊かにし、異なるグループ間の理解を促進します。 データサイエンスは統計学、プログラミング、ドメイン知識を組み合わせて洞察を引き出します。,jpn,train
文化的多様性はコミュニティを豊かにし、異なるグループ間の理解を促進します。 自然言語処理により、コンピュータは人間の言語を理解し有効に処理できます。,jpn,train
"The internet has revolutionized communication, commerce, and access to information globally. The Renaissance was a period of cultural rebirth that transformed European art, literature, and science.",eng,train
우주 탐사는 우주와 그 속에서의 우리의 위치에 대한 이해를 넓혔습니다. 교육은 현대 사회에서 개인의 성장과 사회 발전의 토대입니다.,kor,test
Democracy requires active participation from citizens to function effectively and represent diverse interests. Cultural diversity enriches communities and promotes understanding between different groups.,eng,train
문화적 다양성은 공동체를 풍요롭게 하며 서로 다른 집단 간의 이해를 촉진합니다。 의학 연구는 치료법을 지속적으로 발전시켜 수백만 명의 삶의 질을 향상시키고 있습니다.,kor,train
文化多樣性豐富了社區，促進了不同群體之間的相互理解。 文藝復興時期是文化復興的時期，它改變了歐洲的藝術、文學和科學。,zho,train
文藝復興時期是文化復興的時期，它改變了歐洲的藝術、文學和科學。,zho,val
"Data science combines statistics, programming, and domain expertise to extract insights from data. The Renaissance was a period of cultural rebirth that transformed European art, literature, and science.",eng,train
문화적 다양성은 공동체를 풍요롭게 하며 서로 다른 집단 간의 이해를 촉진합니다。 양자 컴퓨팅은 계산 능력과 문제 해결 방식의 패러다임 전환을 의미합니다.,kor,train
機器學習是人工智慧的一個子集，專注於演算法和統計模型。 太空探索擴展了我們對宇宙以及我們在宇宙中位置的理解。,zho,train
"Le changement climatique est l'un des défis les plus pressants auxquels l'humanité est confrontée. La science des données combine statistiques, programmation et expertise du domaine pour extraire des insights.",fra,test
기계학습은 알고리즘과 통계 모델에 집중하는 인공지능의 한 분야입니다. 재빠른 갈색 여우가 게으른 개를 뛰어넘었습니다. 이는 언어 식별을 위한 한국어 예문입니다.,kor,train
La exploración espacial ha ampliado nuestra comprensión del universo y nuestro lugar en él. La educación es fundamental para el crecimiento personal y el progreso social en el mundo moderno.,spa,train
"La investigación médica continúa avanzando en tratamientos y mejorando la calidad de vida de millones. Internet ha revolucionado la comunicación, el comercio y el acceso a la información a nivel global.",spa,test
"La ciencia de datos combina estadísticas, programación y experiencia del dominio para extraer insights. La democracia requiere participación activa de los ciudadanos para funcionar efectivamente y representar diversos intereses.",spa,train
自然語言處理使電腦能夠以有價值的方式理解和處理人類語言。 文化多樣性豐富了社區，促進了不同群體之間的相互理解。,zho,train
El aprendizaje automático es un subconjunto de la inteligencia artificial que se enfoca en algoritmos. La exploración espacial ha ampliado nuestra comprensión del universo y nuestro lugar en él.,spa,train
"Data science combines statistics, programming, and domain expertise to extract insights from data. Democracy requires active participation from citizens to function effectively and represent diverse interests.",eng,train
Machine learning is a subset of artificial intelligence that focuses on algorithms and statistical models. Quantum computing represents a paradigm shift in computational power and problem-solving capabilities.,eng,test
データサイエンスは統計学、プログラミング、ドメイン知識を組み合わせて洞察を引き出します。 医療研究は治療を進歩させ、何百万人もの生活の質を向上させ続けています。,jpn,train
太空探索擴展了我們對宇宙以及我們在宇宙中位置的理解。 機器學習是人工智慧的一個子集，專注於演算法和統計模型。,zho,train
自然語言處理使電腦能夠以有價值的方式理解和處理人類語言。 互聯網徹底改變了全球的通訊、商業和資訊獲取方式。,zho,test
Python 是一種高級程式語言，以其簡潔性和可讀性而聞名。 氣候變遷是 21 世紀人類面臨的最緊迫的挑戰之一。,zho,train
宇宙探査は私たちの宇宙観と自分たちの位置に対する理解を広げました。 データサイエンスは統計学、プログラミング、ドメイン知識を組み合わせて洞察を引き出します。,jpn,train
機器學習是人工智慧的一個子集，專注於演算法和統計模型。 數據科學結合了統計學、程式設計和領域專業知識，以從數據中提取見解。,zho,train
Natural language processing enables computers to understand and process human language in valuable ways. Education is fundamental to personal growth and societal progress in the modern world.,eng,train
機器學習是人工智慧的一個子集，專注於演算法和統計模型。 醫學研究不斷推進治療方法，改善數百萬人的生活品質。,zho,train
數據科學結合了統計學、程式設計和領域專業知識，以從數據中提取見解。 自然語言處理使電腦能夠以有價值的方式理解和處理人類語言。,zho,train
Space exploration has expanded our understanding of the universe and our place within it. Democracy requires active participation from citizens to function effectively and represent diverse interests.,eng,train
Python 是一種高級程式語言，以其簡潔性和可讀性而聞名。 文藝復興時期是文化復興的時期，它改變了歐洲的藝術、文學和科學。,zho,val
"재빠른 갈색 여우가 게으른 개를 뛰어넘었습니다. 이는 언어 식별을 위한 한국어 예문입니다. 데이터 과학은 통계, 프로그래밍, 도메인 지식을 결합해 통찰을 이끌어냅니다.",kor,test
太陽光や風力といった再生可能エネルギーは持続可能な発展に不可欠です。 自然言語処理により、コンピュータは人間の言語を理解し有効に処理できます。,jpn,train
La exploración espacial ha ampliado nuestra comprensión del universo y nuestro lugar en él. La computación cuántica representa un cambio de paradigma en el poder computacional y las capacidades de resolución.,spa,test
Space exploration has expanded our understanding of the universe and our place within it. Machine learning is a subset of artificial intelligence that focuses on algorithms and statistical models.,eng,test
Democracy requires active participation from citizens to function effectively and represent diverse interests. Cultural diversity enriches communities and promotes understanding between different groups.,eng,test
數據科學結合了統計學、程式設計和領域專業知識，以從數據中提取見解。 文藝復興時期是文化復興的時期，它改變了歐洲的藝術、文學和科學。,zho,train
"Internet ha revolucionado la comunicación, el comercio y el acceso a la información a nivel global. El Renacimiento fue un período de renacimiento cultural que transformó el arte, la literatura y la ciencia europeas.",spa,val
Python is a high-level programming language known for its simplicity and readability. Medical research continues to advance treatments and improve quality of life for millions.,eng,val
素早い茶色の狐が怠け者の犬を飛び越えました。これは言語識別のための日本語テキスト例です。 ルネサンスはヨーロッパの芸術、文学、科学を変えた文化的復興の時代でした。,jpn,train
數據科學結合了統計學、程式設計和領域專業知識，以從數據中提取見解。 互聯網徹底改變了全球的通訊、商業和資訊獲取方式。,zho,train
"El cambio climático es uno de los desafíos más urgentes que enfrenta la humanidad en el siglo XXI. La ciencia de datos combina estadísticas, programación y experiencia del dominio para extraer insights.",spa,test
Space exploration has expanded our understanding of the universe and our place within it. Cultural diversity enriches communities and promotes understanding between different groups.,eng,train
의학 연구는 치료법을 지속적으로 발전시켜 수백만 명의 삶의 질을 향상시키고 있습니다. 재빠른 갈색 여우가 게으른 개를 뛰어넘었습니다. 이는 언어 식별을 위한 한국어 예문입니다.,kor,train
"기계학습은 알고리즘과 통계 모델에 집중하는 인공지능의 한 분야입니다. 데이터 과학은 통계, 프로그래밍, 도메인 지식을 결합해 통찰을 이끌어냅니다.",kor,test
素早い茶色の狐が怠け者の犬を飛び越えました。これは言語識別のための日本語テキスト例です。 自然言語処理により、コンピュータは人間の言語を理解し有効に処理できます。,jpn,test
Medical research continues to advance treatments and improve quality of life for millions. Space exploration has expanded our understanding of the universe and our place within it.,eng,train
自然語言處理使電腦能夠以有價值的方式理解和處理人類語言。 機器學習是人工智慧的一個子集，專注於演算法和統計模型。,zho,train
Democracy requires active participation from citizens to function effectively and represent diverse interests.,eng,val
Education is fundamental to personal growth and societal progress in the modern world. Medical research continues to advance treatments and improve quality of life for millions.,eng,train
Les sources d'énergie renouvelable comme le solaire et l'éolien sont essentielles pour le développement durable. La recherche médicale continue d'améliorer les traitements et la qualité de vie de millions de personnes.,fra,train
素早い茶色の狐が怠け者の犬を飛び越えました。これは言語識別のための日本語テキスト例です。 ルネサンスはヨーロッパの芸術、文学、科学を変えた文化的復興の時代でした。,jpn,train
"La ciencia de datos combina estadísticas, programación y experiencia del dominio para extraer insights. Las fuentes de energía renovable como la solar y eólica son esenciales para el desarrollo sostenible.",spa,train
"Cultural diversity enriches communities and promotes understanding between different groups. The Renaissance was a period of cultural rebirth that transformed European art, literature, and science.",eng,val
氣候變遷是 21 世紀人類面臨的最緊迫的挑戰之一。 互聯網徹底改變了全球的通訊、商業和資訊獲取方式。,zho,test
"민주주의는 시민의 적극적 참여를 통해 효과적으로 기능하며 다양한 이익을 대표합니다. 데이터 과학은 통계, 프로그래밍, 도메인 지식을 결합해 통찰을 이끌어냅니다.",kor,val
太陽光や風力といった再生可能エネルギーは持続可能な発展に不可欠です。 文化的多様性はコミュニティを豊かにし、異なるグループ間の理解を促進します。,jpn,train
"양자 컴퓨팅은 계산 능력과 문제 해결 방식의 패러다임 전환을 의미합니다. 르네상스는 유럽의 예술, 문학, 과학을 변화시킨 문화적 부흥기였습니다.",kor,train
自然言語処理により、コンピュータは人間の言語を理解し有効に処理できます。 機械学習はアルゴリズムと統計モデルに焦点を当てる人工知能の一分野です。,jpn,train
민주주의는 시민의 적극적 참여를 통해 효과적으로 기능하며 다양한 이익을 대표합니다. 의학 연구는 치료법을 지속적으로 발전시켜 수백만 명의 삶의 질을 향상시키고 있습니다.,kor,train
La educación es fundamental para el crecimiento personal y el progreso social en el mundo moderno. Python es un lenguaje de programación de alto nivel conocido por su simplicidad y legibilidad.,spa,train
El aprendizaje automático es un subconjunto de la inteligencia artificial que se enfoca en algoritmos. El cambio climático es uno de los desafíos más urgentes que enfrenta la humanidad en el siglo XXI.,spa,test
機器學習是人工智慧的一個子集，專注於演算法和統計模型。 自然語言處理使電腦能夠以有價值的方式理解和處理人類語言。,zho,train
教育是現代世界個人成長和社會進步的基礎。 Python 是一種高級程式語言，以其簡潔性和可讀性而聞名。,zho,test
La investigación médica continúa avanzando en tratamientos y mejorando la calidad de vida de millones. Las fuentes de energía renovable como la solar y eólica son esenciales para el desarrollo sostenible.,spa,train
의학 연구는 치료법을 지속적으로 발전시켜 수백만 명의 삶의 질을 향상시키고 있습니다. 기계학습은 알고리즘과 통계 모델에 집중하는 인공지능의 한 분야입니다.,kor,train
Python est un langage de programmation de haut niveau connu pour sa simplicité et sa lisibilité. La diversité culturelle enrichit les communautés et favorise la compréhension entre différents groupes.,fra,train
太空探索擴展了我們對宇宙以及我們在宇宙中位置的理解。 數據科學結合了統計學、程式設計和領域專業知識，以從數據中提取見解。,zho,test
Natural language processing enables computers to understand and process human language in valuable ways. Space exploration has expanded our understanding of the universe and our place within it.,eng,train
太陽光や風力といった再生可能エネルギーは持続可能な発展に不可欠です。 量子計算は計算能力と問題解決力におけるパラダイムシフトを意味します。,jpn,test
データサイエンスは統計学、プログラミング、ドメイン知識を組み合わせて洞察を引き出します。 量子計算は計算能力と問題解決力におけるパラダイムシフトを意味します。,jpn,train
"인터넷은 전 세계의 소통, 상거래, 정보 접근을 혁신했습니다. 양자 컴퓨팅은 계산 능력과 문제 해결 방식의 패러다임 전환을 의미합니다.",kor,test
文藝復興時期是文化復興的時期，它改變了歐洲的藝術、文學和科學。 太空探索擴展了我們對宇宙以及我們在宇宙中位置的理解。,zho,train
"The Renaissance was a period of cultural rebirth that transformed European art, literature, and science. Space exploration has expanded our understanding of the universe and our place within it.",eng,train
La investigación médica continúa avanzando en tratamientos y mejorando la calidad de vida de millones. La exploración espacial ha ampliado nuestra comprensión del universo y nuestro lugar en él.,spa,train
量子計算は計算能力と問題解決力におけるパラダイムシフトを意味します。 太陽光や風力といった再生可能エネルギーは持続可能な発展に不可欠です。,jpn,train
La educación es fundamental para el crecimiento personal y el progreso social en el mundo moderno. La investigación médica continúa avanzando en tratamientos y mejorando la calidad de vida de millones.,spa,test
民主需要公民的積極參與才能有效運作並代表不同的利益。 互聯網徹底改變了全球的通訊、商業和資訊獲取方式。,zho,train
Education is fundamental to personal growth and societal progress in the modern world. Natural language processing enables computers to understand and process human language in valuable ways.,eng,train
教育は現代社会における個人の成長と社会の進歩の基盤です。 量子計算は計算能力と問題解決力におけるパラダイムシフトを意味します。,jpn,train
互聯網徹底改變了全球的通訊、商業和資訊獲取方式。 量子計算代表了計算能力和問題解決能力的範式轉移。,zho,val
재빠른 갈색 여우가 게으른 개를 뛰어넘었습니다. 이는 언어 식별을 위한 한국어 예문입니다. 교육은 현대 사회에서 개인의 성장과 사회 발전의 토대입니다.,kor,train
"르네상스는 유럽의 예술, 문학, 과학을 변화시킨 문화적 부흥기였습니다. 기후 변화는 21세기 인류가 직면한 가장 시급한 과제 중 하나입니다。",kor,test
医療研究は治療を進歩させ、何百万人もの生活の質を向上させ続けています。 素早い茶色の狐が怠け者の犬を飛び越えました。これは言語識別のための日本語テキスト例です。,jpn,test
L'éducation est fondamentale pour la croissance personnelle et le progrès sociétal dans le monde moderne. Le renard brun rapide saute par-dessus le chien paresseux. Ceci est un exemple de texte français.,fra,train
"The internet has revolutionized communication, commerce, and access to information globally. Climate change is one of the most pressing challenges facing humanity in the 21st century.",eng,train
機械学習はアルゴリズムと統計モデルに焦点を当てる人工知能の一分野です。 医療研究は治療を進歩させ、何百万人もの生活の質を向上させ続けています。,jpn,train
データサイエンスは統計学、プログラミング、ドメイン知識を組み合わせて洞察を引き出します。 民主主義は市民の積極的な参加によって効果的に機能し、多様な利益を代表します。,jpn,train
素早い茶色の狐が怠け者の犬を飛び越えました。これは言語識別のための日本語テキスト例です。 ルネサンスはヨーロッパの芸術、文学、科学を変えた文化的復興の時代でした。,jpn,train
La exploración espacial ha ampliado nuestra comprensión del universo y nuestro lugar en él. La diversidad cultural enriquece las comunidades y promueve la comprensión entre diferentes grupos.,spa,train
素早い茶色の狐が怠け者の犬を飛び越えました。これは言語識別のための日本語テキスト例です。 ルネサンスはヨーロッパの芸術、文学、科学を変えた文化的復興の時代でした。,jpn,train
La diversité culturelle enrichit les communautés et favorise la compréhension entre différents groupes. L'apprentissage automatique est un sous-ensemble de l'intelligence artificielle qui se concentre sur les algorithmes.,fra,train
"Internet ha revolucionado la comunicación, el comercio y el acceso a la información a nivel global. Las fuentes de energía renovable como la solar y eólica son esenciales para el desarrollo sostenible.",spa,val
機械学習はアルゴリズムと統計モデルに焦点を当てる人工知能の一分野です。 医療研究は治療を進歩させ、何百万人もの生活の質を向上させ続けています。,jpn,val
"El Renacimiento fue un período de renacimiento cultural que transformó el arte, la literatura y la ciencia europeas. La ciencia de datos combina estadísticas, programación y experiencia del dominio para extraer insights.",spa,train
機器學習是人工智慧的一個子集，專注於演算法和統計模型。 氣候變遷是 21 世紀人類面臨的最緊迫的挑戰之一。,zho,train
ルネサンスはヨーロッパの芸術、文学、科学を変えた文化的復興の時代でした。 民主主義は市民の積極的な参加によって効果的に機能し、多様な利益を代表します。,jpn,val
医療研究は治療を進歩させ、何百万人もの生活の質を向上させ続けています。 機械学習はアルゴリズムと統計モデルに焦点を当てる人工知能の一分野です。,jpn,train
教育是現代世界個人成長和社會進步的基礎。 氣候變遷是 21 世紀人類面臨的最緊迫的挑戰之一。,zho,train
Machine learning is a subset of artificial intelligence that focuses on algorithms and statistical models. Space exploration has expanded our understanding of the universe and our place within it.,eng,test
素早い茶色の狐が怠け者の犬を飛び越えました。これは言語識別のための日本語テキスト例です。 教育は現代社会における個人の成長と社会の進歩の基盤です。,jpn,train
La démocratie nécessite une participation active des citoyens pour fonctionner efficacement. Le changement climatique est l'un des défis les plus pressants auxquels l'humanité est confrontée.,fra,val
太陽光や風力といった再生可能エネルギーは持続可能な発展に不可欠です。 インターネットは世界のコミュニケーション、商取引、情報アクセスを一変させました。,jpn,train
Le renard brun rapide saute par-dessus le chien paresseux. Ceci est un exemple de texte français.,fra,train
Python is a high-level programming language known for its simplicity and readability. Natural language processing enables computers to understand and process human language in valuable ways.,eng,train
教育是現代世界個人成長和社會進步的基礎。 民主需要公民的積極參與才能有效運作並代表不同的利益。,zho,test
データサイエンスは統計学、プログラミング、ドメイン知識を組み合わせて洞察を引き出します。 機械学習はアルゴリズムと統計モデルに焦点を当てる人工知能の一分野です。,jpn,train
データサイエンスは統計学、プログラミング、ドメイン知識を組み合わせて洞察を引き出します。 宇宙探査は私たちの宇宙観と自分たちの位置に対する理解を広げました。,jpn,val
"La science des données combine statistiques, programmation et expertise du domaine pour extraire des insights. La recherche médicale continue d'améliorer les traitements et la qualité de vie de millions de personnes.",fra,test
"La démocratie nécessite une participation active des citoyens pour fonctionner efficacement. La Renaissance fut une période de renouveau culturel qui transforma l'art, la littérature et la science européennes.",fra,train
L'éducation est fondamentale pour la croissance personnelle et le progrès sociétal dans le monde moderne. L'exploration spatiale a élargi notre compréhension de l'univers et de notre place dans celui-ci.,fra,train
Education is fundamental to personal growth and societal progress in the modern world. Quantum computing represents a paradigm shift in computational power and problem-solving capabilities.,eng,train
"El Renacimiento fue un período de renacimiento cultural que transformó el arte, la literatura y la ciencia europeas. La computación cuántica representa un cambio de paradigma en el poder computacional y las capacidades de resolución.",spa,train
El aprendizaje automático es un subconjunto de la inteligencia artificial que se enfoca en algoritmos. El cambio climático es uno de los desafíos más urgentes que enfrenta la humanidad en el siglo XXI.,spa,val
医療研究は治療を進歩させ、何百万人もの生活の質を向上させ続けています。 太陽光や風力といった再生可能エネルギーは持続可能な発展に不可欠です。,jpn,train
문화적 다양성은 공동체를 풍요롭게 하며 서로 다른 집단 간의 이해를 촉진합니다。 기계학습은 알고리즘과 통계 모델에 집중하는 인공지능의 한 분야입니다.,kor,val
La exploración espacial ha ampliado nuestra comprensión del universo y nuestro lugar en él. Las fuentes de energía renovable como la solar y eólica son esenciales para el desarrollo sostenible.,spa,train
宇宙探査は私たちの宇宙観と自分たちの位置に対する理解を広げました。 量子計算は計算能力と問題解決力におけるパラダイムシフトを意味します。,jpn,train
ルネサンスはヨーロッパの芸術、文学、科学を変えた文化的復興の時代でした。 Python はその簡潔さと可読性で知られる高水準のプログラミング言語です。,jpn,val
"민주주의는 시민의 적극적 참여를 통해 효과적으로 기능하며 다양한 이익을 대표합니다. 르네상스는 유럽의 예술, 문학, 과학을 변화시킨 문화적 부흥기였습니다.",kor,test
教育是現代世界個人成長和社會進步的基礎。 Python 是一種高級程式語言，以其簡潔性和可讀性而聞名。,zho,test
互聯網徹底改變了全球的通訊、商業和資訊獲取方式。 文化多樣性豐富了社區，促進了不同群體之間的相互理解。,zho,train
宇宙探査は私たちの宇宙観と自分たちの位置に対する理解を広げました。 量子計算は計算能力と問題解決力におけるパラダイムシフトを意味します。,jpn,train
Le traitement du langage naturel permet aux ordinateurs de comprendre le langage humain de manière précise. La recherche médicale continue d'améliorer les traitements et la qualité de vie de millions de personnes.,fra,train
La diversité culturelle enrichit les communautés et favorise la compréhension entre différents groupes. L'apprentissage automatique est un sous-ensemble de l'intelligence artificielle qui se concentre sur les algorithmes.,fra,train
양자 컴퓨팅은 계산 능력과 문제 해결 방식의 패러다임 전환을 의미합니다. 문화적 다양성은 공동체를 풍요롭게 하며 서로 다른 집단 간의 이해를 촉진합니다。,kor,train
"La Renaissance fut une période de renouveau culturel qui transforma l'art, la littérature et la science européennes. Internet a révolutionné la communication, le commerce et l'accès à l'information à l'échelle mondiale.",fra,train
太空探索擴展了我們對宇宙以及我們在宇宙中位置的理解。 Python 是一種高級程式語言，以其簡潔性和可讀性而聞名。,zho,train
"Education is fundamental to personal growth and societal progress in the modern world. Data science combines statistics, programming, and domain expertise to extract insights from data.",eng,train
量子計算代表了計算能力和問題解決能力的範式轉移。 敏捷的棕色狐狸跳過了懶惰的狗。這是一段用於語言識別的中文文本示例。,zho,val
數據科學結合了統計學、程式設計和領域專業知識，以從數據中提取見解。 文藝復興時期是文化復興的時期，它改變了歐洲的藝術、文學和科學。,zho,test
太空探索擴展了我們對宇宙以及我們在宇宙中位置的理解。 教育是現代世界個人成長和社會進步的基礎。,zho,train
"Data science combines statistics, programming, and domain expertise to extract insights from data. The internet has revolutionized communication, commerce, and access to information globally.",eng,train
データサイエンスは統計学、プログラミング、ドメイン知識を組み合わせて洞察を引き出します。 ルネサンスはヨーロッパの芸術、文学、科学を変えた文化的復興の時代でした。,jpn,val
"La educación es fundamental para el crecimiento personal y el progreso social en el mundo moderno. El Renacimiento fue un período de renacimiento cultural que transformó el arte, la literatura y la ciencia europeas.",spa,train
敏捷的棕色狐狸跳過了懶惰的狗。這是一段用於語言識別的中文文本示例。 醫學研究不斷推進治療方法，改善數百萬人的生活品質。,zho,train
L'informatique quantique représente un changement de paradigme dans la puissance computationnelle. Le changement climatique est l'un des défis les plus pressants auxquels l'humanité est confrontée.,fra,train
"르네상스는 유럽의 예술, 문학, 과학을 변화시킨 문화적 부흥기였습니다. 기계학습은 알고리즘과 통계 모델에 집중하는 인공지능의 한 분야입니다.",kor,val
"L'apprentissage automatique est un sous-ensemble de l'intelligence artificielle qui se concentre sur les algorithmes. La Renaissance fut une période de renouveau culturel qui transforma l'art, la littérature et la science européennes.",fra,train
Les sources d'énergie renouvelable comme le solaire et l'éolien sont essentielles pour le développement durable. La diversité culturelle enrichit les communautés et favorise la compréhension entre différents groupes.,fra,train
"Python is a high-level programming language known for its simplicity and readability. Data science combines statistics, programming, and domain expertise to extract insights from data.",eng,val
"La diversidad cultural enriquece las comunidades y promueve la comprensión entre diferentes grupos. Internet ha revolucionado la comunicación, el comercio y el acceso a la información a nivel global.",spa,train
파이썬은 간결성과 가독성으로 유명한 고수준 프로그래밍 언어입니다. 문화적 다양성은 공동체를 풍요롭게 하며 서로 다른 집단 간의 이해를 촉진합니다。,kor,train
Las fuentes de energía renovable como la solar y eólica son esenciales para el desarrollo sostenible. El cambio climático es uno de los desafíos más urgentes que enfrenta la humanidad en el siglo XXI.,spa,train
Python es un lenguaje de programación de alto nivel conocido por su simplicidad y legibilidad. La computación cuántica representa un cambio de paradigma en el poder computacional y las capacidades de resolución.,spa,train
민주주의는 시민의 적극적 참여를 통해 효과적으로 기능하며 다양한 이익을 대표합니다. 재빠른 갈색 여우가 게으른 개를 뛰어넘었습니다. 이는 언어 식별을 위한 한국어 예문입니다.,kor,train
"L'informatique quantique représente un changement de paradigme dans la puissance computationnelle. La Renaissance fut une période de renouveau culturel qui transforma l'art, la littérature et la science européennes.",fra,train
醫學研究不斷推進治療方法，改善數百萬人的生活品質。 教育是現代世界個人成長和社會進步的基礎。,zho,val
気候変動は21世紀に人類が直面する最も差し迫った課題の一つです。 データサイエンスは統計学、プログラミング、ドメイン知識を組み合わせて洞察を引き出します。,jpn,train
"La démocratie nécessite une participation active des citoyens pour fonctionner efficacement. La science des données combine statistiques, programmation et expertise du domaine pour extraire des insights.",fra,train
宇宙探査は私たちの宇宙観と自分たちの位置に対する理解を広げました。 インターネットは世界のコミュニケーション、商取引、情報アクセスを一変させました。,jpn,train
宇宙探査は私たちの宇宙観と自分たちの位置に対する理解を広げました。 インターネットは世界のコミュニケーション、商取引、情報アクセスを一変させました。,jpn,test
データサイエンスは統計学、プログラミング、ドメイン知識を組み合わせて洞察を引き出します。 インターネットは世界のコミュニケーション、商取引、情報アクセスを一変させました。,jpn,train
自然言語処理により、コンピュータは人間の言語を理解し有効に処理できます。 太陽光や風力といった再生可能エネルギーは持続可能な発展に不可欠です。,jpn,test
"Le traitement du langage naturel permet aux ordinateurs de comprendre le langage humain de manière précise. La Renaissance fut une période de renouveau culturel qui transforma l'art, la littérature et la science européennes.",fra,train
医療研究は治療を進歩させ、何百万人もの生活の質を向上させ続けています。 インターネットは世界のコミュニケーション、商取引、情報アクセスを一変させました。,jpn,train
La démocratie nécessite une participation active des citoyens pour fonctionner efficacement. La recherche médicale continue d'améliorer les traitements et la qualité de vie de millions de personnes.,fra,val
文藝復興時期是文化復興的時期，它改變了歐洲的藝術、文學和科學。 量子計算代表了計算能力和問題解決能力的範式轉移。,zho,train
インターネットは世界のコミュニケーション、商取引、情報アクセスを一変させました。 文化的多様性はコミュニティを豊かにし、異なるグループ間の理解を促進します。,jpn,train
"La Renaissance fut une période de renouveau culturel qui transforma l'art, la littérature et la science européennes. Le renard brun rapide saute par-dessus le chien paresseux. Ceci est un exemple de texte français.",fra,train
"The internet has revolutionized communication, commerce, and access to information globally. Python is a high-level programming language known for its simplicity and readability.",eng,val
互聯網徹底改變了全球的通訊、商業和資訊獲取方式。 太空探索擴展了我們對宇宙以及我們在宇宙中位置的理解。,zho,train
El aprendizaje automático es un subconjunto de la inteligencia artificial que se enfoca en algoritmos.,spa,train
"El cambio climático es uno de los desafíos más urgentes que enfrenta la humanidad en el siglo XXI. El Renacimiento fue un período de renacimiento cultural que transformó el arte, la literatura y la ciencia europeas.",spa,val
Natural language processing enables computers to understand and process human language in valuable ways. Cultural diversity enriches communities and promotes understanding between different groups.,eng,train
互聯網徹底改變了全球的通訊、商業和資訊獲取方式。 氣候變遷是 21 世紀人類面臨的最緊迫的挑戰之一。,zho,train
Renewable energy sources like solar and wind power are essential for sustainable development. Machine learning is a subset of artificial intelligence that focuses on algorithms and statistical models.,eng,train
"L'éducation est fondamentale pour la croissance personnelle et le progrès sociétal dans le monde moderne. La science des données combine statistiques, programmation et expertise du domaine pour extraire des insights.",fra,test
民主主義は市民の積極的な参加によって効果的に機能し、多様な利益を代表します。 文化的多様性はコミュニティを豊かにし、異なるグループ間の理解を促進します。,jpn,val
"The internet has revolutionized communication, commerce, and access to information globally. Education is fundamental to personal growth and societal progress in the modern world.",eng,train
量子計算は計算能力と問題解決力におけるパラダイムシフトを意味します。 教育は現代社会における個人の成長と社会の進歩の基盤です。,jpn,train
Le renard brun rapide saute par-dessus le chien paresseux. Ceci est un exemple de texte français. L'informatique quantique représente un changement de paradigme dans la puissance computationnelle.,fra,train
La democracia requiere participación activa de los ciudadanos para funcionar efectivamente y representar diversos intereses. El procesamiento del lenguaje natural permite a las computadoras entender el lenguaje humano de manera valiosa.,spa,test
재빠른 갈색 여우가 게으른 개를 뛰어넘었습니다. 이는 언어 식별을 위한 한국어 예문입니다. 민주주의는 시민의 적극적 참여를 통해 효과적으로 기능하며 다양한 이익을 대표합니다.,kor,train
医療研究は治療を進歩させ、何百万人もの生活の質を向上させ続けています。 自然言語処理により、コンピュータは人間の言語を理解し有効に処理できます。,jpn,train
"Cultural diversity enriches communities and promotes understanding between different groups. The internet has revolutionized communication, commerce, and access to information globally.",eng,train
医療研究は治療を進歩させ、何百万人もの生活の質を向上させ続けています。 素早い茶色の狐が怠け者の犬を飛び越えました。これは言語識別のための日本語テキスト例です。,jpn,train
文化的多様性はコミュニティを豊かにし、異なるグループ間の理解を促進します。 データサイエンスは統計学、プログラミング、ドメイン知識を組み合わせて洞察を引き出します。,jpn,train
의학 연구는 치료법을 지속적으로 발전시켜 수백만 명의 삶의 질을 향상시키고 있습니다. 교육은 현대 사회에서 개인의 성장과 사회 발전의 토대입니다.,kor,train
"La démocratie nécessite une participation active des citoyens pour fonctionner efficacement. La Renaissance fut une période de renouveau culturel qui transforma l'art, la littérature et la science européennes.",fra,train
교육은 현대 사회에서 개인의 성장과 사회 발전의 토대입니다. 문화적 다양성은 공동체를 풍요롭게 하며 서로 다른 집단 간의 이해를 촉진합니다。,kor,train
"La recherche médicale continue d'améliorer les traitements et la qualité de vie de millions de personnes. La science des données combine statistiques, programmation et expertise du domaine pour extraire des insights.",fra,train
宇宙探査は私たちの宇宙観と自分たちの位置に対する理解を広げました。 量子計算は計算能力と問題解決力におけるパラダイムシフトを意味します。,jpn,train
La démocratie nécessite une participation active des citoyens pour fonctionner efficacement. L'informatique quantique représente un changement de paradigme dans la puissance computationnelle.,fra,train
"데이터 과학은 통계, 프로그래밍, 도메인 지식을 결합해 통찰을 이끌어냅니다. 자연어 처리는 컴퓨터가 인간 언어를 이해하고 가치 있게 다루도록 합니다.",kor,train
データサイエンスは統計学、プログラミング、ドメイン知識を組み合わせて洞察を引き出します。 宇宙探査は私たちの宇宙観と自分たちの位置に対する理解を広げました。,jpn,train
教育是現代世界個人成長和社會進步的基礎。 醫學研究不斷推進治療方法，改善數百萬人的生活品質。,zho,test
太陽能和風能等再生能源對永續發展至關重要。 教育是現代世界個人成長和社會進步的基礎。,zho,test
La diversidad cultural enriquece las comunidades y promueve la comprensión entre diferentes grupos. La educación es fundamental para el crecimiento personal y el progreso social en el mundo moderno.,spa,train
機械学習はアルゴリズムと統計モデルに焦点を当てる人工知能の一分野です。 Python はその簡潔さと可読性で知られる高水準のプログラミング言語です。,jpn,train
"Internet a révolutionné la communication, le commerce et l'accès à l'information à l'échelle mondiale. Python est un langage de programmation de haut niveau connu pour sa simplicité et sa lisibilité.",fra,train
"Python is a high-level programming language known for its simplicity and readability. The internet has revolutionized communication, commerce, and access to information globally.",eng,val
재빠른 갈색 여우가 게으른 개를 뛰어넘었습니다. 이는 언어 식별을 위한 한국어 예문입니다. 문화적 다양성은 공동체를 풍요롭게 하며 서로 다른 집단 간의 이해를 촉진합니다。,kor,train
教育是現代世界個人成長和社會進步的基礎。 醫學研究不斷推進治療方法，改善數百萬人的生活品質。,zho,train
La diversité culturelle enrichit les communautés et favorise la compréhension entre différents groupes. La recherche médicale continue d'améliorer les traitements et la qualité de vie de millions de personnes.,fra,train
La diversité culturelle enrichit les communautés et favorise la compréhension entre différents groupes. La recherche médicale continue d'améliorer les traitements et la qualité de vie de millions de personnes.,fra,train
우주 탐사는 우주와 그 속에서의 우리의 위치에 대한 이해를 넓혔습니다. 재빠른 갈색 여우가 게으른 개를 뛰어넘었습니다. 이는 언어 식별을 위한 한국어 예문입니다.,kor,train
"La Renaissance fut une période de renouveau culturel qui transforma l'art, la littérature et la science européennes. La science des données combine statistiques, programmation et expertise du domaine pour extraire des insights.",fra,test
El aprendizaje automático es un subconjunto de la inteligencia artificial que se enfoca en algoritmos. El zorro marrón rápido salta sobre el perro perezoso. Este es un ejemplo de texto en español.,spa,test
La educación es fundamental para el crecimiento personal y el progreso social en el mundo moderno. La investigación médica continúa avanzando en tratamientos y mejorando la calidad de vida de millones.,spa,train
La démocratie nécessite une participation active des citoyens pour fonctionner efficacement. L'exploration spatiale a élargi notre compréhension de l'univers et de notre place dans celui-ci.,fra,train
Les sources d'énergie renouvelable comme le solaire et l'éolien sont essentielles pour le développement durable. La diversité culturelle enrichit les communautés et favorise la compréhension entre différents groupes.,fra,train
Natural language processing enables computers to understand and process human language in valuable ways. Democracy requires active participation from citizens to function effectively and represent diverse interests.,eng,test
El procesamiento del lenguaje natural permite a las computadoras entender el lenguaje humano de manera valiosa. El aprendizaje automático es un subconjunto de la inteligencia artificial que se enfoca en algoritmos.,spa,train
민주주의는 시민의 적극적 참여를 통해 효과적으로 기능하며 다양한 이익을 대표합니다. 의학 연구는 치료법을 지속적으로 발전시켜 수백만 명의 삶의 질을 향상시키고 있습니다.,kor,test
"The internet has revolutionized communication, commerce, and access to information globally. Climate change is one of the most pressing challenges facing humanity in the 21st century.",eng,test
La démocratie nécessite une participation active des citoyens pour fonctionner efficacement. L'informatique quantique représente un changement de paradigme dans la puissance computationnelle.,fra,test
기후 변화는 21세기 인류가 직면한 가장 시급한 과제 중 하나입니다。 민주주의는 시민의 적극적 참여를 통해 효과적으로 기능하며 다양한 이익을 대표합니다.,kor,train
"파이썬은 간결성과 가독성으로 유명한 고수준 프로그래밍 언어입니다. 르네상스는 유럽의 예술, 문학, 과학을 변화시킨 문화적 부흥기였습니다.",kor,train
Le changement climatique est l'un des défis les plus pressants auxquels l'humanité est confrontée. L'apprentissage automatique est un sous-ensemble de l'intelligence artificielle qui se concentre sur les algorithmes.,fra,train
"Le changement climatique est l'un des défis les plus pressants auxquels l'humanité est confrontée. La Renaissance fut une période de renouveau culturel qui transforma l'art, la littérature et la science européennes.",fra,test
數據科學結合了統計學、程式設計和領域專業知識，以從數據中提取見解。 文化多樣性豐富了社區，促進了不同群體之間的相互理解。,zho,train
"교육은 현대 사회에서 개인의 성장과 사회 발전의 토대입니다. 인터넷은 전 세계의 소통, 상거래, 정보 접근을 혁신했습니다.",kor,train
L'exploration spatiale a élargi notre compréhension de l'univers et de notre place dans celui-ci. La diversité culturelle enrichit les communautés et favorise la compréhension entre différents groupes.,fra,train
"Democracy requires active participation from citizens to function effectively and represent diverse interests. The Renaissance was a period of cultural rebirth that transformed European art, literature, and science.",eng,test
"Data science combines statistics, programming, and domain expertise to extract insights from data. Python is a high-level programming language known for its simplicity and readability.",eng,test
Le traitement du langage naturel permet aux ordinateurs de comprendre le langage humain de manière précise. L'informatique quantique représente un changement de paradigme dans la puissance computationnelle.,fra,val
"La ciencia de datos combina estadísticas, programación y experiencia del dominio para extraer insights. La democracia requiere participación activa de los ciudadanos para funcionar efectivamente y representar diversos intereses.",spa,train
"르네상스는 유럽의 예술, 문학, 과학을 변화시킨 문화적 부흥기였습니다. 인터넷은 전 세계의 소통, 상거래, 정보 접근을 혁신했습니다.",kor,train
太陽能和風能等再生能源對永續發展至關重要。 文藝復興時期是文化復興的時期，它改變了歐洲的藝術、文學和科學。,zho,train
La diversité culturelle enrichit les communautés et favorise la compréhension entre différents groupes. Le renard brun rapide saute par-dessus le chien paresseux. Ceci est un exemple de texte français.,fra,train
ルネサンスはヨーロッパの芸術、文学、科学を変えた文化的復興の時代でした。 インターネットは世界のコミュニケーション、商取引、情報アクセスを一変させました。,jpn,train
재빠른 갈색 여우가 게으른 개를 뛰어넘었습니다. 이는 언어 식별을 위한 한국어 예문입니다. 기계학습은 알고리즘과 통계 모델에 집중하는 인공지능의 한 분야입니다.,kor,test
民主需要公民的積極參與才能有效運作並代表不同的利益。 醫學研究不斷推進治療方法，改善數百萬人的生活品質。,zho,train
Education is fundamental to personal growth and societal progress in the modern world. Natural language processing enables computers to understand and process human language in valuable ways.,eng,train
La diversidad cultural enriquece las comunidades y promueve la comprensión entre diferentes grupos. La educación es fundamental para el crecimiento personal y el progreso social en el mundo moderno.,spa,train
"The Renaissance was a period of cultural rebirth that transformed European art, literature, and science. Machine learning is a subset of artificial intelligence that focuses on algorithms and statistical models.",eng,train
量子計算代表了計算能力和問題解決能力的範式轉移。 文藝復興時期是文化復興的時期，它改變了歐洲的藝術、文學和科學。,zho,train
インターネットは世界のコミュニケーション、商取引、情報アクセスを一変させました。 ルネサンスはヨーロッパの芸術、文学、科学を変えた文化的復興の時代でした。,jpn,train
L'exploration spatiale a élargi notre compréhension de l'univers et de notre place dans celui-ci. La recherche médicale continue d'améliorer les traitements et la qualité de vie de millions de personnes.,fra,test
"의학 연구는 치료법을 지속적으로 발전시켜 수백만 명의 삶의 질을 향상시키고 있습니다. 르네상스는 유럽의 예술, 문학, 과학을 변화시킨 문화적 부흥기였습니다.",kor,train
醫學研究不斷推進治療方法，改善數百萬人的生活品質。 太陽能和風能等再生能源對永續發展至關重要。,zho,train
La diversidad cultural enriquece las comunidades y promueve la comprensión entre diferentes grupos. La educación es fundamental para el crecimiento personal y el progreso social en el mundo moderno.,spa,test
"Le renard brun rapide saute par-dessus le chien paresseux. Ceci est un exemple de texte français. Internet a révolutionné la communication, le commerce et l'accès à l'information à l'échelle mondiale.",fra,test
"L'apprentissage automatique est un sous-ensemble de l'intelligence artificielle qui se concentre sur les algorithmes. La science des données combine statistiques, programmation et expertise du domaine pour extraire des insights.",fra,train
La diversité culturelle enrichit les communautés et favorise la compréhension entre différents groupes. L'apprentissage automatique est un sous-ensemble de l'intelligence artificielle qui se concentre sur les algorithmes.,fra,test
民主需要公民的積極參與才能有效運作並代表不同的利益。 敏捷的棕色狐狸跳過了懶惰的狗。這是一段用於語言識別的中文文本示例。,zho,train
El zorro marrón rápido salta sobre el perro perezoso. Este es un ejemplo de texto en español. El procesamiento del lenguaje natural permite a las computadoras entender el lenguaje humano de manera valiosa.,spa,test
Python is a high-level programming language known for its simplicity and readability. Cultural diversity enriches communities and promotes understanding between different groups.,eng,train
El aprendizaje automático es un subconjunto de la inteligencia artificial que se enfoca en algoritmos. La computación cuántica representa un cambio de paradigma en el poder computacional y las capacidades de resolución.,spa,train
民主主義は市民の積極的な参加によって効果的に機能し、多様な利益を代表します。 医療研究は治療を進歩させ、何百万人もの生活の質を向上させ続けています。,jpn,test
L'apprentissage automatique est un sous-ensemble de l'intelligence artificielle qui se concentre sur les algorithmes. La démocratie nécessite une participation active des citoyens pour fonctionner efficacement.,fra,train
El zorro marrón rápido salta sobre el perro perezoso. Este es un ejemplo de texto en español. Python es un lenguaje de programación de alto nivel conocido por su simplicidad y legibilidad.,spa,test
文藝復興時期是文化復興的時期，它改變了歐洲的藝術、文學和科學。 教育是現代世界個人成長和社會進步的基礎。,zho,val
"르네상스는 유럽의 예술, 문학, 과학을 변화시킨 문화적 부흥기였습니다. 데이터 과학은 통계, 프로그래밍, 도메인 지식을 결합해 통찰을 이끌어냅니다.",kor,train
"Internet ha revolucionado la comunicación, el comercio y el acceso a la información a nivel global. La diversidad cultural enriquece las comunidades y promueve la comprensión entre diferentes grupos.",spa,train
Medical research continues to advance treatments and improve quality of life for millions. The quick brown fox jumps over the lazy dog. This is a sample English text for language identification.,eng,val
機械学習はアルゴリズムと統計モデルに焦点を当てる人工知能の一分野です。 医療研究は治療を進歩させ、何百万人もの生活の質を向上させ続けています。,jpn,train
"El Renacimiento fue un período de renacimiento cultural que transformó el arte, la literatura y la ciencia europeas. El cambio climático es uno de los desafíos más urgentes que enfrenta la humanidad en el siglo XXI.",spa,train
L'exploration spatiale a élargi notre compréhension de l'univers et de notre place dans celui-ci. Le traitement du langage naturel permet aux ordinateurs de comprendre le langage humain de manière précise.,fra,train
"재빠른 갈색 여우가 게으른 개를 뛰어넘었습니다. 이는 언어 식별을 위한 한국어 예문입니다. 데이터 과학은 통계, 프로그래밍, 도메인 지식을 결합해 통찰을 이끌어냅니다.",kor,train
"Data science combines statistics, programming, and domain expertise to extract insights from data. Renewable energy sources like solar and wind power are essential for sustainable development.",eng,val
Python 是一種高級程式語言，以其簡潔性和可讀性而聞名。 民主需要公民的積極參與才能有效運作並代表不同的利益。,zho,train
El cambio climático es uno de los desafíos más urgentes que enfrenta la humanidad en el siglo XXI. El zorro marrón rápido salta sobre el perro perezoso. Este es un ejemplo de texto en español.,spa,val
"La Renaissance fut une période de renouveau culturel qui transforma l'art, la littérature et la science européennes. Internet a révolutionné la communication, le commerce et l'accès à l'information à l'échelle mondiale.",fra,train
ルネサンスはヨーロッパの芸術、文学、科学を変えた文化的復興の時代でした。 量子計算は計算能力と問題解決力におけるパラダイムシフトを意味します。,jpn,train
太空探索擴展了我們對宇宙以及我們在宇宙中位置的理解。,zho,val
Space exploration has expanded our understanding of the universe and our place within it. The quick brown fox jumps over the lazy dog. This is a sample English text for language identification.,eng,train
의학 연구는 치료법을 지속적으로 발전시켜 수백만 명의 삶의 질을 향상시키고 있습니다. 양자 컴퓨팅은 계산 능력과 문제 해결 방식의 패러다임 전환을 의미합니다.,kor,train
自然言語処理により、コンピュータは人間の言語を理解し有効に処理できます。 機械学習はアルゴリズムと統計モデルに焦点を当てる人工知能の一分野です。,jpn,train
教育は現代社会における個人の成長と社会の進歩の基盤です。 文化的多様性はコミュニティを豊かにし、異なるグループ間の理解を促進します。,jpn,test
"인터넷은 전 세계의 소통, 상거래, 정보 접근을 혁신했습니다. 르네상스는 유럽의 예술, 문학, 과학을 변화시킨 문화적 부흥기였습니다.",kor,train
민주주의는 시민의 적극적 참여를 통해 효과적으로 기능하며 다양한 이익을 대표합니다. 파이썬은 간결성과 가독성으로 유명한 고수준 프로그래밍 언어입니다.,kor,train
インターネットは世界のコミュニケーション、商取引、情報アクセスを一変させました。 宇宙探査は私たちの宇宙観と自分たちの位置に対する理解を広げました。,jpn,train
L'informatique quantique représente un changement de paradigme dans la puissance computationnelle. La diversité culturelle enrichit les communautés et favorise la compréhension entre différents groupes.,fra,test
宇宙探査は私たちの宇宙観と自分たちの位置に対する理解を広げました。 民主主義は市民の積極的な参加によって効果的に機能し、多様な利益を代表します。,jpn,train
파이썬은 간결성과 가독성으로 유명한 고수준 프로그래밍 언어입니다. 문화적 다양성은 공동체를 풍요롭게 하며 서로 다른 집단 간의 이해를 촉진합니다。,kor,train
"자연어 처리는 컴퓨터가 인간 언어를 이해하고 가치 있게 다루도록 합니다. 르네상스는 유럽의 예술, 문학, 과학을 변화시킨 문화적 부흥기였습니다.",kor,train
文藝復興時期是文化復興的時期，它改變了歐洲的藝術、文學和科學。 互聯網徹底改變了全球的通訊、商業和資訊獲取方式。,zho,test
La diversité culturelle enrichit les communautés et favorise la compréhension entre différents groupes. Le changement climatique est l'un des défis les plus pressants auxquels l'humanité est confrontée.,fra,train
機械学習はアルゴリズムと統計モデルに焦点を当てる人工知能の一分野です。 宇宙探査は私たちの宇宙観と自分たちの位置に対する理解を広げました。,jpn,train
"La Renaissance fut une période de renouveau culturel qui transforma l'art, la littérature et la science européennes. La recherche médicale continue d'améliorer les traitements et la qualité de vie de millions de personnes.",fra,train
ルネサンスはヨーロッパの芸術、文学、科学を変えた文化的復興の時代でした。 機械学習はアルゴリズムと統計モデルに焦点を当てる人工知能の一分野です。,jpn,train
數據科學結合了統計學、程式設計和領域專業知識，以從數據中提取見解。 量子計算代表了計算能力和問題解決能力的範式轉移。,zho,train
La exploración espacial ha ampliado nuestra comprensión del universo y nuestro lugar en él. La computación cuántica representa un cambio de paradigma en el poder computacional y las capacidades de resolución.,spa,val
의학 연구는 치료법을 지속적으로 발전시켜 수백만 명의 삶의 질을 향상시키고 있습니다. 태양광과 풍력 같은 재생 가능 에너지는 지속 가능한 발전에 필수적입니다.,kor,train
量子計算は計算能力と問題解決力におけるパラダイムシフトを意味します。 宇宙探査は私たちの宇宙観と自分たちの位置に対する理解を広げました。,jpn,val
機械学習はアルゴリズムと統計モデルに焦点を当てる人工知能の一分野です。 医療研究は治療を進歩させ、何百万人もの生活の質を向上させ続けています。,jpn,train
"르네상스는 유럽의 예술, 문학, 과학을 변화시킨 문화적 부흥기였습니다. 자연어 처리는 컴퓨터가 인간 언어를 이해하고 가치 있게 다루도록 합니다.",kor,train
"데이터 과학은 통계, 프로그래밍, 도메인 지식을 결합해 통찰을 이끌어냅니다. 의학 연구는 치료법을 지속적으로 발전시켜 수백만 명의 삶의 질을 향상시키고 있습니다.",kor,train
ルネサンスはヨーロッパの芸術、文学、科学を変えた文化的復興の時代でした。 量子計算は計算能力と問題解決力におけるパラダイムシフトを意味します。,jpn,train
互聯網徹底改變了全球的通訊、商業和資訊獲取方式。 敏捷的棕色狐狸跳過了懶惰的狗。這是一段用於語言識別的中文文本示例。,zho,test
量子計算は計算能力と問題解決力におけるパラダイムシフトを意味します。 データサイエンスは統計学、プログラミング、ドメイン知識を組み合わせて洞察を引き出します。,jpn,val
Cultural diversity enriches communities and promotes understanding between different groups. Quantum computing represents a paradigm shift in computational power and problem-solving capabilities.,eng,train
醫學研究不斷推進治療方法，改善數百萬人的生活品質。 教育是現代世界個人成長和社會進步的基礎。,zho,train
El cambio climático es uno de los desafíos más urgentes que enfrenta la humanidad en el siglo XXI. La democracia requiere participación activa de los ciudadanos para funcionar efectivamente y representar diversos intereses.,spa,train
Natural language processing enables computers to understand and process human language in valuable ways. Climate change is one of the most pressing challenges facing humanity in the 21st century.,eng,train
量子計算代表了計算能力和問題解決能力的範式轉移。 敏捷的棕色狐狸跳過了懶惰的狗。這是一段用於語言識別的中文文本示例。,zho,val
"Natural language processing enables computers to understand and process human language in valuable ways. Data science combines statistics, programming, and domain expertise to extract insights from data.",eng,train
文化的多様性はコミュニティを豊かにし、異なるグループ間の理解を促進します。 気候変動は21世紀に人類が直面する最も差し迫った課題の一つです。,jpn,train
Python はその簡潔さと可読性で知られる高水準のプログラミング言語です。 気候変動は21世紀に人類が直面する最も差し迫った課題の一つです。,jpn,train
宇宙探査は私たちの宇宙観と自分たちの位置に対する理解を広げました。 医療研究は治療を進歩させ、何百万人もの生活の質を向上させ続けています。,jpn,train
インターネットは世界のコミュニケーション、商取引、情報アクセスを一変させました。 気候変動は21世紀に人類が直面する最も差し迫った課題の一つです。,jpn,train
"Education is fundamental to personal growth and societal progress in the modern world. The internet has revolutionized communication, commerce, and access to information globally.",eng,test
"La diversité culturelle enrichit les communautés et favorise la compréhension entre différents groupes. Internet a révolutionné la communication, le commerce et l'accès à l'information à l'échelle mondiale.",fra,val
機器學習是人工智慧的一個子集，專注於演算法和統計模型。 敏捷的棕色狐狸跳過了懶惰的狗。這是一段用於語言識別的中文文本示例。,zho,train
La educación es fundamental para el crecimiento personal y el progreso social en el mundo moderno. La exploración espacial ha ampliado nuestra comprensión del universo y nuestro lugar en él.,spa,train
El aprendizaje automático es un subconjunto de la inteligencia artificial que se enfoca en algoritmos. Python es un lenguaje de programación de alto nivel conocido por su simplicidad y legibilidad.,spa,train
"The quick brown fox jumps over the lazy dog. This is a sample English text for language identification. The internet has revolutionized communication, commerce, and access to information globally.",eng,test
태양광과 풍력 같은 재생 가능 에너지는 지속 가능한 발전에 필수적입니다. 양자 컴퓨팅은 계산 능력과 문제 해결 방식의 패러다임 전환을 의미합니다.,kor,train
"자연어 처리는 컴퓨터가 인간 언어를 이해하고 가치 있게 다루도록 합니다. 데이터 과학은 통계, 프로그래밍, 도메인 지식을 결합해 통찰을 이끌어냅니다.",kor,train
La computación cuántica representa un cambio de paradigma en el poder computacional y las capacidades de resolución. La educación es fundamental para el crecimiento personal y el progreso social en el mundo moderno.,spa,train
La diversidad cultural enriquece las comunidades y promueve la comprensión entre diferentes grupos. La exploración espacial ha ampliado nuestra comprensión del universo y nuestro lugar en él.,spa,val
Natural language processing enables computers to understand and process human language in valuable ways. Python is a high-level programming language known for its simplicity and readability.,eng,train
データサイエンスは統計学、プログラミング、ドメイン知識を組み合わせて洞察を引き出します。 教育は現代社会における個人の成長と社会の進歩の基盤です。,jpn,train
民主需要公民的積極參與才能有效運作並代表不同的利益。 量子計算代表了計算能力和問題解決能力的範式轉移。,zho,test
量子計算代表了計算能力和問題解決能力的範式轉移。 醫學研究不斷推進治療方法，改善數百萬人的生活品質。,zho,train
文化多樣性豐富了社區，促進了不同群體之間的相互理解。 氣候變遷是 21 世紀人類面臨的最緊迫的挑戰之一。,zho,train
"La Renaissance fut une période de renouveau culturel qui transforma l'art, la littérature et la science européennes. L'apprentissage automatique est un sous-ensemble de l'intelligence artificielle qui se concentre sur les algorithmes.",fra,val
"La ciencia de datos combina estadísticas, programación y experiencia del dominio para extraer insights. El procesamiento del lenguaje natural permite a las computadoras entender el lenguaje humano de manera valiosa.",spa,train
태양광과 풍력 같은 재생 가능 에너지는 지속 가능한 발전에 필수적입니다. 교육은 현대 사회에서 개인의 성장과 사회 발전의 토대입니다.,kor,test
L'éducation est fondamentale pour la croissance personnelle et le progrès sociétal dans le monde moderne. L'exploration spatiale a élargi notre compréhension de l'univers et de notre place dans celui-ci.,fra,test
"El Renacimiento fue un período de renacimiento cultural que transformó el arte, la literatura y la ciencia europeas. La democracia requiere participación activa de los ciudadanos para funcionar efectivamente y representar diversos intereses.",spa,train
機械学習はアルゴリズムと統計モデルに焦点を当てる人工知能の一分野です。 文化的多様性はコミュニティを豊かにし、異なるグループ間の理解を促進します。,jpn,train
L'exploration spatiale a élargi notre compréhension de l'univers et de notre place dans celui-ci.,fra,train
"Internet a révolutionné la communication, le commerce et l'accès à l'information à l'échelle mondiale. Le traitement du langage naturel permet aux ordinateurs de comprendre le langage humain de manière précise.",fra,val
La educación es fundamental para el crecimiento personal y el progreso social en el mundo moderno. La computación cuántica representa un cambio de paradigma en el poder computacional y las capacidades de resolución.,spa,train
文化的多様性はコミュニティを豊かにし、異なるグループ間の理解を促進します。 民主主義は市民の積極的な参加によって効果的に機能し、多様な利益を代表します。,jpn,val
宇宙探査は私たちの宇宙観と自分たちの位置に対する理解を広げました。 量子計算は計算能力と問題解決力におけるパラダイムシフトを意味します。,jpn,train
"L'apprentissage automatique est un sous-ensemble de l'intelligence artificielle qui se concentre sur les algorithmes. Internet a révolutionné la communication, le commerce et l'accès à l'information à l'échelle mondiale.",fra,val
民主需要公民的積極參與才能有效運作並代表不同的利益。 氣候變遷是 21 世紀人類面臨的最緊迫的挑戰之一。,zho,test
データサイエンスは統計学、プログラミング、ドメイン知識を組み合わせて洞察を引き出します。 インターネットは世界のコミュニケーション、商取引、情報アクセスを一変させました。,jpn,train
素早い茶色の狐が怠け者の犬を飛び越えました。これは言語識別のための日本語テキスト例です。 機械学習はアルゴリズムと統計モデルに焦点を当てる人工知能の一分野です。,jpn,train
El cambio climático es uno de los desafíos más urgentes que enfrenta la humanidad en el siglo XXI. El procesamiento del lenguaje natural permite a las computadoras entender el lenguaje humano de manera valiosa.,spa,train
文化的多様性はコミュニティを豊かにし、異なるグループ間の理解を促進します。 データサイエンスは統計学、プログラミング、ドメイン知識を組み合わせて洞察を引き出します。,jpn,test
La diversité culturelle enrichit les communautés et favorise la compréhension entre différents groupes. Le changement climatique est l'un des défis les plus pressants auxquels l'humanité est confrontée.,fra,train
"Python est un langage de programmation de haut niveau connu pour sa simplicité et sa lisibilité. La Renaissance fut une période de renouveau culturel qui transforma l'art, la littérature et la science européennes.",fra,train
"La diversidad cultural enriquece las comunidades y promueve la comprensión entre diferentes grupos. Internet ha revolucionado la comunicación, el comercio y el acceso a la información a nivel global.",spa,train
Education is fundamental to personal growth and societal progress in the modern world. Democracy requires active participation from citizens to function effectively and represent diverse interests.,eng,test
La diversité culturelle enrichit les communautés et favorise la compréhension entre différents groupes. Le traitement du langage naturel permet aux ordinateurs de comprendre le langage humain de manière précise.,fra,train
教育は現代社会における個人の成長と社会の進歩の基盤です。 自然言語処理により、コンピュータは人間の言語を理解し有効に処理できます。,jpn,train
La recherche médicale continue d'améliorer les traitements et la qualité de vie de millions de personnes. L'informatique quantique représente un changement de paradigme dans la puissance computationnelle.,fra,train
医療研究は治療を進歩させ、何百万人もの生活の質を向上させ続けています。 素早い茶色の狐が怠け者の犬を飛び越えました。これは言語識別のための日本語テキスト例です。,jpn,test
"민주주의는 시민의 적극적 참여를 통해 효과적으로 기능하며 다양한 이익을 대표합니다. 르네상스는 유럽의 예술, 문학, 과학을 변화시킨 문화적 부흥기였습니다.",kor,train
기후 변화는 21세기 인류가 직면한 가장 시급한 과제 중 하나입니다。 우주 탐사는 우주와 그 속에서의 우리의 위치에 대한 이해를 넓혔습니다.,kor,test
"La ciencia de datos combina estadísticas, programación y experiencia del dominio para extraer insights. La investigación médica continúa avanzando en tratamientos y mejorando la calidad de vida de millones.",spa,train
Democracy requires active participation from citizens to function effectively and represent diverse interests. Renewable energy sources like solar and wind power are essential for sustainable development.,eng,train
교육은 현대 사회에서 개인의 성장과 사회 발전의 토대입니다. 양자 컴퓨팅은 계산 능력과 문제 해결 방식의 패러다임 전환을 의미합니다.,kor,test
自然言語処理により、コンピュータは人間の言語を理解し有効に処理できます。 宇宙探査は私たちの宇宙観と自分たちの位置に対する理解を広げました。,jpn,train
"문화적 다양성은 공동체를 풍요롭게 하며 서로 다른 집단 간의 이해를 촉진합니다。 데이터 과학은 통계, 프로그래밍, 도메인 지식을 결합해 통찰을 이끌어냅니다.",kor,val
Natural language processing enables computers to understand and process human language in valuable ways. Machine learning is a subset of artificial intelligence that focuses on algorithms and statistical models.,eng,train
Medical research continues to advance treatments and improve quality of life for millions. Cultural diversity enriches communities and promotes understanding between different groups.,eng,train
La investigación médica continúa avanzando en tratamientos y mejorando la calidad de vida de millones. La diversidad cultural enriquece las comunidades y promueve la comprensión entre diferentes grupos.,spa,train
Las fuentes de energía renovable como la solar y eólica son esenciales para el desarrollo sostenible. La diversidad cultural enriquece las comunidades y promueve la comprensión entre diferentes grupos.,spa,val
El cambio climático es uno de los desafíos más urgentes que enfrenta la humanidad en el siglo XXI.,spa,train
教育是現代世界個人成長和社會進步的基礎。 醫學研究不斷推進治療方法，改善數百萬人的生活品質。,zho,train
Machine learning is a subset of artificial intelligence that focuses on algorithms and statistical models.,eng,val
機械学習はアルゴリズムと統計モデルに焦点を当てる人工知能の一分野です。 素早い茶色の狐が怠け者の犬を飛び越えました。これは言語識別のための日本語テキスト例です。,jpn,test
太陽能和風能等再生能源對永續發展至關重要。 Python 是一種高級程式語言，以其簡潔性和可讀性而聞名。,zho,train
"La ciencia de datos combina estadísticas, programación y experiencia del dominio para extraer insights. El zorro marrón rápido salta sobre el perro perezoso. Este es un ejemplo de texto en español.",spa,val
Education is fundamental to personal growth and societal progress in the modern world. Climate change is one of the most pressing challenges facing humanity in the 21st century.,eng,train
El zorro marrón rápido salta sobre el perro perezoso. Este es un ejemplo de texto en español. La computación cuántica representa un cambio de paradigma en el poder computacional y las capacidades de resolución.,spa,train
L'éducation est fondamentale pour la croissance personnelle et le progrès sociétal dans le monde moderne. Le changement climatique est l'un des défis les plus pressants auxquels l'humanité est confrontée.,fra,train
素早い茶色の狐が怠け者の犬を飛び越えました。これは言語識別のための日本語テキスト例です。,jpn,test
太陽光や風力といった再生可能エネルギーは持続可能な発展に不可欠です。 気候変動は21世紀に人類が直面する最も差し迫った課題の一つです。,jpn,val
El cambio climático es uno de los desafíos más urgentes que enfrenta la humanidad en el siglo XXI. La exploración espacial ha ampliado nuestra comprensión del universo y nuestro lugar en él.,spa,train
"La démocratie nécessite une participation active des citoyens pour fonctionner efficacement. La Renaissance fut une période de renouveau culturel qui transforma l'art, la littérature et la science européennes.",fra,train
"La diversidad cultural enriquece las comunidades y promueve la comprensión entre diferentes grupos. El Renacimiento fue un período de renacimiento cultural que transformó el arte, la literatura y la ciencia europeas.",spa,train
文藝復興時期是文化復興的時期，它改變了歐洲的藝術、文學和科學。 太陽能和風能等再生能源對永續發展至關重要。,zho,train
量子計算代表了計算能力和問題解決能力的範式轉移。 互聯網徹底改變了全球的通訊、商業和資訊獲取方式。,zho,val
"Python is a high-level programming language known for its simplicity and readability. The internet has revolutionized communication, commerce, and access to information globally.",eng,train
"Democracy requires active participation from citizens to function effectively and represent diverse interests. Data science combines statistics, programming, and domain expertise to extract insights from data.",eng,train
Le renard brun rapide saute par-dessus le chien paresseux. Ceci est un exemple de texte français. La recherche médicale continue d'améliorer les traitements et la qualité de vie de millions de personnes.,fra,train
"L'éducation est fondamentale pour la croissance personnelle et le progrès sociétal dans le monde moderne. La science des données combine statistiques, programmation et expertise du domaine pour extraire des insights.",fra,train
太陽光や風力といった再生可能エネルギーは持続可能な発展に不可欠です。 教育は現代社会における個人の成長と社会の進歩の基盤です。,jpn,train
